mvnc	org/flywaydb	flyway-core	9.18.0	org.flywaydb.core.internal.configuration.TomlUtils_ESTest	org/flywaydb/core/internal/logging	org/flywaydb/core/internal/logging/EvolvingLog	<init>	(Lorg/flywaydb/core/api/logging/Log;Ljava/lang/Class;)V
mvnc	org/flywaydb	flyway-core	9.18.0	org.flywaydb.core.internal.configuration.TomlUtils_ESTest	org/flywaydb/core/internal/configuration/models	org/flywaydb/core/internal/configuration/models/ConfigurationModel	defaults	()Lorg/flywaydb/core/internal/configuration/models/ConfigurationModel;
mvnc	org/flywaydb	flyway-core	9.18.0	org.flywaydb.core.internal.configuration.TomlUtils_ESTest	org/flywaydb/core/internal/configuration/models	org/flywaydb/core/internal/configuration/models/ConfigurationModel	<init>	()V
mvnc	org/flywaydb	flyway-core	9.18.0	org.flywaydb.core.internal.configuration.TomlUtils_ESTest	org/flywaydb/core/internal/configuration/models	org/flywaydb/core/internal/configuration/models/FlywayModel	defaults	()Lorg/flywaydb/core/internal/configuration/models/FlywayModel;
mvnc	org/flywaydb	flyway-core	9.18.0	org.flywaydb.core.internal.configuration.TomlUtils_ESTest	org/flywaydb/core/internal/configuration/models	org/flywaydb/core/internal/configuration/models/FlywayModel	<init>	()V
mvnc	org/flywaydb	flyway-core	9.18.0	org.flywaydb.core.internal.configuration.TomlUtils_ESTest	org/flywaydb/core/internal/configuration/models	org/flywaydb/core/internal/configuration/models/EnvironmentModel	<init>	()V
mvnc	org/flywaydb	flyway-core	9.18.0	org.flywaydb.core.internal.configuration.TomlUtils_ESTest	org/flywaydb/core/internal/configuration	org/flywaydb/core/internal/configuration/ListDeserializer	<init>	()V
mvnc	org/flywaydb	flyway-core	9.18.0	org.flywaydb.core.internal.configuration.TomlUtils_ESTest	org/flywaydb/core/internal/configuration	org/flywaydb/core/internal/configuration/TomlUtils	<init>	()V
mvnc	org/flywaydb	flyway-core	9.18.0	org.flywaydb.core.internal.configuration.TomlUtils_ESTest	org/flywaydb/core/internal/configuration	org/flywaydb/core/internal/configuration/TomlUtils	loadConfigurationFromEnvironment	()Lorg/flywaydb/core/internal/configuration/models/ConfigurationModel;
mvnc	org/flywaydb	flyway-core	9.18.0	org.flywaydb.core.internal.configuration.TomlUtils_ESTest	org/flywaydb/core/internal/configuration	org/flywaydb/core/internal/configuration/TomlUtils	loadConfigurationFromCommandlineArgs	(Ljava/util/Map;)Lorg/flywaydb/core/internal/configuration/models/ConfigurationModel;
mvnc	org/flywaydb	flyway-core	9.18.0	org.flywaydb.core.internal.configuration.TomlUtils_ESTest	org/flywaydb/core/internal/configuration	org/flywaydb/core/internal/configuration/TomlUtils	toConfiguration	(Ljava/util/Map;)Lorg/flywaydb/core/internal/configuration/models/ConfigurationModel;
mvnc	org/flywaydb	flyway-core	9.18.0	org.flywaydb.core.internal.configuration.TomlUtils_ESTest	org/flywaydb/core/internal/configuration	org/flywaydb/core/internal/configuration/TomlUtils	unflattenMap	(Ljava/util/Map;)Ljava/util/Map;
mvnc	org/flywaydb	flyway-core	9.18.0	org.flywaydb.core.internal.configuration.TomlUtils_ESTest	org/flywaydb/core/internal/configuration	org/flywaydb/core/internal/configuration/TomlUtils	loadConfigurationFiles	(Ljava/util/List;Ljava/lang/String;)Lorg/flywaydb/core/internal/configuration/models/ConfigurationModel;
mvnc	org/flywaydb	flyway-core	9.18.0	org.flywaydb.core.internal.configuration.TomlUtils_ESTest	org/flywaydb/core/internal/configuration	org/flywaydb/core/internal/configuration/TomlUtils	loadConfigurationFile	(Ljava/io/File;Ljava/lang/String;)Lorg/flywaydb/core/internal/configuration/models/ConfigurationModel;
mvnc	org/flywaydb	flyway-core	9.18.0	org.flywaydb.core.internal.configuration.TomlUtils_ESTest	org/flywaydb/core/internal/configuration	org/flywaydb/core/internal/configuration/TomlUtils	lambda$unflattenMap$2	(Ljava/lang/String;)Ljava/lang/Object;
mvnc	org/flywaydb	flyway-core	9.18.0	org.flywaydb.core.internal.configuration.TomlUtils_ESTest	org/flywaydb/core/internal/configuration	org/flywaydb/core/internal/configuration/TomlUtils	lambda$loadConfigurationFromEnvironment$0	(Ljava/util/Map$Entry;)Z
mvnc	org/flywaydb	flyway-core	9.18.0	org.flywaydb.core.internal.configuration.TomlUtils_ESTest	org/flywaydb/core/internal/configuration	org/flywaydb/core/internal/configuration/TomlUtils	<clinit>	()V
mvnc	org/flywaydb	flyway-core	9.18.0	org.flywaydb.core.internal.configuration.TomlUtils_ESTest	org/flywaydb/core/internal/logging/buffered	org/flywaydb/core/internal/logging/buffered/BufferedLogCreator	<init>	()V
mvnc	org/flywaydb	flyway-core	9.18.0	org.flywaydb.core.internal.configuration.TomlUtils_ESTest	org/flywaydb/core/internal/logging/buffered	org/flywaydb/core/internal/logging/buffered/BufferedLogCreator	createLogger	(Ljava/lang/Class;)Lorg/flywaydb/core/api/logging/Log;
mvnc	org/flywaydb	flyway-core	9.18.0	org.flywaydb.core.internal.configuration.TomlUtils_ESTest	org/flywaydb/core/internal/logging/buffered	org/flywaydb/core/internal/logging/buffered/BufferedLogCreator	<clinit>	()V
mvnc	org/flywaydb	flyway-core	9.18.0	org.flywaydb.core.internal.configuration.TomlUtils_ESTest	org/flywaydb/core/internal/logging/buffered	org/flywaydb/core/internal/logging/buffered/BufferedLog	<init>	()V
mvnc	org/flywaydb	flyway-core	9.18.0	org.flywaydb.core.internal.configuration.TomlUtils_ESTest	org/flywaydb/core/api	org/flywaydb/core/api/FlywayException	<init>	(Ljava/lang/String;)V
mvnc	org/flywaydb	flyway-core	9.18.0	org.flywaydb.core.internal.configuration.TomlUtils_ESTest	org/flywaydb/core/api	org/flywaydb/core/api/ErrorCode	<clinit>	()V
mvnc	org/flywaydb	flyway-core	9.18.0	org.flywaydb.core.internal.configuration.TomlUtils_ESTest	org/flywaydb/core/internal/util	org/flywaydb/core/internal/util/StringUtils	hasText	(Ljava/lang/String;)Z
mvnc	org/flywaydb	flyway-core	9.18.0	org.flywaydb.core.internal.configuration.TomlUtils_ESTest	org/flywaydb/core/internal/util	org/flywaydb/core/internal/util/ObjectMapperFactory	getObjectMapper	(Ljava/lang/String;)Lcom/fasterxml/jackson/databind/ObjectMapper;
mvnc	org/flywaydb	flyway-core	9.18.0	org.flywaydb.core.internal.configuration.TomlUtils_ESTest	org/flywaydb/core/internal/util	org/flywaydb/core/internal/util/ObjectMapperFactory	getFileExtension	(Ljava/lang/String;)Ljava/lang/String;
mvnc	org/flywaydb	flyway-core	9.18.0	org.flywaydb.core.internal.configuration.TomlUtils_ESTest	org/flywaydb/core/api/logging	org/flywaydb/core/api/logging/LogFactory	getLog	(Ljava/lang/Class;)Lorg/flywaydb/core/api/logging/Log;
mvnc	org/flywaydb	flyway-core	9.18.0	org.flywaydb.core.internal.configuration.TomlUtils_ESTest	org/flywaydb/core/api/logging	org/flywaydb/core/api/logging/LogFactory	getLogCreator	(Ljava/lang/ClassLoader;Lorg/flywaydb/core/api/logging/LogCreator;)Lorg/flywaydb/core/api/logging/LogCreator;
mvnc	org/flywaydb	flyway-core	9.18.0	org.flywaydb.core.internal.configuration.TomlUtils_ESTest	org/flywaydb/core/api/logging	org/flywaydb/core/api/logging/LogFactory	<clinit>	()V
