org/apache/hc/client5/http/ssl/DefaultHostnameVerifier	matchCN	(Ljava/lang/String;Ljava/security/cert/X509Certificate;Lorg/apache/hc/client5/http/psl/PublicSuffixMatcher;)V	CONSTANT	 type: class java.lang.String; value: > doesn't contain 
org/apache/hc/client5/http/ssl/DefaultHostnameVerifier	matchCN	(Ljava/lang/String;Ljava/security/cert/X509Certificate;Lorg/apache/hc/client5/http/psl/PublicSuffixMatcher;)V	CONSTANT	 type: class java.lang.String; value: > doesn't match 
org/apache/hc/client5/http/ssl/DefaultHostnameVerifier	matchCN	(Ljava/lang/String;Ljava/security/cert/X509Certificate;Lorg/apache/hc/client5/http/psl/PublicSuffixMatcher;)V	CONSTANT	 type: class java.lang.String; value: a common name and does not have alternative names
org/apache/hc/client5/http/ssl/DefaultHostnameVerifier	matchCN	(Ljava/lang/String;Ljava/security/cert/X509Certificate;Lorg/apache/hc/client5/http/psl/PublicSuffixMatcher;)V	CONSTANT	 type: class java.lang.String; value: common name of the certificate subject: 
org/apache/hc/client5/http/ssl/DefaultHostnameVerifier	matchDNSName	(Ljava/lang/String;Ljava/util/List;Lorg/apache/hc/client5/http/psl/PublicSuffixMatcher;)V	CONSTANT	 type: class java.lang.String; value: > doesn't match any 
org/apache/hc/client5/http/ssl/DefaultHostnameVerifier	matchDNSName	(Ljava/lang/String;Ljava/util/List;Lorg/apache/hc/client5/http/psl/PublicSuffixMatcher;)V	CONSTANT	 type: class java.lang.String; value: of the subject alternative names: 
org/apache/hc/client5/http/ssl/DefaultHostnameVerifier	matchIPAddress	(Ljava/lang/String;Ljava/util/List;)V	CONSTANT	 type: class java.lang.String; value: > doesn't match any 
org/apache/hc/client5/http/ssl/DefaultHostnameVerifier	matchIPAddress	(Ljava/lang/String;Ljava/util/List;)V	CONSTANT	 type: class java.lang.String; value: of the subject alternative names: 
org/apache/hc/client5/http/ssl/DefaultHostnameVerifier	matchIPv6Address	(Ljava/lang/String;Ljava/util/List;)V	CONSTANT	 type: class java.lang.String; value: > doesn't match any 
org/apache/hc/client5/http/ssl/DefaultHostnameVerifier	matchIPv6Address	(Ljava/lang/String;Ljava/util/List;)V	CONSTANT	 type: class java.lang.String; value: of the subject alternative names: 
org/apache/hc/client5/http/ssl/TlsSessionValidator	verifySession	(Ljava/lang/String;Ljavax/net/ssl/SSLSession;Ljavax/net/ssl/HostnameVerifier;)V	CONSTANT	 type: class java.lang.String; value: > doesn't match any 
org/apache/hc/client5/http/ssl/TlsSessionValidator	verifySession	(Ljava/lang/String;Ljavax/net/ssl/SSLSession;Ljavax/net/ssl/HostnameVerifier;)V	CONSTANT	 type: class java.lang.String; value: of the subject alternative names: 
