org/apache/curator/RetryLoop	callWithRetry	(Lorg/apache/curator/CuratorZookeeperClient;Ljava/util/concurrent/Callable;)Ljava/lang/Object;	INVOKE_VIRTUAL	java/lang/Object::getClass()Ljava/lang/Class;
org/apache/curator/SessionFailRetryLoop	takeException	(Ljava/lang/Exception;)V	GET_STATIC_FIELD	org/apache/curator/SessionFailRetryLoop$2::$SwitchMap$org$apache$curator$SessionFailRetryLoop$Mode|[I
org/apache/curator/shaded/com/google/common/base/CharMatcher$1	<init>	(Lorg/apache/curator/shaded/com/google/common/base/CharMatcher;Lorg/apache/curator/shaded/com/google/common/base/CharMatcher;Ljava/lang/String;)V	GET_FIELD	org/apache/curator/shaded/com/google/common/base/CharMatcher$1::this$0|Lorg/apache/curator/shaded/com/google/common/base/CharMatcher;
org/apache/curator/shaded/com/google/common/base/Splitter$3$1	<init>	(Lorg/apache/curator/shaded/com/google/common/base/Splitter$3;Lorg/apache/curator/shaded/com/google/common/base/Splitter;Ljava/lang/CharSequence;Lorg/apache/curator/shaded/com/google/common/base/CommonMatcher;)V	GET_FIELD	org/apache/curator/shaded/com/google/common/base/Splitter$3$1::this$0|Lorg/apache/curator/shaded/com/google/common/base/Splitter$3;
org/apache/curator/shaded/com/google/common/cache/LocalCache$AccessQueue$1	<init>	(Lorg/apache/curator/shaded/com/google/common/cache/LocalCache$AccessQueue;)V	GET_FIELD	org/apache/curator/shaded/com/google/common/cache/LocalCache$AccessQueue$1::this$0|Lorg/apache/curator/shaded/com/google/common/cache/LocalCache$AccessQueue;
org/apache/curator/shaded/com/google/common/cache/LocalCache$EntryIterator	<init>	(Lorg/apache/curator/shaded/com/google/common/cache/LocalCache;)V	GET_FIELD	org/apache/curator/shaded/com/google/common/cache/LocalCache$EntryIterator::this$0|Lorg/apache/curator/shaded/com/google/common/cache/LocalCache;
org/apache/curator/shaded/com/google/common/cache/LocalCache$KeyIterator	<init>	(Lorg/apache/curator/shaded/com/google/common/cache/LocalCache;)V	GET_FIELD	org/apache/curator/shaded/com/google/common/cache/LocalCache$KeyIterator::this$0|Lorg/apache/curator/shaded/com/google/common/cache/LocalCache;
org/apache/curator/shaded/com/google/common/cache/LocalCache$LocalManualCache$1	<init>	(Lorg/apache/curator/shaded/com/google/common/cache/LocalCache$LocalManualCache;Ljava/util/concurrent/Callable;)V	GET_FIELD	org/apache/curator/shaded/com/google/common/cache/LocalCache$LocalManualCache$1::this$0|Lorg/apache/curator/shaded/com/google/common/cache/LocalCache$LocalManualCache;
org/apache/curator/shaded/com/google/common/cache/LocalCache$ValueIterator	<init>	(Lorg/apache/curator/shaded/com/google/common/cache/LocalCache;)V	GET_FIELD	org/apache/curator/shaded/com/google/common/cache/LocalCache$ValueIterator::this$0|Lorg/apache/curator/shaded/com/google/common/cache/LocalCache;
org/apache/curator/shaded/com/google/common/cache/LocalCache$WriteQueue$1	<init>	(Lorg/apache/curator/shaded/com/google/common/cache/LocalCache$WriteQueue;)V	GET_FIELD	org/apache/curator/shaded/com/google/common/cache/LocalCache$WriteQueue$1::this$0|Lorg/apache/curator/shaded/com/google/common/cache/LocalCache$WriteQueue;
org/apache/curator/shaded/com/google/common/cache/RemovalListeners	lambda$null$0	(Lorg/apache/curator/shaded/com/google/common/cache/RemovalListener;Lorg/apache/curator/shaded/com/google/common/cache/RemovalNotification;)V	INVOKE_STATIC	org/apache/curator/shaded/com/google/common/cache/RemovalListener::onRemoval(Lorg/apache/curator/shaded/com/google/common/cache/RemovalNotification;)V
org/apache/curator/shaded/com/google/common/collect/AbstractMapBasedMultimap	access$200	(Lorg/apache/curator/shaded/com/google/common/collect/AbstractMapBasedMultimap;)I	GET_FIELD	org/apache/curator/shaded/com/google/common/collect/AbstractMapBasedMultimap::totalSize|I
org/apache/curator/shaded/com/google/common/collect/AbstractMapBasedMultimap	access$202	(Lorg/apache/curator/shaded/com/google/common/collect/AbstractMapBasedMultimap;I)I	GET_FIELD	org/apache/curator/shaded/com/google/common/collect/AbstractMapBasedMultimap::totalSize|I
org/apache/curator/shaded/com/google/common/collect/AbstractMapBasedMultimap	lambda$null$0	(Ljava/lang/Object;Ljava/lang/Object;)Ljava/util/Map$Entry;	INVOKE_STATIC	org/apache/curator/shaded/com/google/common/collect/Maps::immutableEntry(Ljava/lang/Object;Ljava/lang/Object;)Ljava/util/Map$Entry;
org/apache/curator/shaded/com/google/common/collect/AbstractMapBasedMultimap	lambda$null$2	(Ljava/util/function/BiConsumer;Ljava/lang/Object;Ljava/lang/Object;)V	INVOKE_STATIC	java/util/function/BiConsumer::accept(Ljava/lang/Object;Ljava/lang/Object;)V
org/apache/curator/shaded/com/google/common/collect/AbstractMapBasedMultimap$1	<init>	(Lorg/apache/curator/shaded/com/google/common/collect/AbstractMapBasedMultimap;)V	GET_FIELD	org/apache/curator/shaded/com/google/common/collect/AbstractMapBasedMultimap$1::this$0|Lorg/apache/curator/shaded/com/google/common/collect/AbstractMapBasedMultimap;
org/apache/curator/shaded/com/google/common/collect/AbstractMapBasedMultimap$2	<init>	(Lorg/apache/curator/shaded/com/google/common/collect/AbstractMapBasedMultimap;)V	GET_FIELD	org/apache/curator/shaded/com/google/common/collect/AbstractMapBasedMultimap$2::this$0|Lorg/apache/curator/shaded/com/google/common/collect/AbstractMapBasedMultimap;
org/apache/curator/shaded/com/google/common/collect/AbstractMapBasedMultimap$AsMap	remove	(Ljava/lang/Object;)Ljava/util/Collection;	INVOKE_STATIC	org/apache/curator/shaded/com/google/common/collect/AbstractMapBasedMultimap::access$200(Lorg/apache/curator/shaded/com/google/common/collect/AbstractMapBasedMultimap;)I
org/apache/curator/shaded/com/google/common/collect/AbstractMapBasedMultimap$AsMap	remove	(Ljava/lang/Object;)Ljava/util/Collection;	INVOKE_STATIC	org/apache/curator/shaded/com/google/common/collect/AbstractMapBasedMultimap::access$202(Lorg/apache/curator/shaded/com/google/common/collect/AbstractMapBasedMultimap;I)I
org/apache/curator/shaded/com/google/common/collect/AbstractMapBasedMultimap$AsMap$AsMapIterator	remove	()V	INVOKE_STATIC	org/apache/curator/shaded/com/google/common/collect/AbstractMapBasedMultimap::access$200(Lorg/apache/curator/shaded/com/google/common/collect/AbstractMapBasedMultimap;)I
org/apache/curator/shaded/com/google/common/collect/AbstractMapBasedMultimap$AsMap$AsMapIterator	remove	()V	INVOKE_STATIC	org/apache/curator/shaded/com/google/common/collect/AbstractMapBasedMultimap::access$202(Lorg/apache/curator/shaded/com/google/common/collect/AbstractMapBasedMultimap;I)I
org/apache/curator/shaded/com/google/common/collect/AbstractMapBasedMultimap$KeySet	remove	(Ljava/lang/Object;)Z	INVOKE_STATIC	org/apache/curator/shaded/com/google/common/collect/AbstractMapBasedMultimap::access$200(Lorg/apache/curator/shaded/com/google/common/collect/AbstractMapBasedMultimap;)I
org/apache/curator/shaded/com/google/common/collect/AbstractMapBasedMultimap$KeySet	remove	(Ljava/lang/Object;)Z	INVOKE_STATIC	org/apache/curator/shaded/com/google/common/collect/AbstractMapBasedMultimap::access$202(Lorg/apache/curator/shaded/com/google/common/collect/AbstractMapBasedMultimap;I)I
org/apache/curator/shaded/com/google/common/collect/AbstractMapBasedMultimap$KeySet$1	remove	()V	INVOKE_STATIC	org/apache/curator/shaded/com/google/common/collect/AbstractMapBasedMultimap::access$200(Lorg/apache/curator/shaded/com/google/common/collect/AbstractMapBasedMultimap;)I
org/apache/curator/shaded/com/google/common/collect/AbstractMapBasedMultimap$KeySet$1	remove	()V	INVOKE_STATIC	org/apache/curator/shaded/com/google/common/collect/AbstractMapBasedMultimap::access$202(Lorg/apache/curator/shaded/com/google/common/collect/AbstractMapBasedMultimap;I)I
org/apache/curator/shaded/com/google/common/collect/AbstractMapBasedMultimap$RandomAccessWrappedList	<init>	(Lorg/apache/curator/shaded/com/google/common/collect/AbstractMapBasedMultimap;Ljava/lang/Object;Ljava/util/List;Lorg/apache/curator/shaded/com/google/common/collect/AbstractMapBasedMultimap$WrappedCollection;)V	GET_FIELD	org/apache/curator/shaded/com/google/common/collect/AbstractMapBasedMultimap$RandomAccessWrappedList::this$0|Lorg/apache/curator/shaded/com/google/common/collect/AbstractMapBasedMultimap;
org/apache/curator/shaded/com/google/common/collect/AbstractMapBasedMultimap$WrappedCollection	addAll	(Ljava/util/Collection;)Z	INVOKE_STATIC	org/apache/curator/shaded/com/google/common/collect/AbstractMapBasedMultimap::access$200(Lorg/apache/curator/shaded/com/google/common/collect/AbstractMapBasedMultimap;)I
org/apache/curator/shaded/com/google/common/collect/AbstractMapBasedMultimap$WrappedCollection	addAll	(Ljava/util/Collection;)Z	INVOKE_STATIC	org/apache/curator/shaded/com/google/common/collect/AbstractMapBasedMultimap::access$202(Lorg/apache/curator/shaded/com/google/common/collect/AbstractMapBasedMultimap;I)I
org/apache/curator/shaded/com/google/common/collect/AbstractMapBasedMultimap$WrappedCollection	clear	()V	INVOKE_STATIC	org/apache/curator/shaded/com/google/common/collect/AbstractMapBasedMultimap::access$200(Lorg/apache/curator/shaded/com/google/common/collect/AbstractMapBasedMultimap;)I
org/apache/curator/shaded/com/google/common/collect/AbstractMapBasedMultimap$WrappedCollection	clear	()V	INVOKE_STATIC	org/apache/curator/shaded/com/google/common/collect/AbstractMapBasedMultimap::access$202(Lorg/apache/curator/shaded/com/google/common/collect/AbstractMapBasedMultimap;I)I
org/apache/curator/shaded/com/google/common/collect/AbstractMapBasedMultimap$WrappedCollection	removeAll	(Ljava/util/Collection;)Z	INVOKE_STATIC	org/apache/curator/shaded/com/google/common/collect/AbstractMapBasedMultimap::access$200(Lorg/apache/curator/shaded/com/google/common/collect/AbstractMapBasedMultimap;)I
org/apache/curator/shaded/com/google/common/collect/AbstractMapBasedMultimap$WrappedCollection	removeAll	(Ljava/util/Collection;)Z	INVOKE_STATIC	org/apache/curator/shaded/com/google/common/collect/AbstractMapBasedMultimap::access$202(Lorg/apache/curator/shaded/com/google/common/collect/AbstractMapBasedMultimap;I)I
org/apache/curator/shaded/com/google/common/collect/AbstractMapBasedMultimap$WrappedCollection	retainAll	(Ljava/util/Collection;)Z	INVOKE_STATIC	org/apache/curator/shaded/com/google/common/collect/AbstractMapBasedMultimap::access$200(Lorg/apache/curator/shaded/com/google/common/collect/AbstractMapBasedMultimap;)I
org/apache/curator/shaded/com/google/common/collect/AbstractMapBasedMultimap$WrappedCollection	retainAll	(Ljava/util/Collection;)Z	INVOKE_STATIC	org/apache/curator/shaded/com/google/common/collect/AbstractMapBasedMultimap::access$202(Lorg/apache/curator/shaded/com/google/common/collect/AbstractMapBasedMultimap;I)I
org/apache/curator/shaded/com/google/common/collect/AbstractMapBasedMultimap$WrappedList	addAll	(ILjava/util/Collection;)Z	INVOKE_STATIC	org/apache/curator/shaded/com/google/common/collect/AbstractMapBasedMultimap::access$200(Lorg/apache/curator/shaded/com/google/common/collect/AbstractMapBasedMultimap;)I
org/apache/curator/shaded/com/google/common/collect/AbstractMapBasedMultimap$WrappedList	addAll	(ILjava/util/Collection;)Z	INVOKE_STATIC	org/apache/curator/shaded/com/google/common/collect/AbstractMapBasedMultimap::access$202(Lorg/apache/curator/shaded/com/google/common/collect/AbstractMapBasedMultimap;I)I
org/apache/curator/shaded/com/google/common/collect/AbstractMapBasedMultimap$WrappedSet	removeAll	(Ljava/util/Collection;)Z	INVOKE_STATIC	org/apache/curator/shaded/com/google/common/collect/AbstractMapBasedMultimap::access$200(Lorg/apache/curator/shaded/com/google/common/collect/AbstractMapBasedMultimap;)I
org/apache/curator/shaded/com/google/common/collect/AbstractMapBasedMultimap$WrappedSet	removeAll	(Ljava/util/Collection;)Z	INVOKE_STATIC	org/apache/curator/shaded/com/google/common/collect/AbstractMapBasedMultimap::access$202(Lorg/apache/curator/shaded/com/google/common/collect/AbstractMapBasedMultimap;I)I
org/apache/curator/shaded/com/google/common/collect/AbstractMapBasedMultiset	access$000	(Lorg/apache/curator/shaded/com/google/common/collect/AbstractMapBasedMultiset;)J	GET_FIELD	org/apache/curator/shaded/com/google/common/collect/AbstractMapBasedMultiset::size|J
org/apache/curator/shaded/com/google/common/collect/AbstractMapBasedMultiset	access$002	(Lorg/apache/curator/shaded/com/google/common/collect/AbstractMapBasedMultiset;J)J	GET_FIELD	org/apache/curator/shaded/com/google/common/collect/AbstractMapBasedMultiset::size|J
org/apache/curator/shaded/com/google/common/collect/AbstractMapBasedMultiset$1	remove	()V	INVOKE_STATIC	org/apache/curator/shaded/com/google/common/collect/AbstractMapBasedMultiset::access$000(Lorg/apache/curator/shaded/com/google/common/collect/AbstractMapBasedMultiset;)J
org/apache/curator/shaded/com/google/common/collect/AbstractMapBasedMultiset$1	remove	()V	INVOKE_STATIC	org/apache/curator/shaded/com/google/common/collect/AbstractMapBasedMultiset::access$002(Lorg/apache/curator/shaded/com/google/common/collect/AbstractMapBasedMultiset;J)J
org/apache/curator/shaded/com/google/common/collect/AbstractMapBasedMultiset$2	remove	()V	INVOKE_STATIC	org/apache/curator/shaded/com/google/common/collect/AbstractMapBasedMultiset::access$000(Lorg/apache/curator/shaded/com/google/common/collect/AbstractMapBasedMultiset;)J
org/apache/curator/shaded/com/google/common/collect/AbstractMapBasedMultiset$2	remove	()V	INVOKE_STATIC	org/apache/curator/shaded/com/google/common/collect/AbstractMapBasedMultiset::access$002(Lorg/apache/curator/shaded/com/google/common/collect/AbstractMapBasedMultiset;J)J
org/apache/curator/shaded/com/google/common/collect/AbstractMultimap$EntrySet	<init>	(Lorg/apache/curator/shaded/com/google/common/collect/AbstractMultimap;)V	GET_FIELD	org/apache/curator/shaded/com/google/common/collect/AbstractMultimap$EntrySet::this$0|Lorg/apache/curator/shaded/com/google/common/collect/AbstractMultimap;
org/apache/curator/shaded/com/google/common/collect/AbstractTable$1	<init>	(Lorg/apache/curator/shaded/com/google/common/collect/AbstractTable;Ljava/util/Iterator;)V	GET_FIELD	org/apache/curator/shaded/com/google/common/collect/AbstractTable$1::this$0|Lorg/apache/curator/shaded/com/google/common/collect/AbstractTable;
org/apache/curator/shaded/com/google/common/collect/CollectCollectors	flatteningToImmutableListMultimap	(Ljava/util/function/Function;Ljava/util/function/Function;)Ljava/util/stream/Collector;	INVOKE_VIRTUAL	java/lang/Object::getClass()Ljava/lang/Class;
org/apache/curator/shaded/com/google/common/collect/CollectCollectors	flatteningToImmutableSetMultimap	(Ljava/util/function/Function;Ljava/util/function/Function;)Ljava/util/stream/Collector;	INVOKE_VIRTUAL	java/lang/Object::getClass()Ljava/lang/Class;
org/apache/curator/shaded/com/google/common/collect/CollectCollectors	lambda$flatteningToMultimap$26	(Ljava/util/function/Function;Ljava/util/function/Function;Lorg/apache/curator/shaded/com/google/common/collect/Multimap;Ljava/lang/Object;)V	INVOKE_VIRTUAL	java/lang/Object::getClass()Ljava/lang/Class;
org/apache/curator/shaded/com/google/common/collect/CollectCollectors	lambda$null$12	(Ljava/lang/Object;Ljava/lang/Object;)Ljava/lang/Object;	CONSTANT	 type: class java.lang.String; value: , 
org/apache/curator/shaded/com/google/common/collect/CollectCollectors	lambda$null$12	(Ljava/lang/Object;Ljava/lang/Object;)Ljava/lang/Object;	CONSTANT	 type: class java.lang.String; value: Multiple values for key: 
org/apache/curator/shaded/com/google/common/collect/CollectCollectors	lambda$null$12	(Ljava/lang/Object;Ljava/lang/Object;)Ljava/lang/Object;	INVOKE_SPECIAL	java/lang/IllegalArgumentException::<init>(Ljava/lang/String;)V
org/apache/curator/shaded/com/google/common/collect/CollectCollectors	lambda$null$12	(Ljava/lang/Object;Ljava/lang/Object;)Ljava/lang/Object;	INVOKE_SPECIAL	java/lang/StringBuilder::<init>()V
org/apache/curator/shaded/com/google/common/collect/CollectCollectors	lambda$null$12	(Ljava/lang/Object;Ljava/lang/Object;)Ljava/lang/Object;	INVOKE_VIRTUAL	java/lang/StringBuilder::append(Ljava/lang/Object;)Ljava/lang/StringBuilder;
org/apache/curator/shaded/com/google/common/collect/CollectCollectors	lambda$null$12	(Ljava/lang/Object;Ljava/lang/Object;)Ljava/lang/Object;	INVOKE_VIRTUAL	java/lang/StringBuilder::append(Ljava/lang/String;)Ljava/lang/StringBuilder;
org/apache/curator/shaded/com/google/common/collect/CollectCollectors	lambda$null$12	(Ljava/lang/Object;Ljava/lang/Object;)Ljava/lang/Object;	INVOKE_VIRTUAL	java/lang/StringBuilder::toString()Ljava/lang/String;
org/apache/curator/shaded/com/google/common/collect/Collections2$FilteredCollection	removeAll	(Ljava/util/Collection;)Z	INVOKE_VIRTUAL	java/lang/Object::getClass()Ljava/lang/Class;
org/apache/curator/shaded/com/google/common/collect/CompactLinkedHashMap$1EntrySetImpl	<init>	(Lorg/apache/curator/shaded/com/google/common/collect/CompactLinkedHashMap;)V	GET_FIELD	org/apache/curator/shaded/com/google/common/collect/CompactLinkedHashMap$1EntrySetImpl::this$0|Lorg/apache/curator/shaded/com/google/common/collect/CompactLinkedHashMap;
org/apache/curator/shaded/com/google/common/collect/CompactLinkedHashMap$1KeySetImpl	<init>	(Lorg/apache/curator/shaded/com/google/common/collect/CompactLinkedHashMap;)V	GET_FIELD	org/apache/curator/shaded/com/google/common/collect/CompactLinkedHashMap$1KeySetImpl::this$0|Lorg/apache/curator/shaded/com/google/common/collect/CompactLinkedHashMap;
org/apache/curator/shaded/com/google/common/collect/CompactLinkedHashMap$1ValuesImpl	<init>	(Lorg/apache/curator/shaded/com/google/common/collect/CompactLinkedHashMap;)V	GET_FIELD	org/apache/curator/shaded/com/google/common/collect/CompactLinkedHashMap$1ValuesImpl::this$0|Lorg/apache/curator/shaded/com/google/common/collect/CompactLinkedHashMap;
org/apache/curator/shaded/com/google/common/collect/ConcurrentHashMultiset$1	<init>	(Lorg/apache/curator/shaded/com/google/common/collect/ConcurrentHashMultiset;Ljava/util/Set;)V	GET_FIELD	org/apache/curator/shaded/com/google/common/collect/ConcurrentHashMultiset$1::this$0|Lorg/apache/curator/shaded/com/google/common/collect/ConcurrentHashMultiset;
org/apache/curator/shaded/com/google/common/collect/EnumMultiset	access$300	(Lorg/apache/curator/shaded/com/google/common/collect/EnumMultiset;)J	GET_FIELD	org/apache/curator/shaded/com/google/common/collect/EnumMultiset::size|J
org/apache/curator/shaded/com/google/common/collect/EnumMultiset	access$302	(Lorg/apache/curator/shaded/com/google/common/collect/EnumMultiset;J)J	GET_FIELD	org/apache/curator/shaded/com/google/common/collect/EnumMultiset::size|J
org/apache/curator/shaded/com/google/common/collect/EnumMultiset$Itr	remove	()V	INVOKE_STATIC	org/apache/curator/shaded/com/google/common/collect/EnumMultiset::access$300(Lorg/apache/curator/shaded/com/google/common/collect/EnumMultiset;)J
org/apache/curator/shaded/com/google/common/collect/EnumMultiset$Itr	remove	()V	INVOKE_STATIC	org/apache/curator/shaded/com/google/common/collect/EnumMultiset::access$302(Lorg/apache/curator/shaded/com/google/common/collect/EnumMultiset;J)J
org/apache/curator/shaded/com/google/common/collect/FilteredKeySetMultimap$EntrySet	<init>	(Lorg/apache/curator/shaded/com/google/common/collect/FilteredKeySetMultimap;)V	GET_FIELD	org/apache/curator/shaded/com/google/common/collect/FilteredKeySetMultimap$EntrySet::this$0|Lorg/apache/curator/shaded/com/google/common/collect/FilteredKeySetMultimap;
org/apache/curator/shaded/com/google/common/collect/ForwardingMap$StandardKeySet	<init>	(Lorg/apache/curator/shaded/com/google/common/collect/ForwardingMap;)V	GET_FIELD	org/apache/curator/shaded/com/google/common/collect/ForwardingMap$StandardKeySet::this$0|Lorg/apache/curator/shaded/com/google/common/collect/ForwardingMap;
org/apache/curator/shaded/com/google/common/collect/ForwardingMap$StandardValues	<init>	(Lorg/apache/curator/shaded/com/google/common/collect/ForwardingMap;)V	GET_FIELD	org/apache/curator/shaded/com/google/common/collect/ForwardingMap$StandardValues::this$0|Lorg/apache/curator/shaded/com/google/common/collect/ForwardingMap;
org/apache/curator/shaded/com/google/common/collect/ForwardingNavigableMap$StandardNavigableKeySet	<init>	(Lorg/apache/curator/shaded/com/google/common/collect/ForwardingNavigableMap;)V	GET_FIELD	org/apache/curator/shaded/com/google/common/collect/ForwardingNavigableMap$StandardNavigableKeySet::this$0|Lorg/apache/curator/shaded/com/google/common/collect/ForwardingNavigableMap;
org/apache/curator/shaded/com/google/common/collect/ForwardingNavigableSet$StandardDescendingSet	<init>	(Lorg/apache/curator/shaded/com/google/common/collect/ForwardingNavigableSet;)V	GET_FIELD	org/apache/curator/shaded/com/google/common/collect/ForwardingNavigableSet$StandardDescendingSet::this$0|Lorg/apache/curator/shaded/com/google/common/collect/ForwardingNavigableSet;
org/apache/curator/shaded/com/google/common/collect/ForwardingSortedMap$StandardKeySet	<init>	(Lorg/apache/curator/shaded/com/google/common/collect/ForwardingSortedMap;)V	GET_FIELD	org/apache/curator/shaded/com/google/common/collect/ForwardingSortedMap$StandardKeySet::this$0|Lorg/apache/curator/shaded/com/google/common/collect/ForwardingSortedMap;
org/apache/curator/shaded/com/google/common/collect/ForwardingSortedMultiset$StandardElementSet	<init>	(Lorg/apache/curator/shaded/com/google/common/collect/ForwardingSortedMultiset;)V	GET_FIELD	org/apache/curator/shaded/com/google/common/collect/ForwardingSortedMultiset$StandardElementSet::this$0|Lorg/apache/curator/shaded/com/google/common/collect/ForwardingSortedMultiset;
org/apache/curator/shaded/com/google/common/collect/HashBiMap$Inverse$InverseKeySet$1	<init>	(Lorg/apache/curator/shaded/com/google/common/collect/HashBiMap$Inverse$InverseKeySet;)V	GET_FIELD	org/apache/curator/shaded/com/google/common/collect/HashBiMap$Inverse$InverseKeySet$1::this$2|Lorg/apache/curator/shaded/com/google/common/collect/HashBiMap$Inverse$InverseKeySet;
org/apache/curator/shaded/com/google/common/collect/HashBiMap$KeySet$1	<init>	(Lorg/apache/curator/shaded/com/google/common/collect/HashBiMap$KeySet;)V	GET_FIELD	org/apache/curator/shaded/com/google/common/collect/HashBiMap$KeySet$1::this$1|Lorg/apache/curator/shaded/com/google/common/collect/HashBiMap$KeySet;
org/apache/curator/shaded/com/google/common/collect/ImmutableMap$1	<init>	(Lorg/apache/curator/shaded/com/google/common/collect/ImmutableMap;Lorg/apache/curator/shaded/com/google/common/collect/UnmodifiableIterator;)V	GET_FIELD	org/apache/curator/shaded/com/google/common/collect/ImmutableMap$1::this$0|Lorg/apache/curator/shaded/com/google/common/collect/ImmutableMap;
org/apache/curator/shaded/com/google/common/collect/ImmutableMap$MapViewOfValuesAsSingletonSets$1	<init>	(Lorg/apache/curator/shaded/com/google/common/collect/ImmutableMap$MapViewOfValuesAsSingletonSets;Ljava/util/Iterator;)V	GET_FIELD	org/apache/curator/shaded/com/google/common/collect/ImmutableMap$MapViewOfValuesAsSingletonSets$1::this$1|Lorg/apache/curator/shaded/com/google/common/collect/ImmutableMap$MapViewOfValuesAsSingletonSets;
org/apache/curator/shaded/com/google/common/collect/ImmutableMap$MapViewOfValuesAsSingletonSets$1$1	<init>	(Lorg/apache/curator/shaded/com/google/common/collect/ImmutableMap$MapViewOfValuesAsSingletonSets$1;Ljava/util/Map$Entry;)V	GET_FIELD	org/apache/curator/shaded/com/google/common/collect/ImmutableMap$MapViewOfValuesAsSingletonSets$1$1::this$2|Lorg/apache/curator/shaded/com/google/common/collect/ImmutableMap$MapViewOfValuesAsSingletonSets$1;
org/apache/curator/shaded/com/google/common/collect/ImmutableMultimap	lambda$null$0	(Ljava/lang/Object;Ljava/lang/Object;)Ljava/util/Map$Entry;	INVOKE_STATIC	org/apache/curator/shaded/com/google/common/collect/Maps::immutableEntry(Ljava/lang/Object;Ljava/lang/Object;)Ljava/util/Map$Entry;
org/apache/curator/shaded/com/google/common/collect/ImmutableMultimap	lambda$null$2	(Ljava/util/function/BiConsumer;Ljava/lang/Object;Ljava/lang/Object;)V	INVOKE_STATIC	java/util/function/BiConsumer::accept(Ljava/lang/Object;Ljava/lang/Object;)V
org/apache/curator/shaded/com/google/common/collect/ImmutableMultiset$1	<init>	(Lorg/apache/curator/shaded/com/google/common/collect/ImmutableMultiset;Ljava/util/Iterator;)V	GET_FIELD	org/apache/curator/shaded/com/google/common/collect/ImmutableMultiset$1::this$0|Lorg/apache/curator/shaded/com/google/common/collect/ImmutableMultiset;
org/apache/curator/shaded/com/google/common/collect/ImmutableRangeMap$2	<init>	(Lorg/apache/curator/shaded/com/google/common/collect/ImmutableRangeMap;Lorg/apache/curator/shaded/com/google/common/collect/ImmutableList;Lorg/apache/curator/shaded/com/google/common/collect/ImmutableList;Lorg/apache/curator/shaded/com/google/common/collect/Range;Lorg/apache/curator/shaded/com/google/common/collect/ImmutableRangeMap;)V	GET_FIELD	org/apache/curator/shaded/com/google/common/collect/ImmutableRangeMap$2::this$0|Lorg/apache/curator/shaded/com/google/common/collect/ImmutableRangeMap;
org/apache/curator/shaded/com/google/common/collect/ImmutableSortedAsList	spliterator	()Ljava/util/Spliterator;	INVOKE_VIRTUAL	java/lang/Object::getClass()Ljava/lang/Class;
org/apache/curator/shaded/com/google/common/collect/Iterables$6$1	<init>	(Lorg/apache/curator/shaded/com/google/common/collect/Iterables$6;Ljava/util/Iterator;)V	GET_FIELD	org/apache/curator/shaded/com/google/common/collect/Iterables$6$1::this$0|Lorg/apache/curator/shaded/com/google/common/collect/Iterables$6;
org/apache/curator/shaded/com/google/common/collect/LinkedListMultimap$1ValuesImpl$1	<init>	(Lorg/apache/curator/shaded/com/google/common/collect/LinkedListMultimap$1ValuesImpl;Ljava/util/ListIterator;Lorg/apache/curator/shaded/com/google/common/collect/LinkedListMultimap$NodeIterator;)V	GET_FIELD	org/apache/curator/shaded/com/google/common/collect/LinkedListMultimap$1ValuesImpl$1::this$1|Lorg/apache/curator/shaded/com/google/common/collect/LinkedListMultimap$1ValuesImpl;
org/apache/curator/shaded/com/google/common/collect/MapMakerInternalMap$EntryIterator	<init>	(Lorg/apache/curator/shaded/com/google/common/collect/MapMakerInternalMap;)V	GET_FIELD	org/apache/curator/shaded/com/google/common/collect/MapMakerInternalMap$EntryIterator::this$0|Lorg/apache/curator/shaded/com/google/common/collect/MapMakerInternalMap;
org/apache/curator/shaded/com/google/common/collect/MapMakerInternalMap$KeyIterator	<init>	(Lorg/apache/curator/shaded/com/google/common/collect/MapMakerInternalMap;)V	GET_FIELD	org/apache/curator/shaded/com/google/common/collect/MapMakerInternalMap$KeyIterator::this$0|Lorg/apache/curator/shaded/com/google/common/collect/MapMakerInternalMap;
org/apache/curator/shaded/com/google/common/collect/MapMakerInternalMap$ValueIterator	<init>	(Lorg/apache/curator/shaded/com/google/common/collect/MapMakerInternalMap;)V	GET_FIELD	org/apache/curator/shaded/com/google/common/collect/MapMakerInternalMap$ValueIterator::this$0|Lorg/apache/curator/shaded/com/google/common/collect/MapMakerInternalMap;
org/apache/curator/shaded/com/google/common/collect/Multimaps$Keys$1	<init>	(Lorg/apache/curator/shaded/com/google/common/collect/Multimaps$Keys;Ljava/util/Iterator;)V	GET_FIELD	org/apache/curator/shaded/com/google/common/collect/Multimaps$Keys$1::this$0|Lorg/apache/curator/shaded/com/google/common/collect/Multimaps$Keys;
org/apache/curator/shaded/com/google/common/collect/Multimaps$Keys$1$1	<init>	(Lorg/apache/curator/shaded/com/google/common/collect/Multimaps$Keys$1;Ljava/util/Map$Entry;)V	GET_FIELD	org/apache/curator/shaded/com/google/common/collect/Multimaps$Keys$1$1::this$1|Lorg/apache/curator/shaded/com/google/common/collect/Multimaps$Keys$1;
org/apache/curator/shaded/com/google/common/collect/Multisets	addAllImpl	(Lorg/apache/curator/shaded/com/google/common/collect/Multiset;Lorg/apache/curator/shaded/com/google/common/collect/Multiset;)Z	INVOKE_VIRTUAL	java/lang/Object::getClass()Ljava/lang/Class;
org/apache/curator/shaded/com/google/common/collect/MutableClassToInstanceMap$2$1	<init>	(Lorg/apache/curator/shaded/com/google/common/collect/MutableClassToInstanceMap$2;Ljava/util/Iterator;)V	GET_FIELD	org/apache/curator/shaded/com/google/common/collect/MutableClassToInstanceMap$2$1::this$1|Lorg/apache/curator/shaded/com/google/common/collect/MutableClassToInstanceMap$2;
org/apache/curator/shaded/com/google/common/collect/Sets$2	parallelStream	()Ljava/util/stream/Stream;	INVOKE_VIRTUAL	java/lang/Object::getClass()Ljava/lang/Class;
org/apache/curator/shaded/com/google/common/collect/Sets$2	stream	()Ljava/util/stream/Stream;	INVOKE_VIRTUAL	java/lang/Object::getClass()Ljava/lang/Class;
org/apache/curator/shaded/com/google/common/collect/StandardTable	lambda$null$0	(Ljava/util/Map$Entry;Ljava/util/Map$Entry;)Lorg/apache/curator/shaded/com/google/common/collect/Table$Cell;	INVOKE_STATIC	java/util/Map$Entry::getKey()Ljava/lang/Object;
org/apache/curator/shaded/com/google/common/collect/StandardTable	lambda$null$0	(Ljava/util/Map$Entry;Ljava/util/Map$Entry;)Lorg/apache/curator/shaded/com/google/common/collect/Table$Cell;	INVOKE_STATIC	java/util/Map$Entry::getValue()Ljava/lang/Object;
org/apache/curator/shaded/com/google/common/collect/StandardTable	lambda$null$0	(Ljava/util/Map$Entry;Ljava/util/Map$Entry;)Lorg/apache/curator/shaded/com/google/common/collect/Table$Cell;	INVOKE_STATIC	org/apache/curator/shaded/com/google/common/collect/Tables::immutableCell(Ljava/lang/Object;Ljava/lang/Object;Ljava/lang/Object;)Lorg/apache/curator/shaded/com/google/common/collect/Table$Cell;
org/apache/curator/shaded/com/google/common/collect/StandardTable$Row$2	<init>	(Lorg/apache/curator/shaded/com/google/common/collect/StandardTable$Row;Ljava/util/Map$Entry;)V	GET_FIELD	org/apache/curator/shaded/com/google/common/collect/StandardTable$Row$2::this$1|Lorg/apache/curator/shaded/com/google/common/collect/StandardTable$Row;
org/apache/curator/shaded/com/google/common/collect/Streams	findLast	(Ljava/util/stream/Stream;)Ljava/util/Optional;	INVOKE_VIRTUAL	java/lang/Object::getClass()Ljava/lang/Class;
org/apache/curator/shaded/com/google/common/collect/Streams	mapWithIndex	(Ljava/util/stream/DoubleStream;Lorg/apache/curator/shaded/com/google/common/collect/Streams$DoubleFunctionWithIndex;)Ljava/util/stream/Stream;	INVOKE_VIRTUAL	java/lang/Object::getClass()Ljava/lang/Class;
org/apache/curator/shaded/com/google/common/collect/Streams	mapWithIndex	(Ljava/util/stream/IntStream;Lorg/apache/curator/shaded/com/google/common/collect/Streams$IntFunctionWithIndex;)Ljava/util/stream/Stream;	INVOKE_VIRTUAL	java/lang/Object::getClass()Ljava/lang/Class;
org/apache/curator/shaded/com/google/common/collect/Streams	mapWithIndex	(Ljava/util/stream/LongStream;Lorg/apache/curator/shaded/com/google/common/collect/Streams$LongFunctionWithIndex;)Ljava/util/stream/Stream;	INVOKE_VIRTUAL	java/lang/Object::getClass()Ljava/lang/Class;
org/apache/curator/shaded/com/google/common/collect/Streams	mapWithIndex	(Ljava/util/stream/Stream;Lorg/apache/curator/shaded/com/google/common/collect/Streams$FunctionWithIndex;)Ljava/util/stream/Stream;	INVOKE_VIRTUAL	java/lang/Object::getClass()Ljava/lang/Class;
org/apache/curator/shaded/com/google/common/collect/Streams	zip	(Ljava/util/stream/Stream;Ljava/util/stream/Stream;Ljava/util/function/BiFunction;)Ljava/util/stream/Stream;	INVOKE_VIRTUAL	java/lang/Object::getClass()Ljava/lang/Class;
org/apache/curator/shaded/com/google/common/collect/TreeBasedTable$1	<init>	(Lorg/apache/curator/shaded/com/google/common/collect/TreeBasedTable;Ljava/util/Iterator;Ljava/util/Comparator;)V	GET_FIELD	org/apache/curator/shaded/com/google/common/collect/TreeBasedTable$1::this$0|Lorg/apache/curator/shaded/com/google/common/collect/TreeBasedTable;
org/apache/curator/shaded/com/google/common/collect/TreeRangeSet$AsRanges	<init>	(Lorg/apache/curator/shaded/com/google/common/collect/TreeRangeSet;Ljava/util/Collection;)V	GET_FIELD	org/apache/curator/shaded/com/google/common/collect/TreeRangeSet$AsRanges::this$0|Lorg/apache/curator/shaded/com/google/common/collect/TreeRangeSet;
org/apache/curator/shaded/com/google/common/eventbus/Dispatcher$PerThreadQueuedDispatcher$1	<init>	(Lorg/apache/curator/shaded/com/google/common/eventbus/Dispatcher$PerThreadQueuedDispatcher;)V	GET_FIELD	org/apache/curator/shaded/com/google/common/eventbus/Dispatcher$PerThreadQueuedDispatcher$1::this$0|Lorg/apache/curator/shaded/com/google/common/eventbus/Dispatcher$PerThreadQueuedDispatcher;
org/apache/curator/shaded/com/google/common/eventbus/Dispatcher$PerThreadQueuedDispatcher$2	<init>	(Lorg/apache/curator/shaded/com/google/common/eventbus/Dispatcher$PerThreadQueuedDispatcher;)V	GET_FIELD	org/apache/curator/shaded/com/google/common/eventbus/Dispatcher$PerThreadQueuedDispatcher$2::this$0|Lorg/apache/curator/shaded/com/google/common/eventbus/Dispatcher$PerThreadQueuedDispatcher;
org/apache/curator/shaded/com/google/common/graph/AbstractBaseGraph$2	<init>	(Lorg/apache/curator/shaded/com/google/common/graph/AbstractBaseGraph;Lorg/apache/curator/shaded/com/google/common/graph/BaseGraph;Ljava/lang/Object;)V	GET_FIELD	org/apache/curator/shaded/com/google/common/graph/AbstractBaseGraph$2::this$0|Lorg/apache/curator/shaded/com/google/common/graph/AbstractBaseGraph;
org/apache/curator/shaded/com/google/common/graph/AbstractNetwork	edgeIncidentNodesMap	(Lorg/apache/curator/shaded/com/google/common/graph/Network;)Ljava/util/Map;	INVOKE_VIRTUAL	java/lang/Object::getClass()Ljava/lang/Class;
org/apache/curator/shaded/com/google/common/graph/DirectedGraphConnections$1$1	<init>	(Lorg/apache/curator/shaded/com/google/common/graph/DirectedGraphConnections$1;Ljava/util/Iterator;Ljava/util/Set;)V	GET_FIELD	org/apache/curator/shaded/com/google/common/graph/DirectedGraphConnections$1$1::this$1|Lorg/apache/curator/shaded/com/google/common/graph/DirectedGraphConnections$1;
org/apache/curator/shaded/com/google/common/graph/DirectedGraphConnections$2$1	<init>	(Lorg/apache/curator/shaded/com/google/common/graph/DirectedGraphConnections$2;Ljava/util/Iterator;)V	GET_FIELD	org/apache/curator/shaded/com/google/common/graph/DirectedGraphConnections$2$1::this$1|Lorg/apache/curator/shaded/com/google/common/graph/DirectedGraphConnections$2;
org/apache/curator/shaded/com/google/common/graph/DirectedGraphConnections$2$2	<init>	(Lorg/apache/curator/shaded/com/google/common/graph/DirectedGraphConnections$2;Ljava/util/Iterator;)V	GET_FIELD	org/apache/curator/shaded/com/google/common/graph/DirectedGraphConnections$2$2::this$1|Lorg/apache/curator/shaded/com/google/common/graph/DirectedGraphConnections$2;
org/apache/curator/shaded/com/google/common/graph/DirectedGraphConnections$3$1	<init>	(Lorg/apache/curator/shaded/com/google/common/graph/DirectedGraphConnections$3;Ljava/util/Iterator;)V	GET_FIELD	org/apache/curator/shaded/com/google/common/graph/DirectedGraphConnections$3$1::this$1|Lorg/apache/curator/shaded/com/google/common/graph/DirectedGraphConnections$3;
org/apache/curator/shaded/com/google/common/graph/DirectedGraphConnections$3$2	<init>	(Lorg/apache/curator/shaded/com/google/common/graph/DirectedGraphConnections$3;Ljava/util/Iterator;)V	GET_FIELD	org/apache/curator/shaded/com/google/common/graph/DirectedGraphConnections$3$2::this$1|Lorg/apache/curator/shaded/com/google/common/graph/DirectedGraphConnections$3;
org/apache/curator/shaded/com/google/common/graph/DirectedGraphConnections$4	<init>	(Lorg/apache/curator/shaded/com/google/common/graph/DirectedGraphConnections;Ljava/util/Iterator;Ljava/util/concurrent/atomic/AtomicBoolean;)V	GET_FIELD	org/apache/curator/shaded/com/google/common/graph/DirectedGraphConnections$4::this$0|Lorg/apache/curator/shaded/com/google/common/graph/DirectedGraphConnections;
org/apache/curator/shaded/com/google/common/graph/StandardValueGraph$1	<init>	(Lorg/apache/curator/shaded/com/google/common/graph/StandardValueGraph;Lorg/apache/curator/shaded/com/google/common/graph/BaseGraph;Ljava/lang/Object;Lorg/apache/curator/shaded/com/google/common/graph/GraphConnections;)V	GET_FIELD	org/apache/curator/shaded/com/google/common/graph/StandardValueGraph$1::this$0|Lorg/apache/curator/shaded/com/google/common/graph/StandardValueGraph;
org/apache/curator/shaded/com/google/common/reflect/TypeResolver$TypeTable$1	<init>	(Lorg/apache/curator/shaded/com/google/common/reflect/TypeResolver$TypeTable;Ljava/lang/reflect/TypeVariable;Lorg/apache/curator/shaded/com/google/common/reflect/TypeResolver$TypeTable;)V	GET_FIELD	org/apache/curator/shaded/com/google/common/reflect/TypeResolver$TypeTable$1::this$0|Lorg/apache/curator/shaded/com/google/common/reflect/TypeResolver$TypeTable;
org/apache/curator/shaded/com/google/common/reflect/TypeResolver$WildcardCapturer$1	<init>	(Lorg/apache/curator/shaded/com/google/common/reflect/TypeResolver$WildcardCapturer;Ljava/util/concurrent/atomic/AtomicInteger;Ljava/lang/reflect/TypeVariable;)V	GET_FIELD	org/apache/curator/shaded/com/google/common/reflect/TypeResolver$WildcardCapturer$1::this$0|Lorg/apache/curator/shaded/com/google/common/reflect/TypeResolver$WildcardCapturer;
org/apache/curator/shaded/com/google/common/reflect/TypeToken$4	<init>	(Lorg/apache/curator/shaded/com/google/common/reflect/TypeToken;Lorg/apache/curator/shaded/com/google/common/collect/ImmutableSet$Builder;)V	GET_FIELD	org/apache/curator/shaded/com/google/common/reflect/TypeToken$4::this$0|Lorg/apache/curator/shaded/com/google/common/reflect/TypeToken;
org/apache/curator/shaded/com/google/common/reflect/TypeToken$TypeCollector$3	<init>	(Lorg/apache/curator/shaded/com/google/common/reflect/TypeToken$TypeCollector;Lorg/apache/curator/shaded/com/google/common/reflect/TypeToken$TypeCollector;)V	GET_FIELD	org/apache/curator/shaded/com/google/common/reflect/TypeToken$TypeCollector$3::this$0|Lorg/apache/curator/shaded/com/google/common/reflect/TypeToken$TypeCollector;
org/apache/curator/shaded/com/google/common/reflect/Types$ParameterizedTypeImpl	toString	()Ljava/lang/String;	INVOKE_VIRTUAL	java/lang/Object::getClass()Ljava/lang/Class;
org/apache/curator/shaded/com/google/common/util/concurrent/AbstractScheduledService$1	<init>	(Lorg/apache/curator/shaded/com/google/common/util/concurrent/AbstractScheduledService;Ljava/util/concurrent/ScheduledExecutorService;)V	GET_FIELD	org/apache/curator/shaded/com/google/common/util/concurrent/AbstractScheduledService$1::this$0|Lorg/apache/curator/shaded/com/google/common/util/concurrent/AbstractScheduledService;
org/apache/curator/shaded/com/google/common/util/concurrent/AbstractService$5	<init>	(Lorg/apache/curator/shaded/com/google/common/util/concurrent/AbstractService;Lorg/apache/curator/shaded/com/google/common/util/concurrent/Service$State;Ljava/lang/Throwable;)V	GET_FIELD	org/apache/curator/shaded/com/google/common/util/concurrent/AbstractService$5::this$0|Lorg/apache/curator/shaded/com/google/common/util/concurrent/AbstractService;
org/apache/curator/shaded/com/google/common/util/concurrent/CycleDetectingLockFactory$CycleDetectingReentrantReadWriteLock	<init>	(Lorg/apache/curator/shaded/com/google/common/util/concurrent/CycleDetectingLockFactory;Lorg/apache/curator/shaded/com/google/common/util/concurrent/CycleDetectingLockFactory$LockGraphNode;Z)V	GET_FIELD	org/apache/curator/shaded/com/google/common/util/concurrent/CycleDetectingLockFactory$CycleDetectingReentrantReadWriteLock::this$0|Lorg/apache/curator/shaded/com/google/common/util/concurrent/CycleDetectingLockFactory;
org/apache/curator/shaded/com/google/common/util/concurrent/ExecutionSequencer$1	<init>	(Lorg/apache/curator/shaded/com/google/common/util/concurrent/ExecutionSequencer;Ljava/util/concurrent/Callable;)V	GET_FIELD	org/apache/curator/shaded/com/google/common/util/concurrent/ExecutionSequencer$1::this$0|Lorg/apache/curator/shaded/com/google/common/util/concurrent/ExecutionSequencer;
org/apache/curator/shaded/com/google/common/util/concurrent/ExecutionSequencer$2	<init>	(Lorg/apache/curator/shaded/com/google/common/util/concurrent/ExecutionSequencer;Lorg/apache/curator/shaded/com/google/common/util/concurrent/ExecutionSequencer$TaskNonReentrantExecutor;Lorg/apache/curator/shaded/com/google/common/util/concurrent/AsyncCallable;)V	GET_FIELD	org/apache/curator/shaded/com/google/common/util/concurrent/ExecutionSequencer$2::this$0|Lorg/apache/curator/shaded/com/google/common/util/concurrent/ExecutionSequencer;
org/apache/curator/shaded/com/google/common/util/concurrent/Futures$FutureCombiner$1	<init>	(Lorg/apache/curator/shaded/com/google/common/util/concurrent/Futures$FutureCombiner;Ljava/lang/Runnable;)V	GET_FIELD	org/apache/curator/shaded/com/google/common/util/concurrent/Futures$FutureCombiner$1::this$0|Lorg/apache/curator/shaded/com/google/common/util/concurrent/Futures$FutureCombiner;
org/apache/curator/shaded/com/google/common/util/concurrent/Monitor$1	<init>	(Lorg/apache/curator/shaded/com/google/common/util/concurrent/Monitor;Lorg/apache/curator/shaded/com/google/common/util/concurrent/Monitor;Ljava/util/function/BooleanSupplier;)V	GET_FIELD	org/apache/curator/shaded/com/google/common/util/concurrent/Monitor$1::this$0|Lorg/apache/curator/shaded/com/google/common/util/concurrent/Monitor;
org/apache/curator/shaded/com/google/common/util/concurrent/MoreExecutors$Application$1	<init>	(Lorg/apache/curator/shaded/com/google/common/util/concurrent/MoreExecutors$Application;Ljava/util/concurrent/ExecutorService;JLjava/util/concurrent/TimeUnit;)V	GET_FIELD	org/apache/curator/shaded/com/google/common/util/concurrent/MoreExecutors$Application$1::this$0|Lorg/apache/curator/shaded/com/google/common/util/concurrent/MoreExecutors$Application;
org/apache/curator/shaded/com/google/common/util/concurrent/SequentialExecutor$1	<init>	(Lorg/apache/curator/shaded/com/google/common/util/concurrent/SequentialExecutor;Ljava/lang/Runnable;)V	GET_FIELD	org/apache/curator/shaded/com/google/common/util/concurrent/SequentialExecutor$1::this$0|Lorg/apache/curator/shaded/com/google/common/util/concurrent/SequentialExecutor;
org/apache/curator/shaded/com/google/common/util/concurrent/ServiceManager$ServiceManagerState$1	<init>	(Lorg/apache/curator/shaded/com/google/common/util/concurrent/ServiceManager$ServiceManagerState;)V	GET_FIELD	org/apache/curator/shaded/com/google/common/util/concurrent/ServiceManager$ServiceManagerState$1::this$0|Lorg/apache/curator/shaded/com/google/common/util/concurrent/ServiceManager$ServiceManagerState;
org/apache/curator/shaded/com/google/common/util/concurrent/ServiceManager$ServiceManagerState$2	<init>	(Lorg/apache/curator/shaded/com/google/common/util/concurrent/ServiceManager$ServiceManagerState;Lorg/apache/curator/shaded/com/google/common/util/concurrent/Service;)V	GET_FIELD	org/apache/curator/shaded/com/google/common/util/concurrent/ServiceManager$ServiceManagerState$2::this$0|Lorg/apache/curator/shaded/com/google/common/util/concurrent/ServiceManager$ServiceManagerState;
