com/google/common/truth/ActualValueInference.class	.cache/jnorm2/code/craw-redhat-oss/wget/crawl/google-aoss/com/google/truth/truth/1.1.3/truth-1.1.3.jar/com.google.common.truth.ActualValueInference.jimple	.cache/jnorm2/code/craw-redhat-oss/wget/crawl/repo1.maven.org/maven2/com/google/truth/truth/1.1.3/truth-1.1.3.jar/com.google.common.truth.ActualValueInference.jimple
com/google/common/truth/AutoValue_ActualValueInference_FrameInfo.class	.cache/jnorm2/code/craw-redhat-oss/wget/crawl/google-aoss/com/google/truth/truth/1.1.3/truth-1.1.3.jar/com.google.common.truth.AutoValue_ActualValueInference_FrameInfo.jimple	.cache/jnorm2/code/craw-redhat-oss/wget/crawl/repo1.maven.org/maven2/com/google/truth/truth/1.1.3/truth-1.1.3.jar/com.google.common.truth.AutoValue_ActualValueInference_FrameInfo.jimple
com/google/common/truth/SubjectUtils$NonHashingMultiset$1.class	.cache/jnorm2/code/craw-redhat-oss/wget/crawl/google-aoss/com/google/truth/truth/1.1.3/truth-1.1.3.jar/com.google.common.truth.SubjectUtils$NonHashingMultiset$1.jimple	.cache/jnorm2/code/craw-redhat-oss/wget/crawl/repo1.maven.org/maven2/com/google/truth/truth/1.1.3/truth-1.1.3.jar/com.google.common.truth.SubjectUtils$NonHashingMultiset$1.jimple
com/google/common/truth/StackTraceCleaner.class	.cache/jnorm2/code/craw-redhat-oss/wget/crawl/google-aoss/com/google/truth/truth/1.1.3/truth-1.1.3.jar/com.google.common.truth.StackTraceCleaner.jimple	.cache/jnorm2/code/craw-redhat-oss/wget/crawl/repo1.maven.org/maven2/com/google/truth/truth/1.1.3/truth-1.1.3.jar/com.google.common.truth.StackTraceCleaner.jimple
com/google/common/truth/ActualValueInference$InferenceMethodVisitor.class	.cache/jnorm2/code/craw-redhat-oss/wget/crawl/google-aoss/com/google/truth/truth/1.1.3/truth-1.1.3.jar/com.google.common.truth.ActualValueInference$InferenceMethodVisitor.jimple	.cache/jnorm2/code/craw-redhat-oss/wget/crawl/repo1.maven.org/maven2/com/google/truth/truth/1.1.3/truth-1.1.3.jar/com.google.common.truth.ActualValueInference$InferenceMethodVisitor.jimple
com/google/common/truth/ActualValueInference$InferredType.class	.cache/jnorm2/code/craw-redhat-oss/wget/crawl/google-aoss/com/google/truth/truth/1.1.3/truth-1.1.3.jar/com.google.common.truth.ActualValueInference$InferredType.jimple	.cache/jnorm2/code/craw-redhat-oss/wget/crawl/repo1.maven.org/maven2/com/google/truth/truth/1.1.3/truth-1.1.3.jar/com.google.common.truth.ActualValueInference$InferredType.jimple
com/google/common/truth/ThrowableSubject$1.class	.cache/jnorm2/code/craw-redhat-oss/wget/crawl/google-aoss/com/google/truth/truth/1.1.3/truth-1.1.3.jar/com.google.common.truth.ThrowableSubject$1.jimple	.cache/jnorm2/code/craw-redhat-oss/wget/crawl/repo1.maven.org/maven2/com/google/truth/truth/1.1.3/truth-1.1.3.jar/com.google.common.truth.ThrowableSubject$1.jimple
com/google/common/truth/Correspondence$TolerantNumericEquality.class	.cache/jnorm2/code/craw-redhat-oss/wget/crawl/google-aoss/com/google/truth/truth/1.1.3/truth-1.1.3.jar/com.google.common.truth.Correspondence$TolerantNumericEquality.jimple	.cache/jnorm2/code/craw-redhat-oss/wget/crawl/repo1.maven.org/maven2/com/google/truth/truth/1.1.3/truth-1.1.3.jar/com.google.common.truth.Correspondence$TolerantNumericEquality.jimple
com/google/common/truth/ActualValueInference$Invocation.class	.cache/jnorm2/code/craw-redhat-oss/wget/crawl/google-aoss/com/google/truth/truth/1.1.3/truth-1.1.3.jar/com.google.common.truth.ActualValueInference$Invocation.jimple	.cache/jnorm2/code/craw-redhat-oss/wget/crawl/repo1.maven.org/maven2/com/google/truth/truth/1.1.3/truth-1.1.3.jar/com.google.common.truth.ActualValueInference$Invocation.jimple
com/google/common/truth/Expect$ExpectationGatherer.class	.cache/jnorm2/code/craw-redhat-oss/wget/crawl/google-aoss/com/google/truth/truth/1.1.3/truth-1.1.3.jar/com.google.common.truth.Expect$ExpectationGatherer.jimple	.cache/jnorm2/code/craw-redhat-oss/wget/crawl/repo1.maven.org/maven2/com/google/truth/truth/1.1.3/truth-1.1.3.jar/com.google.common.truth.Expect$ExpectationGatherer.jimple
com/google/common/truth/DiffUtils.class	.cache/jnorm2/code/craw-redhat-oss/wget/crawl/google-aoss/com/google/truth/truth/1.1.3/truth-1.1.3.jar/com.google.common.truth.DiffUtils.jimple	.cache/jnorm2/code/craw-redhat-oss/wget/crawl/repo1.maven.org/maven2/com/google/truth/truth/1.1.3/truth-1.1.3.jar/com.google.common.truth.DiffUtils.jimple
com/google/common/truth/Subject$3.class	.cache/jnorm2/code/craw-redhat-oss/wget/crawl/google-aoss/com/google/truth/truth/1.1.3/truth-1.1.3.jar/com.google.common.truth.Subject$3.jimple	.cache/jnorm2/code/craw-redhat-oss/wget/crawl/repo1.maven.org/maven2/com/google/truth/truth/1.1.3/truth-1.1.3.jar/com.google.common.truth.Subject$3.jimple
com/google/common/truth/IterableSubject$5.class	.cache/jnorm2/code/craw-redhat-oss/wget/crawl/google-aoss/com/google/truth/truth/1.1.3/truth-1.1.3.jar/com.google.common.truth.IterableSubject$5.jimple	.cache/jnorm2/code/craw-redhat-oss/wget/crawl/repo1.maven.org/maven2/com/google/truth/truth/1.1.3/truth-1.1.3.jar/com.google.common.truth.IterableSubject$5.jimple
com/google/common/truth/Fact.class	.cache/jnorm2/code/craw-redhat-oss/wget/crawl/google-aoss/com/google/truth/truth/1.1.3/truth-1.1.3.jar/com.google.common.truth.Fact.jimple	.cache/jnorm2/code/craw-redhat-oss/wget/crawl/repo1.maven.org/maven2/com/google/truth/truth/1.1.3/truth-1.1.3.jar/com.google.common.truth.Fact.jimple
com/google/common/truth/Correspondence.class	.cache/jnorm2/code/craw-redhat-oss/wget/crawl/google-aoss/com/google/truth/truth/1.1.3/truth-1.1.3.jar/com.google.common.truth.Correspondence.jimple	.cache/jnorm2/code/craw-redhat-oss/wget/crawl/repo1.maven.org/maven2/com/google/truth/truth/1.1.3/truth-1.1.3.jar/com.google.common.truth.Correspondence.jimple
com/google/common/truth/Subject.class	.cache/jnorm2/code/craw-redhat-oss/wget/crawl/google-aoss/com/google/truth/truth/1.1.3/truth-1.1.3.jar/com.google.common.truth.Subject.jimple	.cache/jnorm2/code/craw-redhat-oss/wget/crawl/repo1.maven.org/maven2/com/google/truth/truth/1.1.3/truth-1.1.3.jar/com.google.common.truth.Subject.jimple
com/google/common/truth/IterableSubject$6.class	.cache/jnorm2/code/craw-redhat-oss/wget/crawl/google-aoss/com/google/truth/truth/1.1.3/truth-1.1.3.jar/com.google.common.truth.IterableSubject$6.jimple	.cache/jnorm2/code/craw-redhat-oss/wget/crawl/repo1.maven.org/maven2/com/google/truth/truth/1.1.3/truth-1.1.3.jar/com.google.common.truth.IterableSubject$6.jimple
com/google/common/truth/Correspondence$ExceptionStore.class	.cache/jnorm2/code/craw-redhat-oss/wget/crawl/google-aoss/com/google/truth/truth/1.1.3/truth-1.1.3.jar/com.google.common.truth.Correspondence$ExceptionStore.jimple	.cache/jnorm2/code/craw-redhat-oss/wget/crawl/repo1.maven.org/maven2/com/google/truth/truth/1.1.3/truth-1.1.3.jar/com.google.common.truth.Correspondence$ExceptionStore.jimple
com/google/common/truth/SubjectUtils$DuplicateGroupedAndTyped.class	.cache/jnorm2/code/craw-redhat-oss/wget/crawl/google-aoss/com/google/truth/truth/1.1.3/truth-1.1.3.jar/com.google.common.truth.SubjectUtils$DuplicateGroupedAndTyped.jimple	.cache/jnorm2/code/craw-redhat-oss/wget/crawl/repo1.maven.org/maven2/com/google/truth/truth/1.1.3/truth-1.1.3.jar/com.google.common.truth.SubjectUtils$DuplicateGroupedAndTyped.jimple
com/google/common/truth/AutoValue_ActualValueInference_Invocation.class	.cache/jnorm2/code/craw-redhat-oss/wget/crawl/google-aoss/com/google/truth/truth/1.1.3/truth-1.1.3.jar/com.google.common.truth.AutoValue_ActualValueInference_Invocation.jimple	.cache/jnorm2/code/craw-redhat-oss/wget/crawl/repo1.maven.org/maven2/com/google/truth/truth/1.1.3/truth-1.1.3.jar/com.google.common.truth.AutoValue_ActualValueInference_Invocation.jimple
com/google/common/truth/StackTraceCleaner$StackFrameType.class	.cache/jnorm2/code/craw-redhat-oss/wget/crawl/google-aoss/com/google/truth/truth/1.1.3/truth-1.1.3.jar/com.google.common.truth.StackTraceCleaner$StackFrameType.jimple	.cache/jnorm2/code/craw-redhat-oss/wget/crawl/repo1.maven.org/maven2/com/google/truth/truth/1.1.3/truth-1.1.3.jar/com.google.common.truth.StackTraceCleaner$StackFrameType.jimple
com/google/common/truth/StandardSubjectBuilder$1.class	.cache/jnorm2/code/craw-redhat-oss/wget/crawl/google-aoss/com/google/truth/truth/1.1.3/truth-1.1.3.jar/com.google.common.truth.StandardSubjectBuilder$1.jimple	.cache/jnorm2/code/craw-redhat-oss/wget/crawl/repo1.maven.org/maven2/com/google/truth/truth/1.1.3/truth-1.1.3.jar/com.google.common.truth.StandardSubjectBuilder$1.jimple
com/google/common/truth/AutoValue_ActualValueInference_Invocation$Builder.class	.cache/jnorm2/code/craw-redhat-oss/wget/crawl/google-aoss/com/google/truth/truth/1.1.3/truth-1.1.3.jar/com.google.common.truth.AutoValue_ActualValueInference_Invocation$Builder.jimple	.cache/jnorm2/code/craw-redhat-oss/wget/crawl/repo1.maven.org/maven2/com/google/truth/truth/1.1.3/truth-1.1.3.jar/com.google.common.truth.AutoValue_ActualValueInference_Invocation$Builder.jimple
com/google/common/truth/SubjectUtils.class	.cache/jnorm2/code/craw-redhat-oss/wget/crawl/google-aoss/com/google/truth/truth/1.1.3/truth-1.1.3.jar/com.google.common.truth.SubjectUtils.jimple	.cache/jnorm2/code/craw-redhat-oss/wget/crawl/repo1.maven.org/maven2/com/google/truth/truth/1.1.3/truth-1.1.3.jar/com.google.common.truth.SubjectUtils.jimple
com/google/common/truth/MultimapSubject.class	.cache/jnorm2/code/craw-redhat-oss/wget/crawl/google-aoss/com/google/truth/truth/1.1.3/truth-1.1.3.jar/com.google.common.truth.MultimapSubject.jimple	.cache/jnorm2/code/craw-redhat-oss/wget/crawl/repo1.maven.org/maven2/com/google/truth/truth/1.1.3/truth-1.1.3.jar/com.google.common.truth.MultimapSubject.jimple
com/google/common/truth/IterableSubject.class	.cache/jnorm2/code/craw-redhat-oss/wget/crawl/google-aoss/com/google/truth/truth/1.1.3/truth-1.1.3.jar/com.google.common.truth.IterableSubject.jimple	.cache/jnorm2/code/craw-redhat-oss/wget/crawl/repo1.maven.org/maven2/com/google/truth/truth/1.1.3/truth-1.1.3.jar/com.google.common.truth.IterableSubject.jimple
com/google/common/truth/FailureMetadata.class	.cache/jnorm2/code/craw-redhat-oss/wget/crawl/google-aoss/com/google/truth/truth/1.1.3/truth-1.1.3.jar/com.google.common.truth.FailureMetadata.jimple	.cache/jnorm2/code/craw-redhat-oss/wget/crawl/repo1.maven.org/maven2/com/google/truth/truth/1.1.3/truth-1.1.3.jar/com.google.common.truth.FailureMetadata.jimple
com/google/common/truth/ComparisonFailures.class	.cache/jnorm2/code/craw-redhat-oss/wget/crawl/google-aoss/com/google/truth/truth/1.1.3/truth-1.1.3.jar/com.google.common.truth.ComparisonFailures.jimple	.cache/jnorm2/code/craw-redhat-oss/wget/crawl/repo1.maven.org/maven2/com/google/truth/truth/1.1.3/truth-1.1.3.jar/com.google.common.truth.ComparisonFailures.jimple
com/google/common/truth/IterableSubject$UsingCorrespondence$Pairing.class	.cache/jnorm2/code/craw-redhat-oss/wget/crawl/google-aoss/com/google/truth/truth/1.1.3/truth-1.1.3.jar/com.google.common.truth.IterableSubject$UsingCorrespondence$Pairing.jimple	.cache/jnorm2/code/craw-redhat-oss/wget/crawl/repo1.maven.org/maven2/com/google/truth/truth/1.1.3/truth-1.1.3.jar/com.google.common.truth.IterableSubject$UsingCorrespondence$Pairing.jimple
