org/eclipse/jetty/server/AbstractConnector	doStart	()V	INVOKE_DYNAMIC	[java/lang/invoke/StringConcatFactory::makeConcatWithConstants(Ljava/lang/invoke/MethodHandles$Lookup;Ljava/lang/String;Ljava/lang/invoke/MethodType;Ljava/lang/String;[Ljava/lang/Object;)Ljava/lang/invoke/CallSite;]::makeConcatWithConstants(Ljava/lang/String;Lorg/eclipse/jetty/server/AbstractConnector;)Ljava/lang/String;
org/eclipse/jetty/server/AbstractConnector	doStart	()V	INVOKE_DYNAMIC	[java/lang/invoke/StringConcatFactory::makeConcatWithConstants(Ljava/lang/invoke/MethodHandles$Lookup;Ljava/lang/String;Ljava/lang/invoke/MethodType;Ljava/lang/String;[Ljava/lang/Object;)Ljava/lang/invoke/CallSite;]::makeConcatWithConstants(Lorg/eclipse/jetty/server/AbstractConnector;)Ljava/lang/String;
org/eclipse/jetty/server/AbstractConnector	getConnectionFactory	(Ljava/lang/Class;)Ljava/lang/Object;	INVOKE_STATIC	java/lang/Object::getClass()Ljava/lang/Class;
org/eclipse/jetty/server/AsyncContentProducer	intercept	()Lorg/eclipse/jetty/server/HttpInput$Content;	INVOKE_DYNAMIC	[java/lang/invoke/StringConcatFactory::makeConcatWithConstants(Ljava/lang/invoke/MethodHandles$Lookup;Ljava/lang/String;Ljava/lang/invoke/MethodType;Ljava/lang/String;[Ljava/lang/Object;)Ljava/lang/invoke/CallSite;]::makeConcatWithConstants(Lorg/eclipse/jetty/server/HttpInput$Interceptor;I)Ljava/lang/String;
org/eclipse/jetty/server/CachedContentFactory	toString	()Ljava/lang/String;	INVOKE_DYNAMIC	[java/lang/invoke/StringConcatFactory::makeConcatWithConstants(Ljava/lang/invoke/MethodHandles$Lookup;Ljava/lang/String;Ljava/lang/invoke/MethodType;Ljava/lang/String;[Ljava/lang/Object;)Ljava/lang/invoke/CallSite;]::makeConcatWithConstants(Lorg/eclipse/jetty/server/CachedContentFactory;Lorg/eclipse/jetty/util/resource/ResourceFactory;I)Ljava/lang/String;
org/eclipse/jetty/server/ClassLoaderDump	dump	(Ljava/lang/Appendable;Ljava/lang/String;)V	INVOKE_DYNAMIC	[java/lang/invoke/StringConcatFactory::makeConcatWithConstants(Ljava/lang/invoke/MethodHandles$Lookup;Ljava/lang/String;Ljava/lang/invoke/MethodType;Ljava/lang/String;[Ljava/lang/Object;)Ljava/lang/invoke/CallSite;]::makeConcatWithConstants(Ljava/lang/ClassLoader;)Ljava/lang/String;
org/eclipse/jetty/server/CustomRequestLog	getLogHandle	(Ljava/lang/String;)Ljava/lang/invoke/MethodHandle;	INVOKE_DYNAMIC	[java/lang/invoke/StringConcatFactory::makeConcatWithConstants(Ljava/lang/invoke/MethodHandles$Lookup;Ljava/lang/String;Ljava/lang/invoke/MethodType;Ljava/lang/String;[Ljava/lang/Object;)Ljava/lang/invoke/CallSite;]::makeConcatWithConstants(Lorg/eclipse/jetty/server/CustomRequestLog$Token;)Ljava/lang/String;
org/eclipse/jetty/server/DebugListener	findContextName	(Ljavax/servlet/ServletContext;)Ljava/lang/String;	INVOKE_STATIC	java/lang/Object::hashCode()I
org/eclipse/jetty/server/DebugListener	findRequestName	(Ljavax/servlet/ServletRequest;)Ljava/lang/String;	INVOKE_STATIC	java/lang/Object::hashCode()I
org/eclipse/jetty/server/DebugListener$2	requestInitialized	(Ljavax/servlet/ServletRequestEvent;)V	INVOKE_STATIC	java/lang/Object::toString()Ljava/lang/String;
org/eclipse/jetty/server/DetectorConnectionFactory	nextProtocol	(Lorg/eclipse/jetty/server/Connector;Lorg/eclipse/jetty/io/EndPoint;Ljava/nio/ByteBuffer;)V	INVOKE_DYNAMIC	[java/lang/invoke/StringConcatFactory::makeConcatWithConstants(Ljava/lang/invoke/MethodHandles$Lookup;Ljava/lang/String;Ljava/lang/invoke/MethodType;Ljava/lang/String;[Ljava/lang/Object;)Ljava/lang/invoke/CallSite;]::makeConcatWithConstants(Ljava/lang/String;Ljava/util/List;Lorg/eclipse/jetty/io/EndPoint;)Ljava/lang/String;
org/eclipse/jetty/server/DetectorConnectionFactory	upgradeToConnectionFactory	(Lorg/eclipse/jetty/server/ConnectionFactory;Lorg/eclipse/jetty/server/Connector;Lorg/eclipse/jetty/io/EndPoint;)V	INVOKE_DYNAMIC	[java/lang/invoke/StringConcatFactory::makeConcatWithConstants(Ljava/lang/invoke/MethodHandles$Lookup;Ljava/lang/String;Ljava/lang/invoke/MethodType;Ljava/lang/String;[Ljava/lang/Object;)Ljava/lang/invoke/CallSite;]::makeConcatWithConstants(Lorg/eclipse/jetty/io/Connection;Ljava/lang/String;Lorg/eclipse/jetty/io/EndPoint;)Ljava/lang/String;
org/eclipse/jetty/server/DetectorConnectionFactory	upgradeToConnectionFactory	(Lorg/eclipse/jetty/server/ConnectionFactory;Lorg/eclipse/jetty/server/Connector;Lorg/eclipse/jetty/io/EndPoint;)V	INVOKE_DYNAMIC	[java/lang/invoke/StringConcatFactory::makeConcatWithConstants(Ljava/lang/invoke/MethodHandles$Lookup;Ljava/lang/String;Ljava/lang/invoke/MethodType;Ljava/lang/String;[Ljava/lang/Object;)Ljava/lang/invoke/CallSite;]::makeConcatWithConstants(Lorg/eclipse/jetty/io/EndPoint;)Ljava/lang/String;
org/eclipse/jetty/server/DetectorConnectionFactory$DetectorConnection	detectAndUpgrade	()Z	INVOKE_DYNAMIC	[java/lang/invoke/StringConcatFactory::makeConcatWithConstants(Ljava/lang/invoke/MethodHandles$Lookup;Ljava/lang/String;Ljava/lang/invoke/MethodType;Ljava/lang/String;[Ljava/lang/Object;)Ljava/lang/invoke/CallSite;]::makeConcatWithConstants(Lorg/eclipse/jetty/io/Connection;Ljava/lang/String;)Ljava/lang/String;
org/eclipse/jetty/server/Dispatcher$ForwardAttributes	toString	()Ljava/lang/String;	INVOKE_STATIC	java/lang/Object::toString()Ljava/lang/String;
org/eclipse/jetty/server/Dispatcher$IncludeAttributes	toString	()Ljava/lang/String;	INVOKE_STATIC	java/lang/Object::toString()Ljava/lang/String;
org/eclipse/jetty/server/HttpChannel	handle	()Z	INVOKE_DYNAMIC	[java/lang/invoke/StringConcatFactory::makeConcatWithConstants(Ljava/lang/invoke/MethodHandles$Lookup;Ljava/lang/String;Ljava/lang/invoke/MethodType;Ljava/lang/String;[Ljava/lang/Object;)Ljava/lang/invoke/CallSite;]::makeConcatWithConstants(Lorg/eclipse/jetty/server/HttpChannelState;)Ljava/lang/String;
org/eclipse/jetty/server/HttpChannelListeners	<init>	(Ljava/util/Collection;)V	INVOKE_STATIC	java/lang/Object::getClass()Ljava/lang/Class;
org/eclipse/jetty/server/HttpChannelOverHttp	content	(Ljava/nio/ByteBuffer;)Z	INVOKE_DYNAMIC	[java/lang/invoke/StringConcatFactory::makeConcatWithConstants(Ljava/lang/invoke/MethodHandles$Lookup;Ljava/lang/String;Ljava/lang/invoke/MethodType;Ljava/lang/String;[Ljava/lang/Object;)Ljava/lang/invoke/CallSite;]::makeConcatWithConstants(Lorg/eclipse/jetty/server/HttpInput$Content;Lorg/eclipse/jetty/server/HttpInput$Content;)Ljava/lang/String;
org/eclipse/jetty/server/HttpChannelOverHttp	headerComplete	()Z	INVOKE_DYNAMIC	[java/lang/invoke/StringConcatFactory::makeConcatWithConstants(Ljava/lang/invoke/MethodHandles$Lookup;Ljava/lang/String;Ljava/lang/invoke/MethodType;Ljava/lang/String;[Ljava/lang/Object;)Ljava/lang/invoke/CallSite;]::makeConcatWithConstants(Lorg/eclipse/jetty/http/HttpVersion;)Ljava/lang/String;
org/eclipse/jetty/server/HttpChannelOverHttp	recycle	()V	INVOKE_DYNAMIC	[java/lang/invoke/StringConcatFactory::makeConcatWithConstants(Ljava/lang/invoke/MethodHandles$Lookup;Ljava/lang/String;Ljava/lang/invoke/MethodType;Ljava/lang/String;[Ljava/lang/Object;)Ljava/lang/invoke/CallSite;]::makeConcatWithConstants(Lorg/eclipse/jetty/server/HttpInput$Content;)Ljava/lang/String;
org/eclipse/jetty/server/HttpConfiguration	dump	(Ljava/lang/Appendable;Ljava/lang/String;)V	INVOKE_DYNAMIC	[java/lang/invoke/StringConcatFactory::makeConcatWithConstants(Ljava/lang/invoke/MethodHandles$Lookup;Ljava/lang/String;Ljava/lang/invoke/MethodType;Ljava/lang/String;[Ljava/lang/Object;)Ljava/lang/invoke/CallSite;]::makeConcatWithConstants(Lorg/eclipse/jetty/http/CookieCompliance;)Ljava/lang/String;
org/eclipse/jetty/server/HttpConfiguration	getCustomizer	(Ljava/lang/Class;)Ljava/lang/Object;	INVOKE_STATIC	java/lang/Object::getClass()Ljava/lang/Class;
org/eclipse/jetty/server/HttpConnection	fillRequestBuffer	()I	INVOKE_DYNAMIC	[java/lang/invoke/StringConcatFactory::makeConcatWithConstants(Ljava/lang/invoke/MethodHandles$Lookup;Ljava/lang/String;Ljava/lang/invoke/MethodType;Ljava/lang/String;[Ljava/lang/Object;)Ljava/lang/invoke/CallSite;]::makeConcatWithConstants(Lorg/eclipse/jetty/server/HttpConnection;)Ljava/lang/String;
org/eclipse/jetty/server/HttpConnection	parseAndFillForContent	()V	INVOKE_DYNAMIC	[java/lang/invoke/StringConcatFactory::makeConcatWithConstants(Ljava/lang/invoke/MethodHandles$Lookup;Ljava/lang/String;Ljava/lang/invoke/MethodType;Ljava/lang/String;[Ljava/lang/Object;)Ljava/lang/invoke/CallSite;]::makeConcatWithConstants(Lorg/eclipse/jetty/http/HttpParser;)Ljava/lang/String;
org/eclipse/jetty/server/HttpConnection	releaseRequestBuffer	()V	INVOKE_DYNAMIC	[java/lang/invoke/StringConcatFactory::makeConcatWithConstants(Ljava/lang/invoke/MethodHandles$Lookup;Ljava/lang/String;Ljava/lang/invoke/MethodType;Ljava/lang/String;[Ljava/lang/Object;)Ljava/lang/invoke/CallSite;]::makeConcatWithConstants(Lorg/eclipse/jetty/io/RetainableByteBuffer;)Ljava/lang/String;
org/eclipse/jetty/server/HttpConnection$SendCallback	process	()Lorg/eclipse/jetty/util/IteratingCallback$Action;	INVOKE_DYNAMIC	[java/lang/invoke/StringConcatFactory::makeConcatWithConstants(Ljava/lang/invoke/MethodHandles$Lookup;Ljava/lang/String;Ljava/lang/invoke/MethodType;Ljava/lang/String;[Ljava/lang/Object;)Ljava/lang/invoke/CallSite;]::makeConcatWithConstants(Lorg/eclipse/jetty/http/HttpGenerator$Result;)Ljava/lang/String;
org/eclipse/jetty/server/HttpInput	toString	()Ljava/lang/String;	INVOKE_DYNAMIC	[java/lang/invoke/StringConcatFactory::makeConcatWithConstants(Ljava/lang/invoke/MethodHandles$Lookup;Ljava/lang/String;Ljava/lang/invoke/MethodType;Ljava/lang/String;[Ljava/lang/Object;)Ljava/lang/invoke/CallSite;]::makeConcatWithConstants(Ljava/lang/String;ILorg/eclipse/jetty/server/HttpChannelState;Lorg/eclipse/jetty/server/ContentProducer;Z)Ljava/lang/String;
org/eclipse/jetty/server/HttpInput$ChainedInterceptor	toString	()Ljava/lang/String;	INVOKE_DYNAMIC	[java/lang/invoke/StringConcatFactory::makeConcatWithConstants(Ljava/lang/invoke/MethodHandles$Lookup;Ljava/lang/String;Ljava/lang/invoke/MethodType;Ljava/lang/String;[Ljava/lang/Object;)Ljava/lang/invoke/CallSite;]::makeConcatWithConstants(Ljava/lang/String;ILorg/eclipse/jetty/server/HttpInput$Interceptor;Lorg/eclipse/jetty/server/HttpInput$Interceptor;)Ljava/lang/String;
org/eclipse/jetty/server/HttpInput$ErrorContent	toString	()Ljava/lang/String;	INVOKE_DYNAMIC	[java/lang/invoke/StringConcatFactory::makeConcatWithConstants(Ljava/lang/invoke/MethodHandles$Lookup;Ljava/lang/String;Ljava/lang/invoke/MethodType;Ljava/lang/String;[Ljava/lang/Object;)Ljava/lang/invoke/CallSite;]::makeConcatWithConstants(Ljava/lang/String;Ljava/lang/Throwable;)Ljava/lang/String;
org/eclipse/jetty/server/HttpInput$SpecialContent	get	([BII)I	INVOKE_DYNAMIC	[java/lang/invoke/StringConcatFactory::makeConcatWithConstants(Ljava/lang/invoke/MethodHandles$Lookup;Ljava/lang/String;Ljava/lang/invoke/MethodType;Ljava/lang/String;[Ljava/lang/Object;)Ljava/lang/invoke/CallSite;]::makeConcatWithConstants(Lorg/eclipse/jetty/server/HttpInput$SpecialContent;)Ljava/lang/String;
org/eclipse/jetty/server/HttpInput$SpecialContent	getByteBuffer	()Ljava/nio/ByteBuffer;	INVOKE_DYNAMIC	[java/lang/invoke/StringConcatFactory::makeConcatWithConstants(Ljava/lang/invoke/MethodHandles$Lookup;Ljava/lang/String;Ljava/lang/invoke/MethodType;Ljava/lang/String;[Ljava/lang/Object;)Ljava/lang/invoke/CallSite;]::makeConcatWithConstants(Lorg/eclipse/jetty/server/HttpInput$SpecialContent;)Ljava/lang/String;
org/eclipse/jetty/server/HttpOutput	sendContent	(Lorg/eclipse/jetty/http/HttpContent;Lorg/eclipse/jetty/util/Callback;)V	INVOKE_DYNAMIC	[java/lang/invoke/StringConcatFactory::makeConcatWithConstants(Ljava/lang/invoke/MethodHandles$Lookup;Ljava/lang/String;Ljava/lang/invoke/MethodType;Ljava/lang/String;[Ljava/lang/Object;)Ljava/lang/invoke/CallSite;]::makeConcatWithConstants(Lorg/eclipse/jetty/http/HttpContent;)Ljava/lang/String;
org/eclipse/jetty/server/LowResourceMonitor	monitor	()V	INVOKE_STATIC	java/lang/Object::toString()Ljava/lang/String;
org/eclipse/jetty/server/LowResourceMonitor$ConnectorsThreadPoolLowResourceCheck	isLowOnResources	()Z	INVOKE_DYNAMIC	[java/lang/invoke/StringConcatFactory::makeConcatWithConstants(Ljava/lang/invoke/MethodHandles$Lookup;Ljava/lang/String;Ljava/lang/invoke/MethodType;Ljava/lang/String;[Ljava/lang/Object;)Ljava/lang/invoke/CallSite;]::makeConcatWithConstants(Lorg/eclipse/jetty/util/thread/ThreadPool;)Ljava/lang/String;
org/eclipse/jetty/server/LowResourceMonitor$MainThreadPoolLowResourceCheck	isLowOnResources	()Z	INVOKE_DYNAMIC	[java/lang/invoke/StringConcatFactory::makeConcatWithConstants(Ljava/lang/invoke/MethodHandles$Lookup;Ljava/lang/String;Ljava/lang/invoke/MethodType;Ljava/lang/String;[Ljava/lang/Object;)Ljava/lang/invoke/CallSite;]::makeConcatWithConstants(Lorg/eclipse/jetty/util/thread/ThreadPool;)Ljava/lang/String;
org/eclipse/jetty/server/OptionalSslConnectionFactory	nextProtocol	(Lorg/eclipse/jetty/server/Connector;Lorg/eclipse/jetty/io/EndPoint;Ljava/nio/ByteBuffer;)V	INVOKE_DYNAMIC	[java/lang/invoke/StringConcatFactory::makeConcatWithConstants(Ljava/lang/invoke/MethodHandles$Lookup;Ljava/lang/String;Ljava/lang/invoke/MethodType;Ljava/lang/String;[Ljava/lang/Object;)Ljava/lang/invoke/CallSite;]::makeConcatWithConstants(Ljava/lang/String;Ljava/util/List;Lorg/eclipse/jetty/io/EndPoint;)Ljava/lang/String;
org/eclipse/jetty/server/ProxyConnectionFactory	findNextConnectionFactory	(Ljava/lang/String;Lorg/eclipse/jetty/server/Connector;Ljava/lang/String;Lorg/eclipse/jetty/io/EndPoint;)Lorg/eclipse/jetty/server/ConnectionFactory;	INVOKE_DYNAMIC	[java/lang/invoke/StringConcatFactory::makeConcatWithConstants(Ljava/lang/invoke/MethodHandles$Lookup;Ljava/lang/String;Ljava/lang/invoke/MethodType;Ljava/lang/String;[Ljava/lang/Object;)Ljava/lang/invoke/CallSite;]::makeConcatWithConstants(Ljava/lang/String;Ljava/util/List;Lorg/eclipse/jetty/io/EndPoint;)Ljava/lang/String;
org/eclipse/jetty/server/ProxyConnectionFactory$ProxyV2ConnectionFactory$ProxyProtocolV2Connection	parseBodyAndUpgrade	()V	INVOKE_DYNAMIC	[java/lang/invoke/StringConcatFactory::makeConcatWithConstants(Ljava/lang/invoke/MethodHandles$Lookup;Ljava/lang/String;Ljava/lang/invoke/MethodType;Ljava/lang/String;[Ljava/lang/Object;)Ljava/lang/invoke/CallSite;]::makeConcatWithConstants(Lorg/eclipse/jetty/server/ProxyConnectionFactory$ProxyV2ConnectionFactory$Family;)Ljava/lang/String;
org/eclipse/jetty/server/Request	addEventListener	(Ljava/util/EventListener;)V	INVOKE_STATIC	java/lang/Object::getClass()Ljava/lang/Class;
org/eclipse/jetty/server/Request	getOriginalURI	()Ljava/lang/String;	INVOKE_STATIC	java/lang/Object::toString()Ljava/lang/String;
org/eclipse/jetty/server/Request	login	(Ljava/lang/String;Ljava/lang/String;)V	INVOKE_DYNAMIC	[java/lang/invoke/StringConcatFactory::makeConcatWithConstants(Ljava/lang/invoke/MethodHandles$Lookup;Ljava/lang/String;Ljava/lang/invoke/MethodType;Ljava/lang/String;[Ljava/lang/Object;)Ljava/lang/invoke/CallSite;]::makeConcatWithConstants(Ljava/lang/String;Lorg/eclipse/jetty/server/Authentication;)Ljava/lang/String;
org/eclipse/jetty/server/Request	recycle	()V	INVOKE_STATIC	java/lang/Object::getClass()Ljava/lang/Class;
org/eclipse/jetty/server/Request	startAsync	()Ljavax/servlet/AsyncContext;	INVOKE_DYNAMIC	[java/lang/invoke/StringConcatFactory::makeConcatWithConstants(Ljava/lang/invoke/MethodHandles$Lookup;Ljava/lang/String;Ljava/lang/invoke/MethodType;Ljava/lang/String;[Ljava/lang/Object;)Ljava/lang/invoke/CallSite;]::makeConcatWithConstants(Ljava/lang/Object;)Ljava/lang/String;
org/eclipse/jetty/server/Request	startAsync	(Ljavax/servlet/ServletRequest;Ljavax/servlet/ServletResponse;)Ljavax/servlet/AsyncContext;	INVOKE_DYNAMIC	[java/lang/invoke/StringConcatFactory::makeConcatWithConstants(Ljava/lang/invoke/MethodHandles$Lookup;Ljava/lang/String;Ljava/lang/invoke/MethodType;Ljava/lang/String;[Ljava/lang/Object;)Ljava/lang/invoke/CallSite;]::makeConcatWithConstants(Ljava/lang/Object;)Ljava/lang/String;
org/eclipse/jetty/server/ResourceContentFactory	toString	()Ljava/lang/String;	INVOKE_DYNAMIC	[java/lang/invoke/StringConcatFactory::makeConcatWithConstants(Ljava/lang/invoke/MethodHandles$Lookup;Ljava/lang/String;Ljava/lang/invoke/MethodType;Ljava/lang/String;[Ljava/lang/Object;)Ljava/lang/invoke/CallSite;]::makeConcatWithConstants(Lorg/eclipse/jetty/util/resource/ResourceFactory;I)Ljava/lang/String;
org/eclipse/jetty/server/ResourceService	sendData	(Ljavax/servlet/http/HttpServletRequest;Ljavax/servlet/http/HttpServletResponse;ZLorg/eclipse/jetty/http/HttpContent;Ljava/util/Enumeration;)Z	INVOKE_DYNAMIC	[java/lang/invoke/StringConcatFactory::makeConcatWithConstants(Ljava/lang/invoke/MethodHandles$Lookup;Ljava/lang/String;Ljava/lang/invoke/MethodType;Ljava/lang/String;[Ljava/lang/Object;)Ljava/lang/invoke/CallSite;]::makeConcatWithConstants(Lorg/eclipse/jetty/http/HttpHeader;Ljava/lang/String;)Ljava/lang/String;
org/eclipse/jetty/server/Server	addConnector	(Lorg/eclipse/jetty/server/Connector;)V	INVOKE_DYNAMIC	[java/lang/invoke/StringConcatFactory::makeConcatWithConstants(Ljava/lang/invoke/MethodHandles$Lookup;Ljava/lang/String;Ljava/lang/invoke/MethodType;Ljava/lang/String;[Ljava/lang/Object;)Ljava/lang/invoke/CallSite;]::makeConcatWithConstants(Lorg/eclipse/jetty/server/Connector;Lorg/eclipse/jetty/server/Server;Lorg/eclipse/jetty/server/Server;)Ljava/lang/String;
org/eclipse/jetty/server/Server	setConnectors	([Lorg/eclipse/jetty/server/Connector;)V	INVOKE_DYNAMIC	[java/lang/invoke/StringConcatFactory::makeConcatWithConstants(Ljava/lang/invoke/MethodHandles$Lookup;Ljava/lang/String;Ljava/lang/invoke/MethodType;Ljava/lang/String;[Ljava/lang/Object;)Ljava/lang/invoke/CallSite;]::makeConcatWithConstants(Lorg/eclipse/jetty/server/Connector;Lorg/eclipse/jetty/server/Server;Lorg/eclipse/jetty/server/Server;)Ljava/lang/String;
org/eclipse/jetty/server/ServerConnector	openAcceptChannel	()Ljava/nio/channels/ServerSocketChannel;	INVOKE_DYNAMIC	[java/lang/invoke/StringConcatFactory::makeConcatWithConstants(Ljava/lang/invoke/MethodHandles$Lookup;Ljava/lang/String;Ljava/lang/invoke/MethodType;Ljava/lang/String;[Ljava/lang/Object;)Ljava/lang/invoke/CallSite;]::makeConcatWithConstants(Ljava/net/InetSocketAddress;)Ljava/lang/String;
org/eclipse/jetty/server/ServletPathMapping	toString	()Ljava/lang/String;	INVOKE_DYNAMIC	[java/lang/invoke/StringConcatFactory::makeConcatWithConstants(Ljava/lang/invoke/MethodHandles$Lookup;Ljava/lang/String;Ljava/lang/invoke/MethodType;Ljava/lang/String;[Ljava/lang/Object;)Ljava/lang/invoke/CallSite;]::makeConcatWithConstants(Ljava/lang/String;Ljava/lang/String;Ljava/lang/String;Ljavax/servlet/http/MappingMatch;Ljava/lang/String;Ljava/lang/String;)Ljava/lang/String;
org/eclipse/jetty/server/SocketCustomizationListener	onOpened	(Lorg/eclipse/jetty/io/Connection;)V	INVOKE_STATIC	java/lang/Object::getClass()Ljava/lang/Class;
org/eclipse/jetty/server/handler/AbstractHandlerContainer	expandHandler	(Lorg/eclipse/jetty/server/Handler;Ljava/util/List;Ljava/lang/Class;)V	INVOKE_STATIC	java/lang/Object::getClass()Ljava/lang/Class;
org/eclipse/jetty/server/handler/AbstractHandlerContainer	findContainerOf	(Lorg/eclipse/jetty/server/HandlerContainer;Ljava/lang/Class;Lorg/eclipse/jetty/server/Handler;)Lorg/eclipse/jetty/server/HandlerContainer;	INVOKE_STATIC	java/lang/Object::getClass()Ljava/lang/Class;
org/eclipse/jetty/server/handler/ContextHandler	dump	(Ljava/lang/Appendable;Ljava/lang/String;)V	INVOKE_DYNAMIC	[java/lang/invoke/StringConcatFactory::makeConcatWithConstants(Ljava/lang/invoke/MethodHandles$Lookup;Ljava/lang/String;Ljava/lang/invoke/MethodType;Ljava/lang/String;[Ljava/lang/Object;)Ljava/lang/invoke/CallSite;]::makeConcatWithConstants(Lorg/eclipse/jetty/server/handler/ContextHandler;)Ljava/lang/String;
org/eclipse/jetty/server/handler/ContextHandler$Context	addListener	(Ljava/util/EventListener;)V	INVOKE_STATIC	java/lang/Object::getClass()Ljava/lang/Class;
org/eclipse/jetty/server/handler/DebugHandler	handle	(Ljava/lang/String;Lorg/eclipse/jetty/server/Request;Ljavax/servlet/http/HttpServletRequest;Ljavax/servlet/http/HttpServletResponse;)V	INVOKE_DYNAMIC	[java/lang/invoke/StringConcatFactory::makeConcatWithConstants(Ljava/lang/invoke/MethodHandles$Lookup;Ljava/lang/String;Ljava/lang/invoke/MethodType;Ljava/lang/String;[Ljava/lang/Object;)Ljava/lang/invoke/CallSite;]::makeConcatWithConstants(Ljava/lang/String;Ljava/lang/Throwable;)Ljava/lang/String;
org/eclipse/jetty/server/handler/DebugHandler	onClosed	(Lorg/eclipse/jetty/io/Connection;)V	INVOKE_STATIC	java/lang/Object::toString()Ljava/lang/String;
org/eclipse/jetty/server/handler/DebugHandler	onOpened	(Lorg/eclipse/jetty/io/Connection;)V	INVOKE_STATIC	java/lang/Object::toString()Ljava/lang/String;
org/eclipse/jetty/server/handler/gzip/GzipHttpOutputInterceptor	write	(Ljava/nio/ByteBuffer;ZLorg/eclipse/jetty/util/Callback;)V	INVOKE_DYNAMIC	[java/lang/invoke/StringConcatFactory::makeConcatWithConstants(Ljava/lang/invoke/MethodHandles$Lookup;Ljava/lang/String;Ljava/lang/invoke/MethodType;Ljava/lang/String;[Ljava/lang/Object;)Ljava/lang/invoke/CallSite;]::makeConcatWithConstants(Ljava/lang/Object;)Ljava/lang/String;
org/eclipse/jetty/server/session/DefaultSessionIdManager	newSessionId	(Ljavax/servlet/http/HttpServletRequest;J)Ljava/lang/String;	INVOKE_STATIC	java/lang/Object::hashCode()I
org/eclipse/jetty/server/session/DefaultSessionIdManager	renewSessionId	(Ljava/lang/String;Ljava/lang/String;Ljavax/servlet/http/HttpServletRequest;)Ljava/lang/String;	INVOKE_STATIC	java/lang/Object::hashCode()I
org/eclipse/jetty/server/session/FileSessionDataStore	doStore	(Ljava/lang/String;Lorg/eclipse/jetty/server/session/SessionData;J)V	INVOKE_DYNAMIC	[java/lang/invoke/StringConcatFactory::makeConcatWithConstants(Ljava/lang/invoke/MethodHandles$Lookup;Ljava/lang/String;Ljava/lang/invoke/MethodType;Ljava/lang/String;[Ljava/lang/Object;)Ljava/lang/invoke/CallSite;]::makeConcatWithConstants(Ljava/io/File;)Ljava/lang/String;
org/eclipse/jetty/server/session/FileSessionDataStore	initializeStore	()V	INVOKE_DYNAMIC	[java/lang/invoke/StringConcatFactory::makeConcatWithConstants(Ljava/lang/invoke/MethodHandles$Lookup;Ljava/lang/String;Ljava/lang/invoke/MethodType;Ljava/lang/String;[Ljava/lang/Object;)Ljava/lang/invoke/CallSite;]::makeConcatWithConstants(Ljava/io/File;)Ljava/lang/String;
org/eclipse/jetty/server/session/UnreadableSessionDataException	<init>	(Ljava/lang/String;Lorg/eclipse/jetty/server/session/SessionContext;Ljava/lang/Throwable;)V	INVOKE_DYNAMIC	[java/lang/invoke/StringConcatFactory::makeConcatWithConstants(Ljava/lang/invoke/MethodHandles$Lookup;Ljava/lang/String;Ljava/lang/invoke/MethodType;Ljava/lang/String;[Ljava/lang/Object;)Ljava/lang/invoke/CallSite;]::makeConcatWithConstants(Ljava/lang/String;Lorg/eclipse/jetty/server/session/SessionContext;)Ljava/lang/String;
org/eclipse/jetty/server/session/UnwriteableSessionDataException	<init>	(Ljava/lang/String;Lorg/eclipse/jetty/server/session/SessionContext;Ljava/lang/Throwable;)V	INVOKE_DYNAMIC	[java/lang/invoke/StringConcatFactory::makeConcatWithConstants(Ljava/lang/invoke/MethodHandles$Lookup;Ljava/lang/String;Ljava/lang/invoke/MethodType;Ljava/lang/String;[Ljava/lang/Object;)Ljava/lang/invoke/CallSite;]::makeConcatWithConstants(Ljava/lang/String;Lorg/eclipse/jetty/server/session/SessionContext;)Ljava/lang/String;
