com/google/auto/common/MoreElements$CastingElementVisitor.class	.cache/jnorm2/code/craw-redhat-oss/wget/crawl/google-aoss/com/google/auto/auto-common/1.2.1/auto-common-1.2.1.jar/com.google.auto.common.MoreElements$CastingElementVisitor.jimple	.cache/jnorm2/code/craw-redhat-oss/wget/crawl/repo1.maven.org/maven2/com/google/auto/auto-common/1.2.1/auto-common-1.2.1.jar/com.google.auto.common.MoreElements$CastingElementVisitor.jimple
com/google/auto/common/MoreTypes$CastingUncheckedVisitor.class	.cache/jnorm2/code/craw-redhat-oss/wget/crawl/google-aoss/com/google/auto/auto-common/1.2.1/auto-common-1.2.1.jar/com.google.auto.common.MoreTypes$CastingUncheckedVisitor.jimple	.cache/jnorm2/code/craw-redhat-oss/wget/crawl/repo1.maven.org/maven2/com/google/auto/auto-common/1.2.1/auto-common-1.2.1.jar/com.google.auto.common.MoreTypes$CastingUncheckedVisitor.jimple
com/google/auto/common/SimpleAnnotationMirror.class	.cache/jnorm2/code/craw-redhat-oss/wget/crawl/google-aoss/com/google/auto/auto-common/1.2.1/auto-common-1.2.1.jar/com.google.auto.common.SimpleAnnotationMirror.jimple	.cache/jnorm2/code/craw-redhat-oss/wget/crawl/repo1.maven.org/maven2/com/google/auto/auto-common/1.2.1/auto-common-1.2.1.jar/com.google.auto.common.SimpleAnnotationMirror.jimple
com/google/auto/common/MoreTypes$IsTypeOf.class	.cache/jnorm2/code/craw-redhat-oss/wget/crawl/google-aoss/com/google/auto/auto-common/1.2.1/auto-common-1.2.1.jar/com.google.auto.common.MoreTypes$IsTypeOf.jimple	.cache/jnorm2/code/craw-redhat-oss/wget/crawl/repo1.maven.org/maven2/com/google/auto/auto-common/1.2.1/auto-common-1.2.1.jar/com.google.auto.common.MoreTypes$IsTypeOf.jimple
com/google/auto/common/AnnotationValues$1$1$4.class	.cache/jnorm2/code/craw-redhat-oss/wget/crawl/google-aoss/com/google/auto/auto-common/1.2.1/auto-common-1.2.1.jar/com.google.auto.common.AnnotationValues$1$1$4.jimple	.cache/jnorm2/code/craw-redhat-oss/wget/crawl/repo1.maven.org/maven2/com/google/auto/auto-common/1.2.1/auto-common-1.2.1.jar/com.google.auto.common.AnnotationValues$1$1$4.jimple
com/google/auto/common/AnnotationValues$1$1$1.class	.cache/jnorm2/code/craw-redhat-oss/wget/crawl/google-aoss/com/google/auto/auto-common/1.2.1/auto-common-1.2.1.jar/com.google.auto.common.AnnotationValues$1$1$1.jimple	.cache/jnorm2/code/craw-redhat-oss/wget/crawl/repo1.maven.org/maven2/com/google/auto/auto-common/1.2.1/auto-common-1.2.1.jar/com.google.auto.common.AnnotationValues$1$1$1.jimple
com/google/auto/common/AnnotationValues$ArrayVisitor.class	.cache/jnorm2/code/craw-redhat-oss/wget/crawl/google-aoss/com/google/auto/auto-common/1.2.1/auto-common-1.2.1.jar/com.google.auto.common.AnnotationValues$ArrayVisitor.jimple	.cache/jnorm2/code/craw-redhat-oss/wget/crawl/repo1.maven.org/maven2/com/google/auto/auto-common/1.2.1/auto-common-1.2.1.jar/com.google.auto.common.AnnotationValues$ArrayVisitor.jimple
com/google/auto/common/SuperficialValidation$3.class	.cache/jnorm2/code/craw-redhat-oss/wget/crawl/google-aoss/com/google/auto/auto-common/1.2.1/auto-common-1.2.1.jar/com.google.auto.common.SuperficialValidation$3.jimple	.cache/jnorm2/code/craw-redhat-oss/wget/crawl/repo1.maven.org/maven2/com/google/auto/auto-common/1.2.1/auto-common-1.2.1.jar/com.google.auto.common.SuperficialValidation$3.jimple
com/google/auto/common/AnnotationValues.class	.cache/jnorm2/code/craw-redhat-oss/wget/crawl/google-aoss/com/google/auto/auto-common/1.2.1/auto-common-1.2.1.jar/com.google.auto.common.AnnotationValues.jimple	.cache/jnorm2/code/craw-redhat-oss/wget/crawl/repo1.maven.org/maven2/com/google/auto/auto-common/1.2.1/auto-common-1.2.1.jar/com.google.auto.common.AnnotationValues.jimple
com/google/auto/common/MoreElements.class	.cache/jnorm2/code/craw-redhat-oss/wget/crawl/google-aoss/com/google/auto/auto-common/1.2.1/auto-common-1.2.1.jar/com.google.auto.common.MoreElements.jimple	.cache/jnorm2/code/craw-redhat-oss/wget/crawl/repo1.maven.org/maven2/com/google/auto/auto-common/1.2.1/auto-common-1.2.1.jar/com.google.auto.common.MoreElements.jimple
com/google/auto/common/SimpleTypeAnnotationValue.class	.cache/jnorm2/code/craw-redhat-oss/wget/crawl/google-aoss/com/google/auto/auto-common/1.2.1/auto-common-1.2.1.jar/com.google.auto.common.SimpleTypeAnnotationValue.jimple	.cache/jnorm2/code/craw-redhat-oss/wget/crawl/repo1.maven.org/maven2/com/google/auto/auto-common/1.2.1/auto-common-1.2.1.jar/com.google.auto.common.SimpleTypeAnnotationValue.jimple
com/google/auto/common/AnnotationValues$1$1$2.class	.cache/jnorm2/code/craw-redhat-oss/wget/crawl/google-aoss/com/google/auto/auto-common/1.2.1/auto-common-1.2.1.jar/com.google.auto.common.AnnotationValues$1$1$2.jimple	.cache/jnorm2/code/craw-redhat-oss/wget/crawl/repo1.maven.org/maven2/com/google/auto/auto-common/1.2.1/auto-common-1.2.1.jar/com.google.auto.common.AnnotationValues$1$1$2.jimple
com/google/auto/common/Overrides$ExplicitOverrides$TypeSubstVisitor.class	.cache/jnorm2/code/craw-redhat-oss/wget/crawl/google-aoss/com/google/auto/auto-common/1.2.1/auto-common-1.2.1.jar/com.google.auto.common.Overrides$ExplicitOverrides$TypeSubstVisitor.jimple	.cache/jnorm2/code/craw-redhat-oss/wget/crawl/repo1.maven.org/maven2/com/google/auto/auto-common/1.2.1/auto-common-1.2.1.jar/com.google.auto.common.Overrides$ExplicitOverrides$TypeSubstVisitor.jimple
com/google/auto/common/AnnotationValues$1$1.class	.cache/jnorm2/code/craw-redhat-oss/wget/crawl/google-aoss/com/google/auto/auto-common/1.2.1/auto-common-1.2.1.jar/com.google.auto.common.AnnotationValues$1$1.jimple	.cache/jnorm2/code/craw-redhat-oss/wget/crawl/repo1.maven.org/maven2/com/google/auto/auto-common/1.2.1/auto-common-1.2.1.jar/com.google.auto.common.AnnotationValues$1$1.jimple
com/google/auto/common/MoreTypes.class	.cache/jnorm2/code/craw-redhat-oss/wget/crawl/google-aoss/com/google/auto/auto-common/1.2.1/auto-common-1.2.1.jar/com.google.auto.common.MoreTypes.jimple	.cache/jnorm2/code/craw-redhat-oss/wget/crawl/repo1.maven.org/maven2/com/google/auto/auto-common/1.2.1/auto-common-1.2.1.jar/com.google.auto.common.MoreTypes.jimple
com/google/auto/common/BasicAnnotationProcessor.class	.cache/jnorm2/code/craw-redhat-oss/wget/crawl/google-aoss/com/google/auto/auto-common/1.2.1/auto-common-1.2.1.jar/com.google.auto.common.BasicAnnotationProcessor.jimple	.cache/jnorm2/code/craw-redhat-oss/wget/crawl/repo1.maven.org/maven2/com/google/auto/auto-common/1.2.1/auto-common-1.2.1.jar/com.google.auto.common.BasicAnnotationProcessor.jimple
com/google/auto/common/MoreTypes$CastingTypeVisitor.class	.cache/jnorm2/code/craw-redhat-oss/wget/crawl/google-aoss/com/google/auto/auto-common/1.2.1/auto-common-1.2.1.jar/com.google.auto.common.MoreTypes$CastingTypeVisitor.jimple	.cache/jnorm2/code/craw-redhat-oss/wget/crawl/repo1.maven.org/maven2/com/google/auto/auto-common/1.2.1/auto-common-1.2.1.jar/com.google.auto.common.MoreTypes$CastingTypeVisitor.jimple
com/google/auto/common/AnnotationValues$DefaultVisitor.class	.cache/jnorm2/code/craw-redhat-oss/wget/crawl/google-aoss/com/google/auto/auto-common/1.2.1/auto-common-1.2.1.jar/com.google.auto.common.AnnotationValues$DefaultVisitor.jimple	.cache/jnorm2/code/craw-redhat-oss/wget/crawl/repo1.maven.org/maven2/com/google/auto/auto-common/1.2.1/auto-common-1.2.1.jar/com.google.auto.common.AnnotationValues$DefaultVisitor.jimple
com/google/auto/common/AnnotationMirrors.class	.cache/jnorm2/code/craw-redhat-oss/wget/crawl/google-aoss/com/google/auto/auto-common/1.2.1/auto-common-1.2.1.jar/com.google.auto.common.AnnotationMirrors.jimple	.cache/jnorm2/code/craw-redhat-oss/wget/crawl/repo1.maven.org/maven2/com/google/auto/auto-common/1.2.1/auto-common-1.2.1.jar/com.google.auto.common.AnnotationMirrors.jimple
com/google/auto/common/AnnotationValues$1$2.class	.cache/jnorm2/code/craw-redhat-oss/wget/crawl/google-aoss/com/google/auto/auto-common/1.2.1/auto-common-1.2.1.jar/com.google.auto.common.AnnotationValues$1$2.jimple	.cache/jnorm2/code/craw-redhat-oss/wget/crawl/repo1.maven.org/maven2/com/google/auto/auto-common/1.2.1/auto-common-1.2.1.jar/com.google.auto.common.AnnotationValues$1$2.jimple
com/google/auto/common/BasicAnnotationProcessor$ProcessingStepAsStep.class	.cache/jnorm2/code/craw-redhat-oss/wget/crawl/google-aoss/com/google/auto/auto-common/1.2.1/auto-common-1.2.1.jar/com.google.auto.common.BasicAnnotationProcessor$ProcessingStepAsStep.jimple	.cache/jnorm2/code/craw-redhat-oss/wget/crawl/repo1.maven.org/maven2/com/google/auto/auto-common/1.2.1/auto-common-1.2.1.jar/com.google.auto.common.BasicAnnotationProcessor$ProcessingStepAsStep.jimple
com/google/auto/common/MoreTypes$AsElementVisitor.class	.cache/jnorm2/code/craw-redhat-oss/wget/crawl/google-aoss/com/google/auto/auto-common/1.2.1/auto-common-1.2.1.jar/com.google.auto.common.MoreTypes$AsElementVisitor.jimple	.cache/jnorm2/code/craw-redhat-oss/wget/crawl/repo1.maven.org/maven2/com/google/auto/auto-common/1.2.1/auto-common-1.2.1.jar/com.google.auto.common.MoreTypes$AsElementVisitor.jimple
com/google/auto/common/AnnotationValues$1$1$3.class	.cache/jnorm2/code/craw-redhat-oss/wget/crawl/google-aoss/com/google/auto/auto-common/1.2.1/auto-common-1.2.1.jar/com.google.auto.common.AnnotationValues$1$1$3.jimple	.cache/jnorm2/code/craw-redhat-oss/wget/crawl/repo1.maven.org/maven2/com/google/auto/auto-common/1.2.1/auto-common-1.2.1.jar/com.google.auto.common.AnnotationValues$1$1$3.jimple
