com/google/common/cache/RemovalListeners	lambda$null$0	(Lcom/google/common/cache/RemovalListener;Lcom/google/common/cache/RemovalNotification;)V	INVOKE_STATIC	com/google/common/cache/RemovalListener::onRemoval(Lcom/google/common/cache/RemovalNotification;)V
com/google/common/collect/AbstractMapBasedMultimap	access$200	(Lcom/google/common/collect/AbstractMapBasedMultimap;)I	GET_FIELD	com/google/common/collect/AbstractMapBasedMultimap::totalSize|I
com/google/common/collect/AbstractMapBasedMultimap	access$202	(Lcom/google/common/collect/AbstractMapBasedMultimap;I)I	GET_FIELD	com/google/common/collect/AbstractMapBasedMultimap::totalSize|I
com/google/common/collect/AbstractMapBasedMultimap	lambda$null$0	(Ljava/lang/Object;Ljava/lang/Object;)Ljava/util/Map$Entry;	INVOKE_STATIC	com/google/common/collect/Maps::immutableEntry(Ljava/lang/Object;Ljava/lang/Object;)Ljava/util/Map$Entry;
com/google/common/collect/AbstractMapBasedMultimap	lambda$null$2	(Ljava/util/function/BiConsumer;Ljava/lang/Object;Ljava/lang/Object;)V	INVOKE_STATIC	java/util/function/BiConsumer::accept(Ljava/lang/Object;Ljava/lang/Object;)V
com/google/common/collect/AbstractMapBasedMultimap$AsMap	remove	(Ljava/lang/Object;)Ljava/util/Collection;	INVOKE_STATIC	com/google/common/collect/AbstractMapBasedMultimap::access$200(Lcom/google/common/collect/AbstractMapBasedMultimap;)I
com/google/common/collect/AbstractMapBasedMultimap$AsMap	remove	(Ljava/lang/Object;)Ljava/util/Collection;	INVOKE_STATIC	com/google/common/collect/AbstractMapBasedMultimap::access$202(Lcom/google/common/collect/AbstractMapBasedMultimap;I)I
com/google/common/collect/AbstractMapBasedMultimap$AsMap$AsMapIterator	remove	()V	INVOKE_STATIC	com/google/common/collect/AbstractMapBasedMultimap::access$200(Lcom/google/common/collect/AbstractMapBasedMultimap;)I
com/google/common/collect/AbstractMapBasedMultimap$AsMap$AsMapIterator	remove	()V	INVOKE_STATIC	com/google/common/collect/AbstractMapBasedMultimap::access$202(Lcom/google/common/collect/AbstractMapBasedMultimap;I)I
com/google/common/collect/AbstractMapBasedMultimap$KeySet	remove	(Ljava/lang/Object;)Z	INVOKE_STATIC	com/google/common/collect/AbstractMapBasedMultimap::access$200(Lcom/google/common/collect/AbstractMapBasedMultimap;)I
com/google/common/collect/AbstractMapBasedMultimap$KeySet	remove	(Ljava/lang/Object;)Z	INVOKE_STATIC	com/google/common/collect/AbstractMapBasedMultimap::access$202(Lcom/google/common/collect/AbstractMapBasedMultimap;I)I
com/google/common/collect/AbstractMapBasedMultimap$KeySet$1	remove	()V	INVOKE_STATIC	com/google/common/collect/AbstractMapBasedMultimap::access$200(Lcom/google/common/collect/AbstractMapBasedMultimap;)I
com/google/common/collect/AbstractMapBasedMultimap$KeySet$1	remove	()V	INVOKE_STATIC	com/google/common/collect/AbstractMapBasedMultimap::access$202(Lcom/google/common/collect/AbstractMapBasedMultimap;I)I
com/google/common/collect/AbstractMapBasedMultimap$WrappedCollection	addAll	(Ljava/util/Collection;)Z	INVOKE_STATIC	com/google/common/collect/AbstractMapBasedMultimap::access$200(Lcom/google/common/collect/AbstractMapBasedMultimap;)I
com/google/common/collect/AbstractMapBasedMultimap$WrappedCollection	addAll	(Ljava/util/Collection;)Z	INVOKE_STATIC	com/google/common/collect/AbstractMapBasedMultimap::access$202(Lcom/google/common/collect/AbstractMapBasedMultimap;I)I
com/google/common/collect/AbstractMapBasedMultimap$WrappedCollection	clear	()V	INVOKE_STATIC	com/google/common/collect/AbstractMapBasedMultimap::access$200(Lcom/google/common/collect/AbstractMapBasedMultimap;)I
com/google/common/collect/AbstractMapBasedMultimap$WrappedCollection	clear	()V	INVOKE_STATIC	com/google/common/collect/AbstractMapBasedMultimap::access$202(Lcom/google/common/collect/AbstractMapBasedMultimap;I)I
com/google/common/collect/AbstractMapBasedMultimap$WrappedCollection	removeAll	(Ljava/util/Collection;)Z	INVOKE_STATIC	com/google/common/collect/AbstractMapBasedMultimap::access$200(Lcom/google/common/collect/AbstractMapBasedMultimap;)I
com/google/common/collect/AbstractMapBasedMultimap$WrappedCollection	removeAll	(Ljava/util/Collection;)Z	INVOKE_STATIC	com/google/common/collect/AbstractMapBasedMultimap::access$202(Lcom/google/common/collect/AbstractMapBasedMultimap;I)I
com/google/common/collect/AbstractMapBasedMultimap$WrappedCollection	retainAll	(Ljava/util/Collection;)Z	INVOKE_STATIC	com/google/common/collect/AbstractMapBasedMultimap::access$200(Lcom/google/common/collect/AbstractMapBasedMultimap;)I
com/google/common/collect/AbstractMapBasedMultimap$WrappedCollection	retainAll	(Ljava/util/Collection;)Z	INVOKE_STATIC	com/google/common/collect/AbstractMapBasedMultimap::access$202(Lcom/google/common/collect/AbstractMapBasedMultimap;I)I
com/google/common/collect/AbstractMapBasedMultimap$WrappedList	addAll	(ILjava/util/Collection;)Z	INVOKE_STATIC	com/google/common/collect/AbstractMapBasedMultimap::access$200(Lcom/google/common/collect/AbstractMapBasedMultimap;)I
com/google/common/collect/AbstractMapBasedMultimap$WrappedList	addAll	(ILjava/util/Collection;)Z	INVOKE_STATIC	com/google/common/collect/AbstractMapBasedMultimap::access$202(Lcom/google/common/collect/AbstractMapBasedMultimap;I)I
com/google/common/collect/AbstractMapBasedMultimap$WrappedSet	removeAll	(Ljava/util/Collection;)Z	INVOKE_STATIC	com/google/common/collect/AbstractMapBasedMultimap::access$200(Lcom/google/common/collect/AbstractMapBasedMultimap;)I
com/google/common/collect/AbstractMapBasedMultimap$WrappedSet	removeAll	(Ljava/util/Collection;)Z	INVOKE_STATIC	com/google/common/collect/AbstractMapBasedMultimap::access$202(Lcom/google/common/collect/AbstractMapBasedMultimap;I)I
com/google/common/collect/AbstractMapBasedMultiset	access$000	(Lcom/google/common/collect/AbstractMapBasedMultiset;)J	GET_FIELD	com/google/common/collect/AbstractMapBasedMultiset::size|J
com/google/common/collect/AbstractMapBasedMultiset	access$002	(Lcom/google/common/collect/AbstractMapBasedMultiset;J)J	GET_FIELD	com/google/common/collect/AbstractMapBasedMultiset::size|J
com/google/common/collect/AbstractMapBasedMultiset$1	remove	()V	INVOKE_STATIC	com/google/common/collect/AbstractMapBasedMultiset::access$000(Lcom/google/common/collect/AbstractMapBasedMultiset;)J
com/google/common/collect/AbstractMapBasedMultiset$1	remove	()V	INVOKE_STATIC	com/google/common/collect/AbstractMapBasedMultiset::access$002(Lcom/google/common/collect/AbstractMapBasedMultiset;J)J
com/google/common/collect/AbstractMapBasedMultiset$2	remove	()V	INVOKE_STATIC	com/google/common/collect/AbstractMapBasedMultiset::access$000(Lcom/google/common/collect/AbstractMapBasedMultiset;)J
com/google/common/collect/AbstractMapBasedMultiset$2	remove	()V	INVOKE_STATIC	com/google/common/collect/AbstractMapBasedMultiset::access$002(Lcom/google/common/collect/AbstractMapBasedMultiset;J)J
com/google/common/collect/CollectCollectors	flatteningToImmutableListMultimap	(Ljava/util/function/Function;Ljava/util/function/Function;)Ljava/util/stream/Collector;	INVOKE_VIRTUAL	java/lang/Object::getClass()Ljava/lang/Class;
com/google/common/collect/CollectCollectors	flatteningToImmutableSetMultimap	(Ljava/util/function/Function;Ljava/util/function/Function;)Ljava/util/stream/Collector;	INVOKE_VIRTUAL	java/lang/Object::getClass()Ljava/lang/Class;
com/google/common/collect/CollectCollectors	lambda$flatteningToMultimap$26	(Ljava/util/function/Function;Ljava/util/function/Function;Lcom/google/common/collect/Multimap;Ljava/lang/Object;)V	INVOKE_VIRTUAL	java/lang/Object::getClass()Ljava/lang/Class;
com/google/common/collect/CollectCollectors	lambda$null$12	(Ljava/lang/Object;Ljava/lang/Object;)Ljava/lang/Object;	CONSTANT	 type: class java.lang.String; value: , 
com/google/common/collect/CollectCollectors	lambda$null$12	(Ljava/lang/Object;Ljava/lang/Object;)Ljava/lang/Object;	CONSTANT	 type: class java.lang.String; value: Multiple values for key: 
com/google/common/collect/CollectCollectors	lambda$null$12	(Ljava/lang/Object;Ljava/lang/Object;)Ljava/lang/Object;	INVOKE_SPECIAL	java/lang/IllegalArgumentException::<init>(Ljava/lang/String;)V
com/google/common/collect/CollectCollectors	lambda$null$12	(Ljava/lang/Object;Ljava/lang/Object;)Ljava/lang/Object;	INVOKE_SPECIAL	java/lang/StringBuilder::<init>()V
com/google/common/collect/CollectCollectors	lambda$null$12	(Ljava/lang/Object;Ljava/lang/Object;)Ljava/lang/Object;	INVOKE_VIRTUAL	java/lang/StringBuilder::append(Ljava/lang/Object;)Ljava/lang/StringBuilder;
com/google/common/collect/CollectCollectors	lambda$null$12	(Ljava/lang/Object;Ljava/lang/Object;)Ljava/lang/Object;	INVOKE_VIRTUAL	java/lang/StringBuilder::append(Ljava/lang/String;)Ljava/lang/StringBuilder;
com/google/common/collect/CollectCollectors	lambda$null$12	(Ljava/lang/Object;Ljava/lang/Object;)Ljava/lang/Object;	INVOKE_VIRTUAL	java/lang/StringBuilder::toString()Ljava/lang/String;
com/google/common/collect/Collections2$FilteredCollection	removeAll	(Ljava/util/Collection;)Z	INVOKE_VIRTUAL	java/lang/Object::getClass()Ljava/lang/Class;
com/google/common/collect/EnumMultiset	access$300	(Lcom/google/common/collect/EnumMultiset;)J	GET_FIELD	com/google/common/collect/EnumMultiset::size|J
com/google/common/collect/EnumMultiset	access$302	(Lcom/google/common/collect/EnumMultiset;J)J	GET_FIELD	com/google/common/collect/EnumMultiset::size|J
com/google/common/collect/EnumMultiset$Itr	remove	()V	INVOKE_STATIC	com/google/common/collect/EnumMultiset::access$300(Lcom/google/common/collect/EnumMultiset;)J
com/google/common/collect/EnumMultiset$Itr	remove	()V	INVOKE_STATIC	com/google/common/collect/EnumMultiset::access$302(Lcom/google/common/collect/EnumMultiset;J)J
com/google/common/collect/ImmutableMultimap	lambda$null$0	(Ljava/lang/Object;Ljava/lang/Object;)Ljava/util/Map$Entry;	INVOKE_STATIC	com/google/common/collect/Maps::immutableEntry(Ljava/lang/Object;Ljava/lang/Object;)Ljava/util/Map$Entry;
com/google/common/collect/ImmutableMultimap	lambda$null$2	(Ljava/util/function/BiConsumer;Ljava/lang/Object;Ljava/lang/Object;)V	INVOKE_STATIC	java/util/function/BiConsumer::accept(Ljava/lang/Object;Ljava/lang/Object;)V
com/google/common/collect/ImmutableSortedAsList	spliterator	()Ljava/util/Spliterator;	INVOKE_VIRTUAL	java/lang/Object::getClass()Ljava/lang/Class;
com/google/common/collect/Multisets	addAllImpl	(Lcom/google/common/collect/Multiset;Lcom/google/common/collect/Multiset;)Z	INVOKE_VIRTUAL	java/lang/Object::getClass()Ljava/lang/Class;
com/google/common/collect/Sets$2	parallelStream	()Ljava/util/stream/Stream;	INVOKE_VIRTUAL	java/lang/Object::getClass()Ljava/lang/Class;
com/google/common/collect/Sets$2	stream	()Ljava/util/stream/Stream;	INVOKE_VIRTUAL	java/lang/Object::getClass()Ljava/lang/Class;
com/google/common/collect/StandardTable	lambda$null$0	(Ljava/util/Map$Entry;Ljava/util/Map$Entry;)Lcom/google/common/collect/Table$Cell;	INVOKE_STATIC	com/google/common/collect/Tables::immutableCell(Ljava/lang/Object;Ljava/lang/Object;Ljava/lang/Object;)Lcom/google/common/collect/Table$Cell;
com/google/common/collect/StandardTable	lambda$null$0	(Ljava/util/Map$Entry;Ljava/util/Map$Entry;)Lcom/google/common/collect/Table$Cell;	INVOKE_STATIC	java/util/Map$Entry::getKey()Ljava/lang/Object;
com/google/common/collect/StandardTable	lambda$null$0	(Ljava/util/Map$Entry;Ljava/util/Map$Entry;)Lcom/google/common/collect/Table$Cell;	INVOKE_STATIC	java/util/Map$Entry::getValue()Ljava/lang/Object;
com/google/common/collect/Streams	findLast	(Ljava/util/stream/Stream;)Ljava/util/Optional;	INVOKE_VIRTUAL	java/lang/Object::getClass()Ljava/lang/Class;
com/google/common/collect/Streams	mapWithIndex	(Ljava/util/stream/DoubleStream;Lcom/google/common/collect/Streams$DoubleFunctionWithIndex;)Ljava/util/stream/Stream;	INVOKE_VIRTUAL	java/lang/Object::getClass()Ljava/lang/Class;
com/google/common/collect/Streams	mapWithIndex	(Ljava/util/stream/IntStream;Lcom/google/common/collect/Streams$IntFunctionWithIndex;)Ljava/util/stream/Stream;	INVOKE_VIRTUAL	java/lang/Object::getClass()Ljava/lang/Class;
com/google/common/collect/Streams	mapWithIndex	(Ljava/util/stream/LongStream;Lcom/google/common/collect/Streams$LongFunctionWithIndex;)Ljava/util/stream/Stream;	INVOKE_VIRTUAL	java/lang/Object::getClass()Ljava/lang/Class;
com/google/common/collect/Streams	mapWithIndex	(Ljava/util/stream/Stream;Lcom/google/common/collect/Streams$FunctionWithIndex;)Ljava/util/stream/Stream;	INVOKE_VIRTUAL	java/lang/Object::getClass()Ljava/lang/Class;
com/google/common/collect/Streams	zip	(Ljava/util/stream/Stream;Ljava/util/stream/Stream;Ljava/util/function/BiFunction;)Ljava/util/stream/Stream;	INVOKE_VIRTUAL	java/lang/Object::getClass()Ljava/lang/Class;
com/google/common/graph/AbstractNetwork	edgeIncidentNodesMap	(Lcom/google/common/graph/Network;)Ljava/util/Map;	INVOKE_VIRTUAL	java/lang/Object::getClass()Ljava/lang/Class;
com/google/common/reflect/Types$ParameterizedTypeImpl	toString	()Ljava/lang/String;	INVOKE_VIRTUAL	java/lang/Object::getClass()Ljava/lang/Class;
