mvnc	org/apache/hadoop	hadoop-hdfs	3.3.5	org.apache.hadoop.hdfs.server.balancer.Dispatcher_ESTest	org/apache/hadoop/hdfs/server/balancer	org/apache/hadoop/hdfs/server/balancer/Dispatcher$Task	<init>	(Lorg/apache/hadoop/hdfs/server/balancer/Dispatcher$DDatanode$StorageGroup;J)V
mvnc	org/apache/hadoop	hadoop-hdfs	3.3.5	org.apache.hadoop.hdfs.server.balancer.Dispatcher_ESTest	org/apache/hadoop/hdfs/server/balancer	org/apache/hadoop/hdfs/server/balancer/Dispatcher$Task	getSize	()J
mvnc	org/apache/hadoop	hadoop-hdfs	3.3.5	org.apache.hadoop.hdfs.server.balancer.Dispatcher_ESTest	org/apache/hadoop/hdfs/server/balancer	org/apache/hadoop/hdfs/server/balancer/Dispatcher$GlobalBlockMap	<init>	()V
mvnc	org/apache/hadoop	hadoop-hdfs	3.3.5	org.apache.hadoop.hdfs.server.balancer.Dispatcher_ESTest	org/apache/hadoop/hdfs/server/balancer	org/apache/hadoop/hdfs/server/balancer/Dispatcher	<init>	(Lorg/apache/hadoop/hdfs/server/balancer/NameNodeConnector;Ljava/util/Set;Ljava/util/Set;JIIIJJIIJLorg/apache/hadoop/conf/Configuration;)V
mvnc	org/apache/hadoop	hadoop-hdfs	3.3.5	org.apache.hadoop.hdfs.server.balancer.Dispatcher_ESTest	org/apache/hadoop/hdfs/server/balancer	org/apache/hadoop/hdfs/server/balancer/Dispatcher	waitForMoveCompletion	(Ljava/lang/Iterable;)Z
mvnc	org/apache/hadoop	hadoop-hdfs	3.3.5	org.apache.hadoop.hdfs.server.balancer.Dispatcher_ESTest	org/apache/hadoop/hdfs/server/balancer	org/apache/hadoop/hdfs/server/balancer/Dispatcher	checkForBlockPinningFailures	(Ljava/util/Map;Ljava/lang/Iterable;)V
mvnc	org/apache/hadoop	hadoop-hdfs	3.3.5	org.apache.hadoop.hdfs.server.balancer.Dispatcher_ESTest	org/apache/hadoop/hdfs/server/balancer	org/apache/hadoop/hdfs/server/balancer/Dispatcher	checkForSuccess	(Ljava/lang/Iterable;)Z
mvnc	org/apache/hadoop	hadoop-hdfs	3.3.5	org.apache.hadoop.hdfs.server.balancer.Dispatcher_ESTest	org/apache/hadoop/hdfs/server/balancer	org/apache/hadoop/hdfs/server/balancer/Dispatcher	setDelayAfterErrors	(J)V
mvnc	org/apache/hadoop	hadoop-hdfs	3.3.5	org.apache.hadoop.hdfs.server.balancer.Dispatcher_ESTest	org/apache/hadoop/hdfs/server/balancer	org/apache/hadoop/hdfs/server/balancer/Dispatcher	<clinit>	()V
mvnc	org/apache/hadoop	hadoop-hdfs	3.3.5	org.apache.hadoop.hdfs.server.balancer.Dispatcher_ESTest	org/apache/hadoop/hdfs/server/balancer	org/apache/hadoop/hdfs/server/balancer/Dispatcher$StorageGroupMap	<init>	()V
mvnc	org/apache/hadoop	hadoop-hdfs	3.3.5	org.apache.hadoop.hdfs.server.balancer.Dispatcher_ESTest	org/apache/hadoop/hdfs/server/balancer	org/apache/hadoop/hdfs/server/balancer/Dispatcher$StorageGroupMap	toKey	(Ljava/lang/String;Lorg/apache/hadoop/fs/StorageType;)Ljava/lang/String;
mvnc	org/apache/hadoop	hadoop-hdfs	3.3.5	org.apache.hadoop.hdfs.server.balancer.Dispatcher_ESTest	org/apache/hadoop/hdfs/server/balancer	org/apache/hadoop/hdfs/server/balancer/Dispatcher$StorageGroupMap	get	(Ljava/lang/String;Lorg/apache/hadoop/fs/StorageType;)Lorg/apache/hadoop/hdfs/server/balancer/Dispatcher$DDatanode$StorageGroup;
mvnc	org/apache/hadoop	hadoop-hdfs	3.3.5	org.apache.hadoop.hdfs.server.balancer.Dispatcher_ESTest	org/apache/hadoop/hdfs/server/balancer	org/apache/hadoop/hdfs/server/balancer/Dispatcher$StorageGroupMap	size	()I
mvnc	org/apache/hadoop	hadoop-hdfs	3.3.5	org.apache.hadoop.hdfs.server.balancer.Dispatcher_ESTest	org/apache/hadoop/hdfs/server/balancer	org/apache/hadoop/hdfs/server/balancer/Dispatcher$StorageGroupMap	clear	()V
mvnc	org/apache/hadoop	hadoop-hdfs	3.3.5	org.apache.hadoop.hdfs.server.balancer.Dispatcher_ESTest	org/apache/hadoop/hdfs/server/balancer	org/apache/hadoop/hdfs/server/balancer/Dispatcher$StorageGroupMap	values	()Ljava/util/Collection;
mvnc	org/apache/hadoop	hadoop-hdfs	3.3.5	org.apache.hadoop.hdfs.server.balancer.Dispatcher_ESTest	org/apache/hadoop/hdfs/server/balancer	org/apache/hadoop/hdfs/server/balancer/MovedBlocks	<init>	(J)V
mvnc	org/apache/hadoop	hadoop-hdfs	3.3.5	org.apache.hadoop.hdfs.server.balancer.Dispatcher_ESTest	org/apache/hadoop/hdfs/server/balancer	org/apache/hadoop/hdfs/server/balancer/MovedBlocks	newMap	()Ljava/util/Map;
mvnc	org/apache/hadoop	hadoop-hdfs	3.3.5	org.apache.hadoop.hdfs.server.balancer.Dispatcher_ESTest	org/apache/hadoop/hdfs/server/balancer	org/apache/hadoop/hdfs/server/balancer/Dispatcher$PendingMove	<clinit>	()V
mvnc	org/apache/hadoop	hadoop-hdfs	3.3.5	org.apache.hadoop.hdfs.server.balancer.Dispatcher_ESTest	org/apache/hadoop/hdfs/server/balancer	org/apache/hadoop/hdfs/server/balancer/MovedBlocks$Locations	<init>	(Lorg/apache/hadoop/hdfs/protocol/Block;)V
mvnc	org/apache/hadoop	hadoop-hdfs	3.3.5	org.apache.hadoop.hdfs.server.balancer.Dispatcher_ESTest	org/apache/hadoop/hdfs/server/balancer	org/apache/hadoop/hdfs/server/balancer/MovedBlocks$Locations	addLocation	(Ljava/lang/Object;)V
mvnc	org/apache/hadoop	hadoop-hdfs	3.3.5	org.apache.hadoop.hdfs.server.balancer.Dispatcher_ESTest	org/apache/hadoop/hdfs/server/balancer	org/apache/hadoop/hdfs/server/balancer/MovedBlocks$Locations	getBlock	()Lorg/apache/hadoop/hdfs/protocol/Block;
mvnc	org/apache/hadoop	hadoop-hdfs	3.3.5	org.apache.hadoop.hdfs.server.balancer.Dispatcher_ESTest	org/apache/hadoop/hdfs/server/balancer	org/apache/hadoop/hdfs/server/balancer/MovedBlocks$Locations	getNumBytes	()J
mvnc	org/apache/hadoop	hadoop-hdfs	3.3.5	org.apache.hadoop.hdfs.server.balancer.Dispatcher_ESTest	org/apache/hadoop/hdfs/server/balancer	org/apache/hadoop/hdfs/server/balancer/Dispatcher$DBlock	<init>	(Lorg/apache/hadoop/hdfs/protocol/Block;)V
mvnc	org/apache/hadoop	hadoop-hdfs	3.3.5	org.apache.hadoop.hdfs.server.balancer.Dispatcher_ESTest	org/apache/hadoop/hdfs/server/balancer	org/apache/hadoop/hdfs/server/balancer/Dispatcher$Util	<init>	()V
mvnc	org/apache/hadoop	hadoop-hdfs	3.3.5	org.apache.hadoop.hdfs.server.balancer.Dispatcher_ESTest	org/apache/hadoop/hdfs/server/balancer	org/apache/hadoop/hdfs/server/balancer/Dispatcher$Util	isIncluded	(Ljava/util/Set;Lorg/apache/hadoop/hdfs/protocol/DatanodeInfo;)Z
mvnc	org/apache/hadoop	hadoop-hdfs	3.3.5	org.apache.hadoop.hdfs.server.balancer.Dispatcher_ESTest	org/apache/hadoop/hdfs/server/balancer	org/apache/hadoop/hdfs/server/balancer/Dispatcher$Allocator	<init>	(I)V
mvnc	org/apache/hadoop	hadoop-hdfs	3.3.5	org.apache.hadoop.hdfs.server.balancer.Dispatcher_ESTest	org/apache/hadoop/hdfs/server/balancer	org/apache/hadoop/hdfs/server/balancer/Dispatcher$Allocator	allocate	(I)I
mvnc	org/apache/hadoop	hadoop-hdfs	3.3.5	org.apache.hadoop.hdfs.server.balancer.Dispatcher_ESTest	org/apache/hadoop/hdfs/server/balancer	org/apache/hadoop/hdfs/server/balancer/Dispatcher$Allocator	allocate	()I
mvnc	org/apache/hadoop	hadoop-hdfs	3.3.5	org.apache.hadoop.hdfs.server.balancer.Dispatcher_ESTest	org/apache/hadoop/hdfs/server/balancer	org/apache/hadoop/hdfs/server/balancer/Dispatcher$Allocator	reset	()V
mvnc	org/apache/hadoop	hadoop-hdfs	3.3.5	org.apache.hadoop.hdfs.server.balancer.Dispatcher_ESTest	org/apache/hadoop/hdfs/server/balancer	org/apache/hadoop/hdfs/server/balancer/Dispatcher$Allocator	setLotSize	(I)V
mvnc	org/apache/hadoop	hadoop-hdfs	3.3.5	org.apache.hadoop.hdfs.server.balancer.Dispatcher_ESTest	org/apache/hadoop/hdfs/server/balancer	org/apache/hadoop/hdfs/server/balancer/NameNodeConnector	<clinit>	()V
mvnc	org/apache/hadoop	hadoop-hdfs	3.3.5	org.apache.hadoop.hdfs.server.balancer.Dispatcher_ESTest	org/apache/hadoop/hdfs/server/balancer	org/apache/hadoop/hdfs/server/balancer/Dispatcher$DBlockStriped	<init>	(Lorg/apache/hadoop/hdfs/protocol/Block;[BSI)V
mvnc	org/apache/hadoop	hadoop-hdfs	3.3.5	org.apache.hadoop.hdfs.server.balancer.Dispatcher_ESTest	org/apache/hadoop/hdfs/server/balancer	org/apache/hadoop/hdfs/server/balancer/Dispatcher$DBlockStriped	getInternalBlock	(Lorg/apache/hadoop/hdfs/server/balancer/Dispatcher$DDatanode$StorageGroup;)Lorg/apache/hadoop/hdfs/server/balancer/Dispatcher$DBlock;
mvnc	org/apache/hadoop	hadoop-hdfs	3.3.5	org.apache.hadoop.hdfs.server.balancer.Dispatcher_ESTest	org/apache/hadoop/hdfs/server/balancer	org/apache/hadoop/hdfs/server/balancer/Dispatcher$DBlockStriped	getNumBytes	(Lorg/apache/hadoop/hdfs/server/balancer/Dispatcher$DDatanode$StorageGroup;)J
mvnc	org/apache/hadoop	hadoop-hdfs	3.3.5	org.apache.hadoop.hdfs.server.balancer.Dispatcher_ESTest	org/apache/hadoop/hdfs/server/balancer	org/apache/hadoop/hdfs/server/balancer/Dispatcher$DBlockStriped	setIndices	([B)V
mvnc	org/apache/hadoop	hadoop-hdfs	3.3.5	org.apache.hadoop.hdfs.server.balancer.Dispatcher_ESTest	org/apache/hadoop/hdfs/server/balancer	org/apache/hadoop/hdfs/server/balancer/Dispatcher$DBlockStriped	adjustIndices	(Ljava/util/List;)V
mvnc	org/apache/hadoop	hadoop-hdfs	3.3.5	org.apache.hadoop.hdfs.server.balancer.Dispatcher_ESTest	org/apache/hadoop/hdfs	org/apache/hadoop/hdfs/NameNodeProxies	<clinit>	()V
