org/apache/curator/framework/recipes/AfterConnectionEstablished	execute	(Lorg/apache/curator/framework/CuratorFramework;Ljava/lang/Runnable;)Ljava/util/concurrent/Future;	INVOKE_VIRTUAL	java/lang/Object::getClass()Ljava/lang/Class;
org/apache/curator/framework/recipes/cache/CompatibleCuratorCacheBridge	stream	()Ljava/util/stream/Stream;	INVOKE_VIRTUAL	java/lang/Object::getClass()Ljava/lang/Class;
org/apache/curator/framework/recipes/cache/CuratorCache$Options	<clinit>	()V	GET_STATIC_FIELD	org/apache/curator/framework/recipes/cache/CuratorCache$Options::COMPRESSED_DATA|Lorg/apache/curator/framework/recipes/cache/CuratorCache$Options;
org/apache/curator/framework/recipes/cache/CuratorCache$Options	<clinit>	()V	GET_STATIC_FIELD	org/apache/curator/framework/recipes/cache/CuratorCache$Options::DO_NOT_CLEAR_ON_CLOSE|Lorg/apache/curator/framework/recipes/cache/CuratorCache$Options;
org/apache/curator/framework/recipes/cache/CuratorCache$Options	<clinit>	()V	GET_STATIC_FIELD	org/apache/curator/framework/recipes/cache/CuratorCache$Options::SINGLE_NODE_CACHE|Lorg/apache/curator/framework/recipes/cache/CuratorCache$Options;
org/apache/curator/framework/recipes/cache/CuratorCacheImpl	lambda$null$3	(Ljava/lang/String;Ljava/lang/String;)V	INVOKE_SPECIAL	org/apache/curator/framework/recipes/cache/CuratorCacheImpl::nodeChanged(Ljava/lang/String;)V
org/apache/curator/framework/recipes/cache/CuratorCacheImpl	lambda$null$3	(Ljava/lang/String;Ljava/lang/String;)V	INVOKE_STATIC	org/apache/curator/utils/ZKPaths::makePath(Ljava/lang/String;Ljava/lang/String;)Ljava/lang/String;
org/apache/curator/framework/recipes/cache/CuratorCacheImpl	lambda$null$8	(Lorg/apache/curator/framework/recipes/cache/ChildData;Lorg/apache/curator/framework/recipes/cache/CuratorCacheListener;)V	GET_STATIC_FIELD	org/apache/curator/framework/recipes/cache/CuratorCacheListener$Type::NODE_DELETED|Lorg/apache/curator/framework/recipes/cache/CuratorCacheListener$Type;
org/apache/curator/framework/recipes/cache/CuratorCacheImpl	lambda$null$8	(Lorg/apache/curator/framework/recipes/cache/ChildData;Lorg/apache/curator/framework/recipes/cache/CuratorCacheListener;)V	INVOKE_INTERFACE	org/apache/curator/framework/recipes/cache/CuratorCacheListener::event(Lorg/apache/curator/framework/recipes/cache/CuratorCacheListener$Type;Lorg/apache/curator/framework/recipes/cache/ChildData;Lorg/apache/curator/framework/recipes/cache/ChildData;)V
org/apache/curator/framework/recipes/cache/CuratorCacheImpl$State	<clinit>	()V	GET_STATIC_FIELD	org/apache/curator/framework/recipes/cache/CuratorCacheImpl$State::CLOSED|Lorg/apache/curator/framework/recipes/cache/CuratorCacheImpl$State;
org/apache/curator/framework/recipes/cache/CuratorCacheImpl$State	<clinit>	()V	GET_STATIC_FIELD	org/apache/curator/framework/recipes/cache/CuratorCacheImpl$State::LATENT|Lorg/apache/curator/framework/recipes/cache/CuratorCacheImpl$State;
org/apache/curator/framework/recipes/cache/CuratorCacheImpl$State	<clinit>	()V	GET_STATIC_FIELD	org/apache/curator/framework/recipes/cache/CuratorCacheImpl$State::STARTED|Lorg/apache/curator/framework/recipes/cache/CuratorCacheImpl$State;
org/apache/curator/framework/recipes/cache/CuratorCacheListener$Type	<clinit>	()V	GET_STATIC_FIELD	org/apache/curator/framework/recipes/cache/CuratorCacheListener$Type::NODE_CHANGED|Lorg/apache/curator/framework/recipes/cache/CuratorCacheListener$Type;
org/apache/curator/framework/recipes/cache/CuratorCacheListener$Type	<clinit>	()V	GET_STATIC_FIELD	org/apache/curator/framework/recipes/cache/CuratorCacheListener$Type::NODE_CREATED|Lorg/apache/curator/framework/recipes/cache/CuratorCacheListener$Type;
org/apache/curator/framework/recipes/cache/CuratorCacheListener$Type	<clinit>	()V	GET_STATIC_FIELD	org/apache/curator/framework/recipes/cache/CuratorCacheListener$Type::NODE_DELETED|Lorg/apache/curator/framework/recipes/cache/CuratorCacheListener$Type;
org/apache/curator/framework/recipes/cache/NodeCache$State	<clinit>	()V	GET_STATIC_FIELD	org/apache/curator/framework/recipes/cache/NodeCache$State::CLOSED|Lorg/apache/curator/framework/recipes/cache/NodeCache$State;
org/apache/curator/framework/recipes/cache/NodeCache$State	<clinit>	()V	GET_STATIC_FIELD	org/apache/curator/framework/recipes/cache/NodeCache$State::LATENT|Lorg/apache/curator/framework/recipes/cache/NodeCache$State;
org/apache/curator/framework/recipes/cache/NodeCache$State	<clinit>	()V	GET_STATIC_FIELD	org/apache/curator/framework/recipes/cache/NodeCache$State::STARTED|Lorg/apache/curator/framework/recipes/cache/NodeCache$State;
org/apache/curator/framework/recipes/cache/PathChildrenCache	start	(Lorg/apache/curator/framework/recipes/cache/PathChildrenCache$StartMode;)V	GET_STATIC_FIELD	org/apache/curator/framework/recipes/cache/PathChildrenCache$9::$SwitchMap$org$apache$curator$framework$recipes$cache$PathChildrenCache$StartMode|[I
org/apache/curator/framework/recipes/cache/PathChildrenCache$9	<clinit>	()V	GET_STATIC_FIELD	org/apache/curator/framework/recipes/cache/PathChildrenCache$9::$SwitchMap$org$apache$curator$framework$recipes$cache$PathChildrenCache$StartMode|[I
org/apache/curator/framework/recipes/cache/PathChildrenCache$9	<clinit>	()V	GET_STATIC_FIELD	org/apache/curator/framework/recipes/cache/PathChildrenCache$StartMode::BUILD_INITIAL_CACHE|Lorg/apache/curator/framework/recipes/cache/PathChildrenCache$StartMode;
org/apache/curator/framework/recipes/cache/PathChildrenCache$9	<clinit>	()V	GET_STATIC_FIELD	org/apache/curator/framework/recipes/cache/PathChildrenCache$StartMode::NORMAL|Lorg/apache/curator/framework/recipes/cache/PathChildrenCache$StartMode;
org/apache/curator/framework/recipes/cache/PathChildrenCache$9	<clinit>	()V	GET_STATIC_FIELD	org/apache/curator/framework/recipes/cache/PathChildrenCache$StartMode::POST_INITIALIZED_EVENT|Lorg/apache/curator/framework/recipes/cache/PathChildrenCache$StartMode;
org/apache/curator/framework/recipes/cache/PathChildrenCache$9	<clinit>	()V	INVOKE_STATIC	org/apache/curator/framework/recipes/cache/PathChildrenCache$StartMode::values()[Lorg/apache/curator/framework/recipes/cache/PathChildrenCache$StartMode;
org/apache/curator/framework/recipes/cache/PathChildrenCache$9	<clinit>	()V	INVOKE_VIRTUAL	org/apache/curator/framework/recipes/cache/PathChildrenCache$StartMode::ordinal()I
org/apache/curator/framework/recipes/cache/PathChildrenCache$9	<clinit>	()V	PUT_STATIC_FIELD	org/apache/curator/framework/recipes/cache/PathChildrenCache$9::$SwitchMap$org$apache$curator$framework$recipes$cache$PathChildrenCache$StartMode|[I
org/apache/curator/framework/recipes/cache/PathChildrenCache$RefreshMode	<clinit>	()V	GET_STATIC_FIELD	org/apache/curator/framework/recipes/cache/PathChildrenCache$RefreshMode::FORCE_GET_DATA_AND_STAT|Lorg/apache/curator/framework/recipes/cache/PathChildrenCache$RefreshMode;
org/apache/curator/framework/recipes/cache/PathChildrenCache$RefreshMode	<clinit>	()V	GET_STATIC_FIELD	org/apache/curator/framework/recipes/cache/PathChildrenCache$RefreshMode::NO_NODE_EXCEPTION|Lorg/apache/curator/framework/recipes/cache/PathChildrenCache$RefreshMode;
org/apache/curator/framework/recipes/cache/PathChildrenCache$RefreshMode	<clinit>	()V	GET_STATIC_FIELD	org/apache/curator/framework/recipes/cache/PathChildrenCache$RefreshMode::POST_INITIALIZED|Lorg/apache/curator/framework/recipes/cache/PathChildrenCache$RefreshMode;
org/apache/curator/framework/recipes/cache/PathChildrenCache$RefreshMode	<clinit>	()V	GET_STATIC_FIELD	org/apache/curator/framework/recipes/cache/PathChildrenCache$RefreshMode::STANDARD|Lorg/apache/curator/framework/recipes/cache/PathChildrenCache$RefreshMode;
org/apache/curator/framework/recipes/cache/PathChildrenCache$StartMode	<clinit>	()V	GET_STATIC_FIELD	org/apache/curator/framework/recipes/cache/PathChildrenCache$StartMode::BUILD_INITIAL_CACHE|Lorg/apache/curator/framework/recipes/cache/PathChildrenCache$StartMode;
org/apache/curator/framework/recipes/cache/PathChildrenCache$StartMode	<clinit>	()V	GET_STATIC_FIELD	org/apache/curator/framework/recipes/cache/PathChildrenCache$StartMode::NORMAL|Lorg/apache/curator/framework/recipes/cache/PathChildrenCache$StartMode;
org/apache/curator/framework/recipes/cache/PathChildrenCache$StartMode	<clinit>	()V	GET_STATIC_FIELD	org/apache/curator/framework/recipes/cache/PathChildrenCache$StartMode::POST_INITIALIZED_EVENT|Lorg/apache/curator/framework/recipes/cache/PathChildrenCache$StartMode;
org/apache/curator/framework/recipes/cache/PathChildrenCache$State	<clinit>	()V	GET_STATIC_FIELD	org/apache/curator/framework/recipes/cache/PathChildrenCache$State::CLOSED|Lorg/apache/curator/framework/recipes/cache/PathChildrenCache$State;
org/apache/curator/framework/recipes/cache/PathChildrenCache$State	<clinit>	()V	GET_STATIC_FIELD	org/apache/curator/framework/recipes/cache/PathChildrenCache$State::LATENT|Lorg/apache/curator/framework/recipes/cache/PathChildrenCache$State;
org/apache/curator/framework/recipes/cache/PathChildrenCache$State	<clinit>	()V	GET_STATIC_FIELD	org/apache/curator/framework/recipes/cache/PathChildrenCache$State::STARTED|Lorg/apache/curator/framework/recipes/cache/PathChildrenCache$State;
org/apache/curator/framework/recipes/cache/PathChildrenCacheEvent$Type	<clinit>	()V	GET_STATIC_FIELD	org/apache/curator/framework/recipes/cache/PathChildrenCacheEvent$Type::CHILD_ADDED|Lorg/apache/curator/framework/recipes/cache/PathChildrenCacheEvent$Type;
org/apache/curator/framework/recipes/cache/PathChildrenCacheEvent$Type	<clinit>	()V	GET_STATIC_FIELD	org/apache/curator/framework/recipes/cache/PathChildrenCacheEvent$Type::CHILD_REMOVED|Lorg/apache/curator/framework/recipes/cache/PathChildrenCacheEvent$Type;
org/apache/curator/framework/recipes/cache/PathChildrenCacheEvent$Type	<clinit>	()V	GET_STATIC_FIELD	org/apache/curator/framework/recipes/cache/PathChildrenCacheEvent$Type::CHILD_UPDATED|Lorg/apache/curator/framework/recipes/cache/PathChildrenCacheEvent$Type;
org/apache/curator/framework/recipes/cache/PathChildrenCacheEvent$Type	<clinit>	()V	GET_STATIC_FIELD	org/apache/curator/framework/recipes/cache/PathChildrenCacheEvent$Type::CONNECTION_LOST|Lorg/apache/curator/framework/recipes/cache/PathChildrenCacheEvent$Type;
org/apache/curator/framework/recipes/cache/PathChildrenCacheEvent$Type	<clinit>	()V	GET_STATIC_FIELD	org/apache/curator/framework/recipes/cache/PathChildrenCacheEvent$Type::CONNECTION_RECONNECTED|Lorg/apache/curator/framework/recipes/cache/PathChildrenCacheEvent$Type;
org/apache/curator/framework/recipes/cache/PathChildrenCacheEvent$Type	<clinit>	()V	GET_STATIC_FIELD	org/apache/curator/framework/recipes/cache/PathChildrenCacheEvent$Type::CONNECTION_SUSPENDED|Lorg/apache/curator/framework/recipes/cache/PathChildrenCacheEvent$Type;
org/apache/curator/framework/recipes/cache/PathChildrenCacheEvent$Type	<clinit>	()V	GET_STATIC_FIELD	org/apache/curator/framework/recipes/cache/PathChildrenCacheEvent$Type::INITIALIZED|Lorg/apache/curator/framework/recipes/cache/PathChildrenCacheEvent$Type;
org/apache/curator/framework/recipes/cache/PathChildrenCacheMode	<clinit>	()V	GET_STATIC_FIELD	org/apache/curator/framework/recipes/cache/PathChildrenCacheMode::CACHE_DATA_AND_STAT|Lorg/apache/curator/framework/recipes/cache/PathChildrenCacheMode;
org/apache/curator/framework/recipes/cache/PathChildrenCacheMode	<clinit>	()V	GET_STATIC_FIELD	org/apache/curator/framework/recipes/cache/PathChildrenCacheMode::CACHE_DATA|Lorg/apache/curator/framework/recipes/cache/PathChildrenCacheMode;
org/apache/curator/framework/recipes/cache/PathChildrenCacheMode	<clinit>	()V	GET_STATIC_FIELD	org/apache/curator/framework/recipes/cache/PathChildrenCacheMode::CACHE_PATHS_ONLY|Lorg/apache/curator/framework/recipes/cache/PathChildrenCacheMode;
org/apache/curator/framework/recipes/cache/TreeCache$TreeState	<clinit>	()V	GET_STATIC_FIELD	org/apache/curator/framework/recipes/cache/TreeCache$TreeState::CLOSED|Lorg/apache/curator/framework/recipes/cache/TreeCache$TreeState;
org/apache/curator/framework/recipes/cache/TreeCache$TreeState	<clinit>	()V	GET_STATIC_FIELD	org/apache/curator/framework/recipes/cache/TreeCache$TreeState::LATENT|Lorg/apache/curator/framework/recipes/cache/TreeCache$TreeState;
org/apache/curator/framework/recipes/cache/TreeCache$TreeState	<clinit>	()V	GET_STATIC_FIELD	org/apache/curator/framework/recipes/cache/TreeCache$TreeState::STARTED|Lorg/apache/curator/framework/recipes/cache/TreeCache$TreeState;
org/apache/curator/framework/recipes/cache/TreeCacheEvent$Type	<clinit>	()V	GET_STATIC_FIELD	org/apache/curator/framework/recipes/cache/TreeCacheEvent$Type::CONNECTION_LOST|Lorg/apache/curator/framework/recipes/cache/TreeCacheEvent$Type;
org/apache/curator/framework/recipes/cache/TreeCacheEvent$Type	<clinit>	()V	GET_STATIC_FIELD	org/apache/curator/framework/recipes/cache/TreeCacheEvent$Type::CONNECTION_RECONNECTED|Lorg/apache/curator/framework/recipes/cache/TreeCacheEvent$Type;
org/apache/curator/framework/recipes/cache/TreeCacheEvent$Type	<clinit>	()V	GET_STATIC_FIELD	org/apache/curator/framework/recipes/cache/TreeCacheEvent$Type::CONNECTION_SUSPENDED|Lorg/apache/curator/framework/recipes/cache/TreeCacheEvent$Type;
org/apache/curator/framework/recipes/cache/TreeCacheEvent$Type	<clinit>	()V	GET_STATIC_FIELD	org/apache/curator/framework/recipes/cache/TreeCacheEvent$Type::INITIALIZED|Lorg/apache/curator/framework/recipes/cache/TreeCacheEvent$Type;
org/apache/curator/framework/recipes/cache/TreeCacheEvent$Type	<clinit>	()V	GET_STATIC_FIELD	org/apache/curator/framework/recipes/cache/TreeCacheEvent$Type::NODE_ADDED|Lorg/apache/curator/framework/recipes/cache/TreeCacheEvent$Type;
org/apache/curator/framework/recipes/cache/TreeCacheEvent$Type	<clinit>	()V	GET_STATIC_FIELD	org/apache/curator/framework/recipes/cache/TreeCacheEvent$Type::NODE_REMOVED|Lorg/apache/curator/framework/recipes/cache/TreeCacheEvent$Type;
org/apache/curator/framework/recipes/cache/TreeCacheEvent$Type	<clinit>	()V	GET_STATIC_FIELD	org/apache/curator/framework/recipes/cache/TreeCacheEvent$Type::NODE_UPDATED|Lorg/apache/curator/framework/recipes/cache/TreeCacheEvent$Type;
org/apache/curator/framework/recipes/leader/LeaderLatch	internalClose	(Lorg/apache/curator/framework/recipes/leader/LeaderLatch$CloseMode;Z)V	GET_STATIC_FIELD	org/apache/curator/framework/recipes/leader/LeaderLatch$8::$SwitchMap$org$apache$curator$framework$recipes$leader$LeaderLatch$CloseMode|[I
org/apache/curator/framework/recipes/leader/LeaderLatch$8	<clinit>	()V	GET_STATIC_FIELD	org/apache/curator/framework/recipes/leader/LeaderLatch$8::$SwitchMap$org$apache$curator$framework$recipes$leader$LeaderLatch$CloseMode|[I
org/apache/curator/framework/recipes/leader/LeaderLatch$8	<clinit>	()V	GET_STATIC_FIELD	org/apache/curator/framework/recipes/leader/LeaderLatch$CloseMode::NOTIFY_LEADER|Lorg/apache/curator/framework/recipes/leader/LeaderLatch$CloseMode;
org/apache/curator/framework/recipes/leader/LeaderLatch$8	<clinit>	()V	GET_STATIC_FIELD	org/apache/curator/framework/recipes/leader/LeaderLatch$CloseMode::SILENT|Lorg/apache/curator/framework/recipes/leader/LeaderLatch$CloseMode;
org/apache/curator/framework/recipes/leader/LeaderLatch$8	<clinit>	()V	INVOKE_STATIC	org/apache/curator/framework/recipes/leader/LeaderLatch$CloseMode::values()[Lorg/apache/curator/framework/recipes/leader/LeaderLatch$CloseMode;
org/apache/curator/framework/recipes/leader/LeaderLatch$8	<clinit>	()V	INVOKE_VIRTUAL	org/apache/curator/framework/recipes/leader/LeaderLatch$CloseMode::ordinal()I
org/apache/curator/framework/recipes/leader/LeaderLatch$8	<clinit>	()V	PUT_STATIC_FIELD	org/apache/curator/framework/recipes/leader/LeaderLatch$8::$SwitchMap$org$apache$curator$framework$recipes$leader$LeaderLatch$CloseMode|[I
org/apache/curator/framework/recipes/leader/LeaderLatch$CloseMode	<clinit>	()V	GET_STATIC_FIELD	org/apache/curator/framework/recipes/leader/LeaderLatch$CloseMode::NOTIFY_LEADER|Lorg/apache/curator/framework/recipes/leader/LeaderLatch$CloseMode;
org/apache/curator/framework/recipes/leader/LeaderLatch$CloseMode	<clinit>	()V	GET_STATIC_FIELD	org/apache/curator/framework/recipes/leader/LeaderLatch$CloseMode::SILENT|Lorg/apache/curator/framework/recipes/leader/LeaderLatch$CloseMode;
org/apache/curator/framework/recipes/leader/LeaderLatch$State	<clinit>	()V	GET_STATIC_FIELD	org/apache/curator/framework/recipes/leader/LeaderLatch$State::CLOSED|Lorg/apache/curator/framework/recipes/leader/LeaderLatch$State;
org/apache/curator/framework/recipes/leader/LeaderLatch$State	<clinit>	()V	GET_STATIC_FIELD	org/apache/curator/framework/recipes/leader/LeaderLatch$State::LATENT|Lorg/apache/curator/framework/recipes/leader/LeaderLatch$State;
org/apache/curator/framework/recipes/leader/LeaderLatch$State	<clinit>	()V	GET_STATIC_FIELD	org/apache/curator/framework/recipes/leader/LeaderLatch$State::STARTED|Lorg/apache/curator/framework/recipes/leader/LeaderLatch$State;
org/apache/curator/framework/recipes/leader/LeaderSelector$State	<clinit>	()V	GET_STATIC_FIELD	org/apache/curator/framework/recipes/leader/LeaderSelector$State::CLOSED|Lorg/apache/curator/framework/recipes/leader/LeaderSelector$State;
org/apache/curator/framework/recipes/leader/LeaderSelector$State	<clinit>	()V	GET_STATIC_FIELD	org/apache/curator/framework/recipes/leader/LeaderSelector$State::LATENT|Lorg/apache/curator/framework/recipes/leader/LeaderSelector$State;
org/apache/curator/framework/recipes/leader/LeaderSelector$State	<clinit>	()V	GET_STATIC_FIELD	org/apache/curator/framework/recipes/leader/LeaderSelector$State::STARTED|Lorg/apache/curator/framework/recipes/leader/LeaderSelector$State;
org/apache/curator/framework/recipes/locks/InterProcessSemaphoreV2	acquire	(IJLjava/util/concurrent/TimeUnit;)Ljava/util/Collection;	GET_STATIC_FIELD	org/apache/curator/framework/recipes/locks/InterProcessSemaphoreV2$4::$SwitchMap$org$apache$curator$framework$recipes$locks$InterProcessSemaphoreV2$InternalAcquireResult|[I
org/apache/curator/framework/recipes/locks/InterProcessSemaphoreV2$InternalAcquireResult	<clinit>	()V	GET_STATIC_FIELD	org/apache/curator/framework/recipes/locks/InterProcessSemaphoreV2$InternalAcquireResult::CONTINUE|Lorg/apache/curator/framework/recipes/locks/InterProcessSemaphoreV2$InternalAcquireResult;
org/apache/curator/framework/recipes/locks/InterProcessSemaphoreV2$InternalAcquireResult	<clinit>	()V	GET_STATIC_FIELD	org/apache/curator/framework/recipes/locks/InterProcessSemaphoreV2$InternalAcquireResult::RETRY_DUE_TO_MISSING_NODE|Lorg/apache/curator/framework/recipes/locks/InterProcessSemaphoreV2$InternalAcquireResult;
org/apache/curator/framework/recipes/locks/InterProcessSemaphoreV2$InternalAcquireResult	<clinit>	()V	GET_STATIC_FIELD	org/apache/curator/framework/recipes/locks/InterProcessSemaphoreV2$InternalAcquireResult::RETURN_NULL|Lorg/apache/curator/framework/recipes/locks/InterProcessSemaphoreV2$InternalAcquireResult;
org/apache/curator/framework/recipes/nodes/PersistentEphemeralNode$Mode	<clinit>	()V	GET_STATIC_FIELD	org/apache/curator/framework/recipes/nodes/PersistentEphemeralNode$Mode::EPHEMERAL_SEQUENTIAL|Lorg/apache/curator/framework/recipes/nodes/PersistentEphemeralNode$Mode;
org/apache/curator/framework/recipes/nodes/PersistentEphemeralNode$Mode	<clinit>	()V	GET_STATIC_FIELD	org/apache/curator/framework/recipes/nodes/PersistentEphemeralNode$Mode::EPHEMERAL|Lorg/apache/curator/framework/recipes/nodes/PersistentEphemeralNode$Mode;
org/apache/curator/framework/recipes/nodes/PersistentEphemeralNode$Mode	<clinit>	()V	GET_STATIC_FIELD	org/apache/curator/framework/recipes/nodes/PersistentEphemeralNode$Mode::PROTECTED_EPHEMERAL_SEQUENTIAL|Lorg/apache/curator/framework/recipes/nodes/PersistentEphemeralNode$Mode;
org/apache/curator/framework/recipes/nodes/PersistentEphemeralNode$Mode	<clinit>	()V	GET_STATIC_FIELD	org/apache/curator/framework/recipes/nodes/PersistentEphemeralNode$Mode::PROTECTED_EPHEMERAL|Lorg/apache/curator/framework/recipes/nodes/PersistentEphemeralNode$Mode;
org/apache/curator/framework/recipes/nodes/PersistentNode$State	<clinit>	()V	GET_STATIC_FIELD	org/apache/curator/framework/recipes/nodes/PersistentNode$State::CLOSED|Lorg/apache/curator/framework/recipes/nodes/PersistentNode$State;
org/apache/curator/framework/recipes/nodes/PersistentNode$State	<clinit>	()V	GET_STATIC_FIELD	org/apache/curator/framework/recipes/nodes/PersistentNode$State::LATENT|Lorg/apache/curator/framework/recipes/nodes/PersistentNode$State;
org/apache/curator/framework/recipes/nodes/PersistentNode$State	<clinit>	()V	GET_STATIC_FIELD	org/apache/curator/framework/recipes/nodes/PersistentNode$State::STARTED|Lorg/apache/curator/framework/recipes/nodes/PersistentNode$State;
org/apache/curator/framework/recipes/queue/DistributedQueue$ProcessMessageBytesCode	<clinit>	()V	GET_STATIC_FIELD	org/apache/curator/framework/recipes/queue/DistributedQueue$ProcessMessageBytesCode::NORMAL|Lorg/apache/curator/framework/recipes/queue/DistributedQueue$ProcessMessageBytesCode;
org/apache/curator/framework/recipes/queue/DistributedQueue$ProcessMessageBytesCode	<clinit>	()V	GET_STATIC_FIELD	org/apache/curator/framework/recipes/queue/DistributedQueue$ProcessMessageBytesCode::REQUEUE|Lorg/apache/curator/framework/recipes/queue/DistributedQueue$ProcessMessageBytesCode;
org/apache/curator/framework/recipes/queue/DistributedQueue$ProcessType	<clinit>	()V	GET_STATIC_FIELD	org/apache/curator/framework/recipes/queue/DistributedQueue$ProcessType::NORMAL|Lorg/apache/curator/framework/recipes/queue/DistributedQueue$ProcessType;
org/apache/curator/framework/recipes/queue/DistributedQueue$ProcessType	<clinit>	()V	GET_STATIC_FIELD	org/apache/curator/framework/recipes/queue/DistributedQueue$ProcessType::REMOVE|Lorg/apache/curator/framework/recipes/queue/DistributedQueue$ProcessType;
org/apache/curator/framework/recipes/queue/DistributedQueue$State	<clinit>	()V	GET_STATIC_FIELD	org/apache/curator/framework/recipes/queue/DistributedQueue$State::LATENT|Lorg/apache/curator/framework/recipes/queue/DistributedQueue$State;
org/apache/curator/framework/recipes/queue/DistributedQueue$State	<clinit>	()V	GET_STATIC_FIELD	org/apache/curator/framework/recipes/queue/DistributedQueue$State::STARTED|Lorg/apache/curator/framework/recipes/queue/DistributedQueue$State;
org/apache/curator/framework/recipes/queue/DistributedQueue$State	<clinit>	()V	GET_STATIC_FIELD	org/apache/curator/framework/recipes/queue/DistributedQueue$State::STOPPED|Lorg/apache/curator/framework/recipes/queue/DistributedQueue$State;
org/apache/curator/framework/recipes/queue/ErrorMode	<clinit>	()V	GET_STATIC_FIELD	org/apache/curator/framework/recipes/queue/ErrorMode::DELETE|Lorg/apache/curator/framework/recipes/queue/ErrorMode;
org/apache/curator/framework/recipes/queue/ErrorMode	<clinit>	()V	GET_STATIC_FIELD	org/apache/curator/framework/recipes/queue/ErrorMode::REQUEUE|Lorg/apache/curator/framework/recipes/queue/ErrorMode;
org/apache/curator/framework/recipes/queue/QueueSharder$State	<clinit>	()V	GET_STATIC_FIELD	org/apache/curator/framework/recipes/queue/QueueSharder$State::CLOSED|Lorg/apache/curator/framework/recipes/queue/QueueSharder$State;
org/apache/curator/framework/recipes/queue/QueueSharder$State	<clinit>	()V	GET_STATIC_FIELD	org/apache/curator/framework/recipes/queue/QueueSharder$State::LATENT|Lorg/apache/curator/framework/recipes/queue/QueueSharder$State;
org/apache/curator/framework/recipes/queue/QueueSharder$State	<clinit>	()V	GET_STATIC_FIELD	org/apache/curator/framework/recipes/queue/QueueSharder$State::STARTED|Lorg/apache/curator/framework/recipes/queue/QueueSharder$State;
org/apache/curator/framework/recipes/shared/SharedValue$State	<clinit>	()V	GET_STATIC_FIELD	org/apache/curator/framework/recipes/shared/SharedValue$State::CLOSED|Lorg/apache/curator/framework/recipes/shared/SharedValue$State;
org/apache/curator/framework/recipes/shared/SharedValue$State	<clinit>	()V	GET_STATIC_FIELD	org/apache/curator/framework/recipes/shared/SharedValue$State::LATENT|Lorg/apache/curator/framework/recipes/shared/SharedValue$State;
org/apache/curator/framework/recipes/shared/SharedValue$State	<clinit>	()V	GET_STATIC_FIELD	org/apache/curator/framework/recipes/shared/SharedValue$State::STARTED|Lorg/apache/curator/framework/recipes/shared/SharedValue$State;
org/apache/curator/framework/recipes/watch/PersistentWatcher	lambda$null$1	(Lorg/apache/zookeeper/WatchedEvent;Lorg/apache/zookeeper/Watcher;)V	INVOKE_INTERFACE	org/apache/zookeeper/Watcher::process(Lorg/apache/zookeeper/WatchedEvent;)V
org/apache/curator/framework/recipes/watch/PersistentWatcher$State	<clinit>	()V	GET_STATIC_FIELD	org/apache/curator/framework/recipes/watch/PersistentWatcher$State::CLOSED|Lorg/apache/curator/framework/recipes/watch/PersistentWatcher$State;
org/apache/curator/framework/recipes/watch/PersistentWatcher$State	<clinit>	()V	GET_STATIC_FIELD	org/apache/curator/framework/recipes/watch/PersistentWatcher$State::LATENT|Lorg/apache/curator/framework/recipes/watch/PersistentWatcher$State;
org/apache/curator/framework/recipes/watch/PersistentWatcher$State	<clinit>	()V	GET_STATIC_FIELD	org/apache/curator/framework/recipes/watch/PersistentWatcher$State::STARTED|Lorg/apache/curator/framework/recipes/watch/PersistentWatcher$State;
