gaoss	com/google/guava	guava	31.0.1-jre	com.google.common.collect.CompactHashSet_ESTest	com/google/common/primitives	com/google/common/primitives/Ints$IntConverter	<clinit>	()V
gaoss	com/google/guava	guava	31.0.1-jre	com.google.common.collect.CompactHashSet_ESTest	com/google/common/primitives	com/google/common/primitives/Ints	saturatedCast	(J)I
gaoss	com/google/guava	guava	31.0.1-jre	com.google.common.collect.CompactHashSet_ESTest	com/google/common/primitives	com/google/common/primitives/Ints	constrainToRange	(III)I
gaoss	com/google/guava	guava	31.0.1-jre	com.google.common.collect.CompactHashSet_ESTest	com/google/common/collect	com/google/common/collect/ImmutableSet$CachingAsList	<init>	()V
gaoss	com/google/guava	guava	31.0.1-jre	com.google.common.collect.CompactHashSet_ESTest	com/google/common/collect	com/google/common/collect/ImmutableSet$CachingAsList	asList	()Lcom/google/common/collect/ImmutableList;
gaoss	com/google/guava	guava	31.0.1-jre	com.google.common.collect.CompactHashSet_ESTest	com/google/common/collect	com/google/common/collect/CompactHashSet	create	()Lcom/google/common/collect/CompactHashSet;
gaoss	com/google/guava	guava	31.0.1-jre	com.google.common.collect.CompactHashSet_ESTest	com/google/common/collect	com/google/common/collect/CompactHashSet	create	(Ljava/util/Collection;)Lcom/google/common/collect/CompactHashSet;
gaoss	com/google/guava	guava	31.0.1-jre	com.google.common.collect.CompactHashSet_ESTest	com/google/common/collect	com/google/common/collect/CompactHashSet	create	([Ljava/lang/Object;)Lcom/google/common/collect/CompactHashSet;
gaoss	com/google/guava	guava	31.0.1-jre	com.google.common.collect.CompactHashSet_ESTest	com/google/common/collect	com/google/common/collect/CompactHashSet	createWithExpectedSize	(I)Lcom/google/common/collect/CompactHashSet;
gaoss	com/google/guava	guava	31.0.1-jre	com.google.common.collect.CompactHashSet_ESTest	com/google/common/collect	com/google/common/collect/CompactHashSet	<init>	()V
gaoss	com/google/guava	guava	31.0.1-jre	com.google.common.collect.CompactHashSet_ESTest	com/google/common/collect	com/google/common/collect/CompactHashSet	<init>	(I)V
gaoss	com/google/guava	guava	31.0.1-jre	com.google.common.collect.CompactHashSet_ESTest	com/google/common/collect	com/google/common/collect/CompactHashSet	init	(I)V
gaoss	com/google/guava	guava	31.0.1-jre	com.google.common.collect.CompactHashSet_ESTest	com/google/common/collect	com/google/common/collect/CompactHashSet	needsAllocArrays	()Z
gaoss	com/google/guava	guava	31.0.1-jre	com.google.common.collect.CompactHashSet_ESTest	com/google/common/collect	com/google/common/collect/CompactHashSet	allocArrays	()I
gaoss	com/google/guava	guava	31.0.1-jre	com.google.common.collect.CompactHashSet_ESTest	com/google/common/collect	com/google/common/collect/CompactHashSet	delegateOrNull	()Ljava/util/Set;
gaoss	com/google/guava	guava	31.0.1-jre	com.google.common.collect.CompactHashSet_ESTest	com/google/common/collect	com/google/common/collect/CompactHashSet	createHashFloodingResistantDelegate	(I)Ljava/util/Set;
gaoss	com/google/guava	guava	31.0.1-jre	com.google.common.collect.CompactHashSet_ESTest	com/google/common/collect	com/google/common/collect/CompactHashSet	convertToHashFloodingResistantImplementation	()Ljava/util/Set;
gaoss	com/google/guava	guava	31.0.1-jre	com.google.common.collect.CompactHashSet_ESTest	com/google/common/collect	com/google/common/collect/CompactHashSet	isUsingHashFloodingResistance	()Z
gaoss	com/google/guava	guava	31.0.1-jre	com.google.common.collect.CompactHashSet_ESTest	com/google/common/collect	com/google/common/collect/CompactHashSet	setHashTableMask	(I)V
gaoss	com/google/guava	guava	31.0.1-jre	com.google.common.collect.CompactHashSet_ESTest	com/google/common/collect	com/google/common/collect/CompactHashSet	hashTableMask	()I
gaoss	com/google/guava	guava	31.0.1-jre	com.google.common.collect.CompactHashSet_ESTest	com/google/common/collect	com/google/common/collect/CompactHashSet	incrementModCount	()V
gaoss	com/google/guava	guava	31.0.1-jre	com.google.common.collect.CompactHashSet_ESTest	com/google/common/collect	com/google/common/collect/CompactHashSet	add	(Ljava/lang/Object;)Z
gaoss	com/google/guava	guava	31.0.1-jre	com.google.common.collect.CompactHashSet_ESTest	com/google/common/collect	com/google/common/collect/CompactHashSet	insertEntry	(ILjava/lang/Object;II)V
gaoss	com/google/guava	guava	31.0.1-jre	com.google.common.collect.CompactHashSet_ESTest	com/google/common/collect	com/google/common/collect/CompactHashSet	resizeMeMaybe	(I)V
gaoss	com/google/guava	guava	31.0.1-jre	com.google.common.collect.CompactHashSet_ESTest	com/google/common/collect	com/google/common/collect/CompactHashSet	resizeEntries	(I)V
gaoss	com/google/guava	guava	31.0.1-jre	com.google.common.collect.CompactHashSet_ESTest	com/google/common/collect	com/google/common/collect/CompactHashSet	resizeTable	(IIII)I
gaoss	com/google/guava	guava	31.0.1-jre	com.google.common.collect.CompactHashSet_ESTest	com/google/common/collect	com/google/common/collect/CompactHashSet	contains	(Ljava/lang/Object;)Z
gaoss	com/google/guava	guava	31.0.1-jre	com.google.common.collect.CompactHashSet_ESTest	com/google/common/collect	com/google/common/collect/CompactHashSet	remove	(Ljava/lang/Object;)Z
gaoss	com/google/guava	guava	31.0.1-jre	com.google.common.collect.CompactHashSet_ESTest	com/google/common/collect	com/google/common/collect/CompactHashSet	moveLastEntry	(II)V
gaoss	com/google/guava	guava	31.0.1-jre	com.google.common.collect.CompactHashSet_ESTest	com/google/common/collect	com/google/common/collect/CompactHashSet	firstEntryIndex	()I
gaoss	com/google/guava	guava	31.0.1-jre	com.google.common.collect.CompactHashSet_ESTest	com/google/common/collect	com/google/common/collect/CompactHashSet	getSuccessor	(I)I
gaoss	com/google/guava	guava	31.0.1-jre	com.google.common.collect.CompactHashSet_ESTest	com/google/common/collect	com/google/common/collect/CompactHashSet	adjustAfterRemove	(II)I
gaoss	com/google/guava	guava	31.0.1-jre	com.google.common.collect.CompactHashSet_ESTest	com/google/common/collect	com/google/common/collect/CompactHashSet	iterator	()Ljava/util/Iterator;
gaoss	com/google/guava	guava	31.0.1-jre	com.google.common.collect.CompactHashSet_ESTest	com/google/common/collect	com/google/common/collect/CompactHashSet	spliterator	()Ljava/util/Spliterator;
gaoss	com/google/guava	guava	31.0.1-jre	com.google.common.collect.CompactHashSet_ESTest	com/google/common/collect	com/google/common/collect/CompactHashSet	forEach	(Ljava/util/function/Consumer;)V
gaoss	com/google/guava	guava	31.0.1-jre	com.google.common.collect.CompactHashSet_ESTest	com/google/common/collect	com/google/common/collect/CompactHashSet	size	()I
gaoss	com/google/guava	guava	31.0.1-jre	com.google.common.collect.CompactHashSet_ESTest	com/google/common/collect	com/google/common/collect/CompactHashSet	isEmpty	()Z
gaoss	com/google/guava	guava	31.0.1-jre	com.google.common.collect.CompactHashSet_ESTest	com/google/common/collect	com/google/common/collect/CompactHashSet	toArray	()[Ljava/lang/Object;
gaoss	com/google/guava	guava	31.0.1-jre	com.google.common.collect.CompactHashSet_ESTest	com/google/common/collect	com/google/common/collect/CompactHashSet	toArray	([Ljava/lang/Object;)[Ljava/lang/Object;
gaoss	com/google/guava	guava	31.0.1-jre	com.google.common.collect.CompactHashSet_ESTest	com/google/common/collect	com/google/common/collect/CompactHashSet	trimToSize	()V
gaoss	com/google/guava	guava	31.0.1-jre	com.google.common.collect.CompactHashSet_ESTest	com/google/common/collect	com/google/common/collect/CompactHashSet	clear	()V
gaoss	com/google/guava	guava	31.0.1-jre	com.google.common.collect.CompactHashSet_ESTest	com/google/common/collect	com/google/common/collect/CompactHashSet	requireTable	()Ljava/lang/Object;
gaoss	com/google/guava	guava	31.0.1-jre	com.google.common.collect.CompactHashSet_ESTest	com/google/common/collect	com/google/common/collect/CompactHashSet	requireEntries	()[I
gaoss	com/google/guava	guava	31.0.1-jre	com.google.common.collect.CompactHashSet_ESTest	com/google/common/collect	com/google/common/collect/CompactHashSet	requireElements	()[Ljava/lang/Object;
gaoss	com/google/guava	guava	31.0.1-jre	com.google.common.collect.CompactHashSet_ESTest	com/google/common/collect	com/google/common/collect/CompactHashSet	element	(I)Ljava/lang/Object;
gaoss	com/google/guava	guava	31.0.1-jre	com.google.common.collect.CompactHashSet_ESTest	com/google/common/collect	com/google/common/collect/CompactHashSet	entry	(I)I
gaoss	com/google/guava	guava	31.0.1-jre	com.google.common.collect.CompactHashSet_ESTest	com/google/common/collect	com/google/common/collect/CompactHashSet	setElement	(ILjava/lang/Object;)V
gaoss	com/google/guava	guava	31.0.1-jre	com.google.common.collect.CompactHashSet_ESTest	com/google/common/collect	com/google/common/collect/CompactHashSet	setEntry	(II)V
gaoss	com/google/guava	guava	31.0.1-jre	com.google.common.collect.CompactHashSet_ESTest	com/google/common/collect	com/google/common/collect/UnmodifiableSortedMultiset	<init>	(Lcom/google/common/collect/SortedMultiset;)V
gaoss	com/google/guava	guava	31.0.1-jre	com.google.common.collect.CompactHashSet_ESTest	com/google/common/collect	com/google/common/collect/UnmodifiableSortedMultiset	delegate	()Lcom/google/common/collect/SortedMultiset;
gaoss	com/google/guava	guava	31.0.1-jre	com.google.common.collect.CompactHashSet_ESTest	com/google/common/collect	com/google/common/collect/CompactHashSet$1	<init>	(Lcom/google/common/collect/CompactHashSet;)V
gaoss	com/google/guava	guava	31.0.1-jre	com.google.common.collect.CompactHashSet_ESTest	com/google/common/collect	com/google/common/collect/CompactHashSet$1	hasNext	()Z
gaoss	com/google/guava	guava	31.0.1-jre	com.google.common.collect.CompactHashSet_ESTest	com/google/common/collect	com/google/common/collect/CompactHashSet$1	next	()Ljava/lang/Object;
gaoss	com/google/guava	guava	31.0.1-jre	com.google.common.collect.CompactHashSet_ESTest	com/google/common/collect	com/google/common/collect/CompactHashSet$1	remove	()V
gaoss	com/google/guava	guava	31.0.1-jre	com.google.common.collect.CompactHashSet_ESTest	com/google/common/collect	com/google/common/collect/CompactHashSet$1	incrementExpectedModCount	()V
gaoss	com/google/guava	guava	31.0.1-jre	com.google.common.collect.CompactHashSet_ESTest	com/google/common/collect	com/google/common/collect/CompactHashSet$1	checkForConcurrentModification	()V
gaoss	com/google/guava	guava	31.0.1-jre	com.google.common.collect.CompactHashSet_ESTest	com/google/common/collect	com/google/common/collect/CollectPreconditions	checkNonnegative	(ILjava/lang/String;)I
gaoss	com/google/guava	guava	31.0.1-jre	com.google.common.collect.CompactHashSet_ESTest	com/google/common/collect	com/google/common/collect/CollectPreconditions	checkRemove	(Z)V
gaoss	com/google/guava	guava	31.0.1-jre	com.google.common.collect.CompactHashSet_ESTest	com/google/common/collect	com/google/common/collect/Cut	<init>	(Ljava/lang/Comparable;)V
gaoss	com/google/guava	guava	31.0.1-jre	com.google.common.collect.CompactHashSet_ESTest	com/google/common/collect	com/google/common/collect/Cut	belowAll	()Lcom/google/common/collect/Cut;
gaoss	com/google/guava	guava	31.0.1-jre	com.google.common.collect.CompactHashSet_ESTest	com/google/common/collect	com/google/common/collect/Cut	aboveAll	()Lcom/google/common/collect/Cut;
gaoss	com/google/guava	guava	31.0.1-jre	com.google.common.collect.CompactHashSet_ESTest	com/google/common/collect	com/google/common/collect/IndexedImmutableSet	<init>	()V
gaoss	com/google/guava	guava	31.0.1-jre	com.google.common.collect.CompactHashSet_ESTest	com/google/common/collect	com/google/common/collect/IndexedImmutableSet	iterator	()Lcom/google/common/collect/UnmodifiableIterator;
gaoss	com/google/guava	guava	31.0.1-jre	com.google.common.collect.CompactHashSet_ESTest	com/google/common/collect	com/google/common/collect/IndexedImmutableSet	createAsList	()Lcom/google/common/collect/ImmutableList;
gaoss	com/google/guava	guava	31.0.1-jre	com.google.common.collect.CompactHashSet_ESTest	com/google/common/collect	com/google/common/collect/RegularImmutableList	<init>	([Ljava/lang/Object;)V
gaoss	com/google/guava	guava	31.0.1-jre	com.google.common.collect.CompactHashSet_ESTest	com/google/common/collect	com/google/common/collect/RegularImmutableList	size	()I
gaoss	com/google/guava	guava	31.0.1-jre	com.google.common.collect.CompactHashSet_ESTest	com/google/common/collect	com/google/common/collect/RegularImmutableList	listIterator	(I)Lcom/google/common/collect/UnmodifiableListIterator;
gaoss	com/google/guava	guava	31.0.1-jre	com.google.common.collect.CompactHashSet_ESTest	com/google/common/collect	com/google/common/collect/RegularImmutableList	<clinit>	()V
gaoss	com/google/guava	guava	31.0.1-jre	com.google.common.collect.CompactHashSet_ESTest	com/google/common/collect	com/google/common/collect/BoundType	<init>	(Ljava/lang/String;IZ)V
gaoss	com/google/guava	guava	31.0.1-jre	com.google.common.collect.CompactHashSet_ESTest	com/google/common/collect	com/google/common/collect/BoundType	<clinit>	()V
gaoss	com/google/guava	guava	31.0.1-jre	com.google.common.collect.CompactHashSet_ESTest	com/google/common/collect	com/google/common/collect/AbstractMapBasedMultiset	<init>	(Ljava/util/Map;)V
gaoss	com/google/guava	guava	31.0.1-jre	com.google.common.collect.CompactHashSet_ESTest	com/google/common/collect	com/google/common/collect/AbstractMapBasedMultiset	entrySet	()Ljava/util/Set;
gaoss	com/google/guava	guava	31.0.1-jre	com.google.common.collect.CompactHashSet_ESTest	com/google/common/collect	com/google/common/collect/AbstractMapBasedMultiset	entryIterator	()Ljava/util/Iterator;
gaoss	com/google/guava	guava	31.0.1-jre	com.google.common.collect.CompactHashSet_ESTest	com/google/common/collect	com/google/common/collect/AbstractMapBasedMultiset	distinctElements	()I
gaoss	com/google/guava	guava	31.0.1-jre	com.google.common.collect.CompactHashSet_ESTest	com/google/common/collect	com/google/common/collect/AbstractMapBasedMultiset	add	(Ljava/lang/Object;I)I
gaoss	com/google/guava	guava	31.0.1-jre	com.google.common.collect.CompactHashSet_ESTest	com/google/common/collect	com/google/common/collect/DiscreteDomain	<init>	(Z)V
gaoss	com/google/guava	guava	31.0.1-jre	com.google.common.collect.CompactHashSet_ESTest	com/google/common/collect	com/google/common/collect/ImmutableMultiset$Builder	<init>	(Lcom/google/common/collect/Multiset;)V
gaoss	com/google/guava	guava	31.0.1-jre	com.google.common.collect.CompactHashSet_ESTest	com/google/common/collect	com/google/common/collect/ImmutableMultiset$Builder	addAll	(Ljava/util/Iterator;)Lcom/google/common/collect/ImmutableMultiset$Builder;
gaoss	com/google/guava	guava	31.0.1-jre	com.google.common.collect.CompactHashSet_ESTest	com/google/common/collect	com/google/common/collect/ImmutableMultiset$EntrySet	<init>	(Lcom/google/common/collect/ImmutableMultiset;)V
gaoss	com/google/guava	guava	31.0.1-jre	com.google.common.collect.CompactHashSet_ESTest	com/google/common/collect	com/google/common/collect/ImmutableMultiset$EntrySet	get	(I)Lcom/google/common/collect/Multiset$Entry;
gaoss	com/google/guava	guava	31.0.1-jre	com.google.common.collect.CompactHashSet_ESTest	com/google/common/collect	com/google/common/collect/ImmutableMultiset$EntrySet	size	()I
gaoss	com/google/guava	guava	31.0.1-jre	com.google.common.collect.CompactHashSet_ESTest	com/google/common/collect	com/google/common/collect/ImmutableSet	of	()Lcom/google/common/collect/ImmutableSet;
gaoss	com/google/guava	guava	31.0.1-jre	com.google.common.collect.CompactHashSet_ESTest	com/google/common/collect	com/google/common/collect/ImmutableSet	<init>	()V
gaoss	com/google/guava	guava	31.0.1-jre	com.google.common.collect.CompactHashSet_ESTest	com/google/common/collect	com/google/common/collect/Multisets$UnmodifiableMultiset	<init>	(Lcom/google/common/collect/Multiset;)V
gaoss	com/google/guava	guava	31.0.1-jre	com.google.common.collect.CompactHashSet_ESTest	com/google/common/collect	com/google/common/collect/Multisets$UnmodifiableMultiset	delegate	()Lcom/google/common/collect/Multiset;
gaoss	com/google/guava	guava	31.0.1-jre	com.google.common.collect.CompactHashSet_ESTest	com/google/common/collect	com/google/common/collect/Multisets$AbstractEntry	<init>	()V
gaoss	com/google/guava	guava	31.0.1-jre	com.google.common.collect.CompactHashSet_ESTest	com/google/common/collect	com/google/common/collect/Ordering	natural	()Lcom/google/common/collect/Ordering;
gaoss	com/google/guava	guava	31.0.1-jre	com.google.common.collect.CompactHashSet_ESTest	com/google/common/collect	com/google/common/collect/Ordering	<init>	()V
gaoss	com/google/guava	guava	31.0.1-jre	com.google.common.collect.CompactHashSet_ESTest	com/google/common/collect	com/google/common/collect/RegularImmutableSet	<init>	([Ljava/lang/Object;I[Ljava/lang/Object;I)V
gaoss	com/google/guava	guava	31.0.1-jre	com.google.common.collect.CompactHashSet_ESTest	com/google/common/collect	com/google/common/collect/RegularImmutableSet	size	()I
gaoss	com/google/guava	guava	31.0.1-jre	com.google.common.collect.CompactHashSet_ESTest	com/google/common/collect	com/google/common/collect/RegularImmutableSet	iterator	()Lcom/google/common/collect/UnmodifiableIterator;
gaoss	com/google/guava	guava	31.0.1-jre	com.google.common.collect.CompactHashSet_ESTest	com/google/common/collect	com/google/common/collect/RegularImmutableSet	<clinit>	()V
gaoss	com/google/guava	guava	31.0.1-jre	com.google.common.collect.CompactHashSet_ESTest	com/google/common/collect	com/google/common/collect/ImmutableList$1	<init>	(Lcom/google/common/collect/ImmutableList;II)V
gaoss	com/google/guava	guava	31.0.1-jre	com.google.common.collect.CompactHashSet_ESTest	com/google/common/collect	com/google/common/collect/ImmutableList$1	get	(I)Ljava/lang/Object;
gaoss	com/google/guava	guava	31.0.1-jre	com.google.common.collect.CompactHashSet_ESTest	com/google/common/collect	com/google/common/collect/AbstractSortedMultiset	<init>	(Ljava/util/Comparator;)V
gaoss	com/google/guava	guava	31.0.1-jre	com.google.common.collect.CompactHashSet_ESTest	com/google/common/collect	com/google/common/collect/AbstractSortedMultiset	comparator	()Ljava/util/Comparator;
gaoss	com/google/guava	guava	31.0.1-jre	com.google.common.collect.CompactHashSet_ESTest	com/google/common/collect	com/google/common/collect/UnmodifiableListIterator	<init>	()V
gaoss	com/google/guava	guava	31.0.1-jre	com.google.common.collect.CompactHashSet_ESTest	com/google/common/collect	com/google/common/collect/Cut$AboveAll	<init>	()V
gaoss	com/google/guava	guava	31.0.1-jre	com.google.common.collect.CompactHashSet_ESTest	com/google/common/collect	com/google/common/collect/Cut$AboveAll	<clinit>	()V
gaoss	com/google/guava	guava	31.0.1-jre	com.google.common.collect.CompactHashSet_ESTest	com/google/common/collect	com/google/common/collect/Iterators$ArrayItr	<init>	([Ljava/lang/Object;III)V
gaoss	com/google/guava	guava	31.0.1-jre	com.google.common.collect.CompactHashSet_ESTest	com/google/common/collect	com/google/common/collect/Iterators$ArrayItr	get	(I)Ljava/lang/Object;
gaoss	com/google/guava	guava	31.0.1-jre	com.google.common.collect.CompactHashSet_ESTest	com/google/common/collect	com/google/common/collect/Iterators$ArrayItr	<clinit>	()V
gaoss	com/google/guava	guava	31.0.1-jre	com.google.common.collect.CompactHashSet_ESTest	com/google/common/collect	com/google/common/collect/Sets	hashCodeImpl	(Ljava/util/Set;)I
gaoss	com/google/guava	guava	31.0.1-jre	com.google.common.collect.CompactHashSet_ESTest	com/google/common/collect	com/google/common/collect/CompactHashing	tableSize	(I)I
gaoss	com/google/guava	guava	31.0.1-jre	com.google.common.collect.CompactHashSet_ESTest	com/google/common/collect	com/google/common/collect/CompactHashing	createTable	(I)Ljava/lang/Object;
gaoss	com/google/guava	guava	31.0.1-jre	com.google.common.collect.CompactHashSet_ESTest	com/google/common/collect	com/google/common/collect/CompactHashing	tableClear	(Ljava/lang/Object;)V
gaoss	com/google/guava	guava	31.0.1-jre	com.google.common.collect.CompactHashSet_ESTest	com/google/common/collect	com/google/common/collect/CompactHashing	tableGet	(Ljava/lang/Object;I)I
gaoss	com/google/guava	guava	31.0.1-jre	com.google.common.collect.CompactHashSet_ESTest	com/google/common/collect	com/google/common/collect/CompactHashing	tableSet	(Ljava/lang/Object;II)V
gaoss	com/google/guava	guava	31.0.1-jre	com.google.common.collect.CompactHashSet_ESTest	com/google/common/collect	com/google/common/collect/CompactHashing	newCapacity	(I)I
gaoss	com/google/guava	guava	31.0.1-jre	com.google.common.collect.CompactHashSet_ESTest	com/google/common/collect	com/google/common/collect/CompactHashing	getHashPrefix	(II)I
gaoss	com/google/guava	guava	31.0.1-jre	com.google.common.collect.CompactHashSet_ESTest	com/google/common/collect	com/google/common/collect/CompactHashing	getNext	(II)I
gaoss	com/google/guava	guava	31.0.1-jre	com.google.common.collect.CompactHashSet_ESTest	com/google/common/collect	com/google/common/collect/CompactHashing	maskCombine	(III)I
gaoss	com/google/guava	guava	31.0.1-jre	com.google.common.collect.CompactHashSet_ESTest	com/google/common/collect	com/google/common/collect/CompactHashing	remove	(Ljava/lang/Object;Ljava/lang/Object;ILjava/lang/Object;[I[Ljava/lang/Object;[Ljava/lang/Object;)I
gaoss	com/google/guava	guava	31.0.1-jre	com.google.common.collect.CompactHashSet_ESTest	com/google/common/collect	com/google/common/collect/AbstractMultiset$EntrySet	<init>	(Lcom/google/common/collect/AbstractMultiset;)V
gaoss	com/google/guava	guava	31.0.1-jre	com.google.common.collect.CompactHashSet_ESTest	com/google/common/collect	com/google/common/collect/AbstractMultiset$EntrySet	iterator	()Ljava/util/Iterator;
gaoss	com/google/guava	guava	31.0.1-jre	com.google.common.collect.CompactHashSet_ESTest	com/google/common/collect	com/google/common/collect/AbstractMultiset$EntrySet	size	()I
gaoss	com/google/guava	guava	31.0.1-jre	com.google.common.collect.CompactHashSet_ESTest	com/google/common/collect	com/google/common/collect/LinkedHashMultiset	create	()Lcom/google/common/collect/LinkedHashMultiset;
gaoss	com/google/guava	guava	31.0.1-jre	com.google.common.collect.CompactHashSet_ESTest	com/google/common/collect	com/google/common/collect/LinkedHashMultiset	<init>	()V
gaoss	com/google/guava	guava	31.0.1-jre	com.google.common.collect.CompactHashSet_ESTest	com/google/common/collect	com/google/common/collect/AbstractMultiset	<init>	()V
gaoss	com/google/guava	guava	31.0.1-jre	com.google.common.collect.CompactHashSet_ESTest	com/google/common/collect	com/google/common/collect/AbstractMultiset	add	(Ljava/lang/Object;)Z
gaoss	com/google/guava	guava	31.0.1-jre	com.google.common.collect.CompactHashSet_ESTest	com/google/common/collect	com/google/common/collect/AbstractMultiset	entrySet	()Ljava/util/Set;
gaoss	com/google/guava	guava	31.0.1-jre	com.google.common.collect.CompactHashSet_ESTest	com/google/common/collect	com/google/common/collect/AbstractMultiset	createEntrySet	()Ljava/util/Set;
gaoss	com/google/guava	guava	31.0.1-jre	com.google.common.collect.CompactHashSet_ESTest	com/google/common/collect	com/google/common/collect/Sets$ImprovedAbstractSet	<init>	()V
gaoss	com/google/guava	guava	31.0.1-jre	com.google.common.collect.CompactHashSet_ESTest	com/google/common/collect	com/google/common/collect/ImmutableSortedMapFauxverideShim	<init>	()V
gaoss	com/google/guava	guava	31.0.1-jre	com.google.common.collect.CompactHashSet_ESTest	com/google/common/collect	com/google/common/collect/ImmutableMultisetGwtSerializationDependencies	<init>	()V
gaoss	com/google/guava	guava	31.0.1-jre	com.google.common.collect.CompactHashSet_ESTest	com/google/common/collect	com/google/common/collect/TreeMultiset$AvlNode	<init>	()V
gaoss	com/google/guava	guava	31.0.1-jre	com.google.common.collect.CompactHashSet_ESTest	com/google/common/collect	com/google/common/collect/ImmutableSet$EmptySetBuilderImpl	<init>	()V
gaoss	com/google/guava	guava	31.0.1-jre	com.google.common.collect.CompactHashSet_ESTest	com/google/common/collect	com/google/common/collect/ImmutableSet$EmptySetBuilderImpl	<clinit>	()V
gaoss	com/google/guava	guava	31.0.1-jre	com.google.common.collect.CompactHashSet_ESTest	com/google/common/collect	com/google/common/collect/ForwardingObject	<init>	()V
gaoss	com/google/guava	guava	31.0.1-jre	com.google.common.collect.CompactHashSet_ESTest	com/google/common/collect	com/google/common/collect/Multisets$EntrySet	<init>	()V
gaoss	com/google/guava	guava	31.0.1-jre	com.google.common.collect.CompactHashSet_ESTest	com/google/common/collect	com/google/common/collect/DiscreteDomain$IntegerDomain	<init>	()V
gaoss	com/google/guava	guava	31.0.1-jre	com.google.common.collect.CompactHashSet_ESTest	com/google/common/collect	com/google/common/collect/DiscreteDomain$IntegerDomain	<clinit>	()V
gaoss	com/google/guava	guava	31.0.1-jre	com.google.common.collect.CompactHashSet_ESTest	com/google/common/collect	com/google/common/collect/AbstractMapBasedMultiset$2$1	<init>	(Lcom/google/common/collect/AbstractMapBasedMultiset$2;Ljava/util/Map$Entry;)V
gaoss	com/google/guava	guava	31.0.1-jre	com.google.common.collect.CompactHashSet_ESTest	com/google/common/collect	com/google/common/collect/AbstractMapBasedMultiset$2$1	getElement	()Ljava/lang/Object;
gaoss	com/google/guava	guava	31.0.1-jre	com.google.common.collect.CompactHashSet_ESTest	com/google/common/collect	com/google/common/collect/AbstractMapBasedMultiset$2$1	getCount	()I
gaoss	com/google/guava	guava	31.0.1-jre	com.google.common.collect.CompactHashSet_ESTest	com/google/common/collect	com/google/common/collect/NaturalOrdering	<clinit>	()V
gaoss	com/google/guava	guava	31.0.1-jre	com.google.common.collect.CompactHashSet_ESTest	com/google/common/collect	com/google/common/collect/ImmutableCollection	<init>	()V
gaoss	com/google/guava	guava	31.0.1-jre	com.google.common.collect.CompactHashSet_ESTest	com/google/common/collect	com/google/common/collect/ImmutableCollection	<clinit>	()V
gaoss	com/google/guava	guava	31.0.1-jre	com.google.common.collect.CompactHashSet_ESTest	com/google/common/collect	com/google/common/collect/ImmutableSortedMultiset$Builder	<init>	(Ljava/util/Comparator;)V
gaoss	com/google/guava	guava	31.0.1-jre	com.google.common.collect.CompactHashSet_ESTest	com/google/common/collect	com/google/common/collect/ImmutableSortedMultiset$Builder	addAll	(Ljava/util/Iterator;)Lcom/google/common/collect/ImmutableSortedMultiset$Builder;
gaoss	com/google/guava	guava	31.0.1-jre	com.google.common.collect.CompactHashSet_ESTest	com/google/common/collect	com/google/common/collect/ImmutableSortedMultiset$Builder	build	()Lcom/google/common/collect/ImmutableSortedMultiset;
gaoss	com/google/guava	guava	31.0.1-jre	com.google.common.collect.CompactHashSet_ESTest	com/google/common/collect	com/google/common/collect/SingletonImmutableList	<init>	(Ljava/lang/Object;)V
gaoss	com/google/guava	guava	31.0.1-jre	com.google.common.collect.CompactHashSet_ESTest	com/google/common/collect	com/google/common/collect/AbstractIndexedListIterator	<init>	(II)V
gaoss	com/google/guava	guava	31.0.1-jre	com.google.common.collect.CompactHashSet_ESTest	com/google/common/collect	com/google/common/collect/AbstractIndexedListIterator	hasNext	()Z
gaoss	com/google/guava	guava	31.0.1-jre	com.google.common.collect.CompactHashSet_ESTest	com/google/common/collect	com/google/common/collect/AbstractIndexedListIterator	next	()Ljava/lang/Object;
gaoss	com/google/guava	guava	31.0.1-jre	com.google.common.collect.CompactHashSet_ESTest	com/google/common/collect	com/google/common/collect/ImmutableBiMapFauxverideShim	<init>	()V
gaoss	com/google/guava	guava	31.0.1-jre	com.google.common.collect.CompactHashSet_ESTest	com/google/common/collect	com/google/common/collect/RegularImmutableSortedMultiset	<init>	(Ljava/util/Comparator;)V
gaoss	com/google/guava	guava	31.0.1-jre	com.google.common.collect.CompactHashSet_ESTest	com/google/common/collect	com/google/common/collect/RegularImmutableSortedMultiset	size	()I
gaoss	com/google/guava	guava	31.0.1-jre	com.google.common.collect.CompactHashSet_ESTest	com/google/common/collect	com/google/common/collect/RegularImmutableSortedMultiset	<clinit>	()V
gaoss	com/google/guava	guava	31.0.1-jre	com.google.common.collect.CompactHashSet_ESTest	com/google/common/collect	com/google/common/collect/ImmutableBiMap	<init>	()V
gaoss	com/google/guava	guava	31.0.1-jre	com.google.common.collect.CompactHashSet_ESTest	com/google/common/collect	com/google/common/collect/Multisets$DecreasingCount	<clinit>	()V
gaoss	com/google/guava	guava	31.0.1-jre	com.google.common.collect.CompactHashSet_ESTest	com/google/common/collect	com/google/common/collect/Range	encloseAll	(Ljava/lang/Iterable;)Lcom/google/common/collect/Range;
gaoss	com/google/guava	guava	31.0.1-jre	com.google.common.collect.CompactHashSet_ESTest	com/google/common/collect	com/google/common/collect/Range	<init>	(Lcom/google/common/collect/Cut;Lcom/google/common/collect/Cut;)V
gaoss	com/google/guava	guava	31.0.1-jre	com.google.common.collect.CompactHashSet_ESTest	com/google/common/collect	com/google/common/collect/Range	<clinit>	()V
gaoss	com/google/guava	guava	31.0.1-jre	com.google.common.collect.CompactHashSet_ESTest	com/google/common/collect	com/google/common/collect/TreeMultiset$Aggregate	<clinit>	()V
gaoss	com/google/guava	guava	31.0.1-jre	com.google.common.collect.CompactHashSet_ESTest	com/google/common/collect	com/google/common/collect/RegularImmutableMultiset	create	(Ljava/util/Collection;)Lcom/google/common/collect/ImmutableMultiset;
gaoss	com/google/guava	guava	31.0.1-jre	com.google.common.collect.CompactHashSet_ESTest	com/google/common/collect	com/google/common/collect/RegularImmutableMultiset	hashFloodingDetected	([Lcom/google/common/collect/Multisets$ImmutableEntry;)Z
gaoss	com/google/guava	guava	31.0.1-jre	com.google.common.collect.CompactHashSet_ESTest	com/google/common/collect	com/google/common/collect/RegularImmutableMultiset	<init>	([Lcom/google/common/collect/Multisets$ImmutableEntry;[Lcom/google/common/collect/Multisets$ImmutableEntry;IILcom/google/common/collect/ImmutableSet;)V
gaoss	com/google/guava	guava	31.0.1-jre	com.google.common.collect.CompactHashSet_ESTest	com/google/common/collect	com/google/common/collect/RegularImmutableMultiset	size	()I
gaoss	com/google/guava	guava	31.0.1-jre	com.google.common.collect.CompactHashSet_ESTest	com/google/common/collect	com/google/common/collect/RegularImmutableMultiset	elementSet	()Lcom/google/common/collect/ImmutableSet;
gaoss	com/google/guava	guava	31.0.1-jre	com.google.common.collect.CompactHashSet_ESTest	com/google/common/collect	com/google/common/collect/RegularImmutableMultiset	getEntry	(I)Lcom/google/common/collect/Multiset$Entry;
gaoss	com/google/guava	guava	31.0.1-jre	com.google.common.collect.CompactHashSet_ESTest	com/google/common/collect	com/google/common/collect/RegularImmutableMultiset	<clinit>	()V
gaoss	com/google/guava	guava	31.0.1-jre	com.google.common.collect.CompactHashSet_ESTest	com/google/common/collect	com/google/common/collect/RegularImmutableSortedSet	<init>	(Lcom/google/common/collect/ImmutableList;Ljava/util/Comparator;)V
gaoss	com/google/guava	guava	31.0.1-jre	com.google.common.collect.CompactHashSet_ESTest	com/google/common/collect	com/google/common/collect/RegularImmutableSortedSet	<clinit>	()V
gaoss	com/google/guava	guava	31.0.1-jre	com.google.common.collect.CompactHashSet_ESTest	com/google/common/collect	com/google/common/collect/ImmutableList	of	()Lcom/google/common/collect/ImmutableList;
gaoss	com/google/guava	guava	31.0.1-jre	com.google.common.collect.CompactHashSet_ESTest	com/google/common/collect	com/google/common/collect/ImmutableList	of	(Ljava/lang/Object;)Lcom/google/common/collect/ImmutableList;
gaoss	com/google/guava	guava	31.0.1-jre	com.google.common.collect.CompactHashSet_ESTest	com/google/common/collect	com/google/common/collect/ImmutableList	of	(Ljava/lang/Object;Ljava/lang/Object;)Lcom/google/common/collect/ImmutableList;
gaoss	com/google/guava	guava	31.0.1-jre	com.google.common.collect.CompactHashSet_ESTest	com/google/common/collect	com/google/common/collect/ImmutableList	of	(Ljava/lang/Object;Ljava/lang/Object;Ljava/lang/Object;Ljava/lang/Object;)Lcom/google/common/collect/ImmutableList;
gaoss	com/google/guava	guava	31.0.1-jre	com.google.common.collect.CompactHashSet_ESTest	com/google/common/collect	com/google/common/collect/ImmutableList	construct	([Ljava/lang/Object;)Lcom/google/common/collect/ImmutableList;
gaoss	com/google/guava	guava	31.0.1-jre	com.google.common.collect.CompactHashSet_ESTest	com/google/common/collect	com/google/common/collect/ImmutableList	asImmutableList	([Ljava/lang/Object;)Lcom/google/common/collect/ImmutableList;
gaoss	com/google/guava	guava	31.0.1-jre	com.google.common.collect.CompactHashSet_ESTest	com/google/common/collect	com/google/common/collect/ImmutableList	asImmutableList	([Ljava/lang/Object;I)Lcom/google/common/collect/ImmutableList;
gaoss	com/google/guava	guava	31.0.1-jre	com.google.common.collect.CompactHashSet_ESTest	com/google/common/collect	com/google/common/collect/ImmutableList	<init>	()V
gaoss	com/google/guava	guava	31.0.1-jre	com.google.common.collect.CompactHashSet_ESTest	com/google/common/collect	com/google/common/collect/ImmutableList	iterator	()Lcom/google/common/collect/UnmodifiableIterator;
gaoss	com/google/guava	guava	31.0.1-jre	com.google.common.collect.CompactHashSet_ESTest	com/google/common/collect	com/google/common/collect/ImmutableList	listIterator	()Lcom/google/common/collect/UnmodifiableListIterator;
gaoss	com/google/guava	guava	31.0.1-jre	com.google.common.collect.CompactHashSet_ESTest	com/google/common/collect	com/google/common/collect/ImmutableList	listIterator	(I)Lcom/google/common/collect/UnmodifiableListIterator;
gaoss	com/google/guava	guava	31.0.1-jre	com.google.common.collect.CompactHashSet_ESTest	com/google/common/collect	com/google/common/collect/Cut$BelowAll	<init>	()V
gaoss	com/google/guava	guava	31.0.1-jre	com.google.common.collect.CompactHashSet_ESTest	com/google/common/collect	com/google/common/collect/Cut$BelowAll	compareTo	(Lcom/google/common/collect/Cut;)I
gaoss	com/google/guava	guava	31.0.1-jre	com.google.common.collect.CompactHashSet_ESTest	com/google/common/collect	com/google/common/collect/Cut$BelowAll	<clinit>	()V
gaoss	com/google/guava	guava	31.0.1-jre	com.google.common.collect.CompactHashSet_ESTest	com/google/common/collect	com/google/common/collect/GeneralRange	all	(Ljava/util/Comparator;)Lcom/google/common/collect/GeneralRange;
gaoss	com/google/guava	guava	31.0.1-jre	com.google.common.collect.CompactHashSet_ESTest	com/google/common/collect	com/google/common/collect/GeneralRange	<init>	(Ljava/util/Comparator;ZLjava/lang/Object;Lcom/google/common/collect/BoundType;ZLjava/lang/Object;Lcom/google/common/collect/BoundType;)V
gaoss	com/google/guava	guava	31.0.1-jre	com.google.common.collect.CompactHashSet_ESTest	com/google/common/collect	com/google/common/collect/GeneralRange	hasLowerBound	()Z
gaoss	com/google/guava	guava	31.0.1-jre	com.google.common.collect.CompactHashSet_ESTest	com/google/common/collect	com/google/common/collect/GeneralRange	hasUpperBound	()Z
gaoss	com/google/guava	guava	31.0.1-jre	com.google.common.collect.CompactHashSet_ESTest	com/google/common/collect	com/google/common/collect/ImmutableSortedMultiset	copyOf	(Ljava/util/Iterator;)Lcom/google/common/collect/ImmutableSortedMultiset;
gaoss	com/google/guava	guava	31.0.1-jre	com.google.common.collect.CompactHashSet_ESTest	com/google/common/collect	com/google/common/collect/ImmutableSortedMultiset	copyOf	(Ljava/util/Comparator;Ljava/util/Iterator;)Lcom/google/common/collect/ImmutableSortedMultiset;
gaoss	com/google/guava	guava	31.0.1-jre	com.google.common.collect.CompactHashSet_ESTest	com/google/common/collect	com/google/common/collect/ImmutableSortedMultiset	copyOfSorted	(Lcom/google/common/collect/SortedMultiset;)Lcom/google/common/collect/ImmutableSortedMultiset;
gaoss	com/google/guava	guava	31.0.1-jre	com.google.common.collect.CompactHashSet_ESTest	com/google/common/collect	com/google/common/collect/ImmutableSortedMultiset	copyOfSortedEntries	(Ljava/util/Comparator;Ljava/util/Collection;)Lcom/google/common/collect/ImmutableSortedMultiset;
gaoss	com/google/guava	guava	31.0.1-jre	com.google.common.collect.CompactHashSet_ESTest	com/google/common/collect	com/google/common/collect/ImmutableSortedMultiset	emptyMultiset	(Ljava/util/Comparator;)Lcom/google/common/collect/ImmutableSortedMultiset;
gaoss	com/google/guava	guava	31.0.1-jre	com.google.common.collect.CompactHashSet_ESTest	com/google/common/collect	com/google/common/collect/ImmutableSortedMultiset	<init>	()V
gaoss	com/google/guava	guava	31.0.1-jre	com.google.common.collect.CompactHashSet_ESTest	com/google/common/collect	com/google/common/collect/Platform	<clinit>	()V
gaoss	com/google/guava	guava	31.0.1-jre	com.google.common.collect.CompactHashSet_ESTest	com/google/common/collect	com/google/common/collect/ImmutableMultiset$ElementSet	<init>	(Ljava/util/List;Lcom/google/common/collect/Multiset;)V
gaoss	com/google/guava	guava	31.0.1-jre	com.google.common.collect.CompactHashSet_ESTest	com/google/common/collect	com/google/common/collect/ImmutableMultiset$ElementSet	size	()I
gaoss	com/google/guava	guava	31.0.1-jre	com.google.common.collect.CompactHashSet_ESTest	com/google/common/collect	com/google/common/collect/Multisets$ImmutableEntry	<init>	(Ljava/lang/Object;I)V
gaoss	com/google/guava	guava	31.0.1-jre	com.google.common.collect.CompactHashSet_ESTest	com/google/common/collect	com/google/common/collect/Multisets$ImmutableEntry	getElement	()Ljava/lang/Object;
gaoss	com/google/guava	guava	31.0.1-jre	com.google.common.collect.CompactHashSet_ESTest	com/google/common/collect	com/google/common/collect/Multisets$ImmutableEntry	getCount	()I
gaoss	com/google/guava	guava	31.0.1-jre	com.google.common.collect.CompactHashSet_ESTest	com/google/common/collect	com/google/common/collect/Multisets$ImmutableEntry	nextInBucket	()Lcom/google/common/collect/Multisets$ImmutableEntry;
gaoss	com/google/guava	guava	31.0.1-jre	com.google.common.collect.CompactHashSet_ESTest	com/google/common/collect	com/google/common/collect/Iterators	emptyListIterator	()Lcom/google/common/collect/UnmodifiableListIterator;
gaoss	com/google/guava	guava	31.0.1-jre	com.google.common.collect.CompactHashSet_ESTest	com/google/common/collect	com/google/common/collect/Iterators	forArray	([Ljava/lang/Object;)Lcom/google/common/collect/UnmodifiableIterator;
gaoss	com/google/guava	guava	31.0.1-jre	com.google.common.collect.CompactHashSet_ESTest	com/google/common/collect	com/google/common/collect/Iterators	forArray	([Ljava/lang/Object;III)Lcom/google/common/collect/UnmodifiableListIterator;
gaoss	com/google/guava	guava	31.0.1-jre	com.google.common.collect.CompactHashSet_ESTest	com/google/common/collect	com/google/common/collect/RangeGwtSerializationDependencies	<init>	()V
gaoss	com/google/guava	guava	31.0.1-jre	com.google.common.collect.CompactHashSet_ESTest	com/google/common/collect	com/google/common/collect/ImmutableAsList	<init>	()V
gaoss	com/google/guava	guava	31.0.1-jre	com.google.common.collect.CompactHashSet_ESTest	com/google/common/collect	com/google/common/collect/ImmutableSortedSetFauxverideShim	<init>	()V
gaoss	com/google/guava	guava	31.0.1-jre	com.google.common.collect.CompactHashSet_ESTest	com/google/common/collect	com/google/common/collect/ImmutableSortedSet	emptySet	(Ljava/util/Comparator;)Lcom/google/common/collect/RegularImmutableSortedSet;
gaoss	com/google/guava	guava	31.0.1-jre	com.google.common.collect.CompactHashSet_ESTest	com/google/common/collect	com/google/common/collect/ImmutableSortedSet	<init>	(Ljava/util/Comparator;)V
gaoss	com/google/guava	guava	31.0.1-jre	com.google.common.collect.CompactHashSet_ESTest	com/google/common/collect	com/google/common/collect/ObjectArrays	checkElementsNotNull	([Ljava/lang/Object;)[Ljava/lang/Object;
gaoss	com/google/guava	guava	31.0.1-jre	com.google.common.collect.CompactHashSet_ESTest	com/google/common/collect	com/google/common/collect/ObjectArrays	checkElementsNotNull	([Ljava/lang/Object;I)[Ljava/lang/Object;
gaoss	com/google/guava	guava	31.0.1-jre	com.google.common.collect.CompactHashSet_ESTest	com/google/common/collect	com/google/common/collect/ObjectArrays	checkElementNotNull	(Ljava/lang/Object;I)Ljava/lang/Object;
gaoss	com/google/guava	guava	31.0.1-jre	com.google.common.collect.CompactHashSet_ESTest	com/google/common/collect	com/google/common/collect/ImmutableMultiset	of	(Ljava/lang/Object;Ljava/lang/Object;Ljava/lang/Object;)Lcom/google/common/collect/ImmutableMultiset;
gaoss	com/google/guava	guava	31.0.1-jre	com.google.common.collect.CompactHashSet_ESTest	com/google/common/collect	com/google/common/collect/ImmutableMultiset	of	(Ljava/lang/Object;Ljava/lang/Object;Ljava/lang/Object;Ljava/lang/Object;)Lcom/google/common/collect/ImmutableMultiset;
gaoss	com/google/guava	guava	31.0.1-jre	com.google.common.collect.CompactHashSet_ESTest	com/google/common/collect	com/google/common/collect/ImmutableMultiset	copyOf	([Ljava/lang/Object;)Lcom/google/common/collect/ImmutableMultiset;
gaoss	com/google/guava	guava	31.0.1-jre	com.google.common.collect.CompactHashSet_ESTest	com/google/common/collect	com/google/common/collect/ImmutableMultiset	copyFromElements	([Ljava/lang/Object;)Lcom/google/common/collect/ImmutableMultiset;
gaoss	com/google/guava	guava	31.0.1-jre	com.google.common.collect.CompactHashSet_ESTest	com/google/common/collect	com/google/common/collect/ImmutableMultiset	copyFromEntries	(Ljava/util/Collection;)Lcom/google/common/collect/ImmutableMultiset;
gaoss	com/google/guava	guava	31.0.1-jre	com.google.common.collect.CompactHashSet_ESTest	com/google/common/collect	com/google/common/collect/ImmutableMultiset	<init>	()V
gaoss	com/google/guava	guava	31.0.1-jre	com.google.common.collect.CompactHashSet_ESTest	com/google/common/collect	com/google/common/collect/ImmutableMultiset	iterator	()Lcom/google/common/collect/UnmodifiableIterator;
gaoss	com/google/guava	guava	31.0.1-jre	com.google.common.collect.CompactHashSet_ESTest	com/google/common/collect	com/google/common/collect/ImmutableMultiset	hashCode	()I
gaoss	com/google/guava	guava	31.0.1-jre	com.google.common.collect.CompactHashSet_ESTest	com/google/common/collect	com/google/common/collect/ImmutableMultiset	entrySet	()Lcom/google/common/collect/ImmutableSet;
gaoss	com/google/guava	guava	31.0.1-jre	com.google.common.collect.CompactHashSet_ESTest	com/google/common/collect	com/google/common/collect/ImmutableMultiset	createEntrySet	()Lcom/google/common/collect/ImmutableSet;
gaoss	com/google/guava	guava	31.0.1-jre	com.google.common.collect.CompactHashSet_ESTest	com/google/common/collect	com/google/common/collect/TreeMultiset$Aggregate$2	<init>	(Ljava/lang/String;I)V
gaoss	com/google/guava	guava	31.0.1-jre	com.google.common.collect.CompactHashSet_ESTest	com/google/common/collect	com/google/common/collect/TreeMultiset$Aggregate$2	treeAggregate	(Lcom/google/common/collect/TreeMultiset$AvlNode;)J
gaoss	com/google/guava	guava	31.0.1-jre	com.google.common.collect.CompactHashSet_ESTest	com/google/common/collect	com/google/common/collect/TreeMultiset$Aggregate$1	<init>	(Ljava/lang/String;I)V
gaoss	com/google/guava	guava	31.0.1-jre	com.google.common.collect.CompactHashSet_ESTest	com/google/common/collect	com/google/common/collect/ImmutableMap	<init>	()V
gaoss	com/google/guava	guava	31.0.1-jre	com.google.common.collect.CompactHashSet_ESTest	com/google/common/collect	com/google/common/collect/ImmutableMap	<clinit>	()V
gaoss	com/google/guava	guava	31.0.1-jre	com.google.common.collect.CompactHashSet_ESTest	com/google/common/collect	com/google/common/collect/RegularImmutableMap	<init>	([Ljava/util/Map$Entry;[Lcom/google/common/collect/ImmutableMapEntry;I)V
gaoss	com/google/guava	guava	31.0.1-jre	com.google.common.collect.CompactHashSet_ESTest	com/google/common/collect	com/google/common/collect/RegularImmutableMap	<clinit>	()V
gaoss	com/google/guava	guava	31.0.1-jre	com.google.common.collect.CompactHashSet_ESTest	com/google/common/collect	com/google/common/collect/TreeMultiset$2	<init>	(Lcom/google/common/collect/TreeMultiset;)V
gaoss	com/google/guava	guava	31.0.1-jre	com.google.common.collect.CompactHashSet_ESTest	com/google/common/collect	com/google/common/collect/TreeMultiset$2	hasNext	()Z
gaoss	com/google/guava	guava	31.0.1-jre	com.google.common.collect.CompactHashSet_ESTest	com/google/common/collect	com/google/common/collect/ImmutableSortedMap	<init>	(Lcom/google/common/collect/RegularImmutableSortedSet;Lcom/google/common/collect/ImmutableList;)V
gaoss	com/google/guava	guava	31.0.1-jre	com.google.common.collect.CompactHashSet_ESTest	com/google/common/collect	com/google/common/collect/ImmutableSortedMap	<init>	(Lcom/google/common/collect/RegularImmutableSortedSet;Lcom/google/common/collect/ImmutableList;Lcom/google/common/collect/ImmutableSortedMap;)V
gaoss	com/google/guava	guava	31.0.1-jre	com.google.common.collect.CompactHashSet_ESTest	com/google/common/collect	com/google/common/collect/ImmutableSortedMap	<clinit>	()V
gaoss	com/google/guava	guava	31.0.1-jre	com.google.common.collect.CompactHashSet_ESTest	com/google/common/collect	com/google/common/collect/ImmutableMultiset$1	<init>	(Lcom/google/common/collect/ImmutableMultiset;Ljava/util/Iterator;)V
gaoss	com/google/guava	guava	31.0.1-jre	com.google.common.collect.CompactHashSet_ESTest	com/google/common/collect	com/google/common/collect/ImmutableMultiset$1	hasNext	()Z
gaoss	com/google/guava	guava	31.0.1-jre	com.google.common.collect.CompactHashSet_ESTest	com/google/common/collect	com/google/common/collect/ImmutableMultiset$1	next	()Ljava/lang/Object;
gaoss	com/google/guava	guava	31.0.1-jre	com.google.common.collect.CompactHashSet_ESTest	com/google/common/collect	com/google/common/collect/ImmutableSet$Indexed	<init>	()V
gaoss	com/google/guava	guava	31.0.1-jre	com.google.common.collect.CompactHashSet_ESTest	com/google/common/collect	com/google/common/collect/TreeMultiset$Reference	get	()Ljava/lang/Object;
gaoss	com/google/guava	guava	31.0.1-jre	com.google.common.collect.CompactHashSet_ESTest	com/google/common/collect	com/google/common/collect/JdkBackedImmutableSet	<init>	(Ljava/util/Set;Lcom/google/common/collect/ImmutableList;)V
gaoss	com/google/guava	guava	31.0.1-jre	com.google.common.collect.CompactHashSet_ESTest	com/google/common/collect	com/google/common/collect/Lists	newArrayList	(Ljava/lang/Iterable;)Ljava/util/ArrayList;
gaoss	com/google/guava	guava	31.0.1-jre	com.google.common.collect.CompactHashSet_ESTest	com/google/common/collect	com/google/common/collect/ForwardingCollection	<init>	()V
gaoss	com/google/guava	guava	31.0.1-jre	com.google.common.collect.CompactHashSet_ESTest	com/google/common/collect	com/google/common/collect/AbstractMapBasedMultiset$2	<init>	(Lcom/google/common/collect/AbstractMapBasedMultiset;Ljava/util/Iterator;)V
gaoss	com/google/guava	guava	31.0.1-jre	com.google.common.collect.CompactHashSet_ESTest	com/google/common/collect	com/google/common/collect/AbstractMapBasedMultiset$2	hasNext	()Z
gaoss	com/google/guava	guava	31.0.1-jre	com.google.common.collect.CompactHashSet_ESTest	com/google/common/collect	com/google/common/collect/AbstractMapBasedMultiset$2	next	()Lcom/google/common/collect/Multiset$Entry;
gaoss	com/google/guava	guava	31.0.1-jre	com.google.common.collect.CompactHashSet_ESTest	com/google/common/collect	com/google/common/collect/ImmutableSet$SetBuilderImpl	<init>	(I)V
gaoss	com/google/guava	guava	31.0.1-jre	com.google.common.collect.CompactHashSet_ESTest	com/google/common/collect	com/google/common/collect/UnmodifiableIterator	<init>	()V
gaoss	com/google/guava	guava	31.0.1-jre	com.google.common.collect.CompactHashSet_ESTest	com/google/common/collect	com/google/common/collect/ImmutableCollection$Builder	<init>	()V
gaoss	com/google/guava	guava	31.0.1-jre	com.google.common.collect.CompactHashSet_ESTest	com/google/common/collect	com/google/common/collect/ImmutableCollection$Builder	addAll	(Ljava/util/Iterator;)Lcom/google/common/collect/ImmutableCollection$Builder;
gaoss	com/google/guava	guava	31.0.1-jre	com.google.common.collect.CompactHashSet_ESTest	com/google/common/collect	com/google/common/collect/RegularImmutableAsList	<init>	(Lcom/google/common/collect/ImmutableCollection;Lcom/google/common/collect/ImmutableList;)V
gaoss	com/google/guava	guava	31.0.1-jre	com.google.common.collect.CompactHashSet_ESTest	com/google/common/collect	com/google/common/collect/ForwardingMultiset	<init>	()V
gaoss	com/google/guava	guava	31.0.1-jre	com.google.common.collect.CompactHashSet_ESTest	com/google/common/collect	com/google/common/collect/ForwardingMultiset	hashCode	()I
gaoss	com/google/guava	guava	31.0.1-jre	com.google.common.collect.CompactHashSet_ESTest	com/google/common/collect	com/google/common/collect/IndexedImmutableSet$1	<init>	(Lcom/google/common/collect/IndexedImmutableSet;)V
gaoss	com/google/guava	guava	31.0.1-jre	com.google.common.collect.CompactHashSet_ESTest	com/google/common/collect	com/google/common/collect/IndexedImmutableSet$1	get	(I)Ljava/lang/Object;
gaoss	com/google/guava	guava	31.0.1-jre	com.google.common.collect.CompactHashSet_ESTest	com/google/common/collect	com/google/common/collect/IndexedImmutableSet$1	size	()I
gaoss	com/google/guava	guava	31.0.1-jre	com.google.common.collect.CompactHashSet_ESTest	com/google/common/collect	com/google/common/collect/ReverseNaturalOrdering	<clinit>	()V
gaoss	com/google/guava	guava	31.0.1-jre	com.google.common.collect.CompactHashSet_ESTest	com/google/common/collect	com/google/common/collect/AllEqualOrdering	<init>	()V
gaoss	com/google/guava	guava	31.0.1-jre	com.google.common.collect.CompactHashSet_ESTest	com/google/common/collect	com/google/common/collect/AllEqualOrdering	<clinit>	()V
gaoss	com/google/guava	guava	31.0.1-jre	com.google.common.collect.CompactHashSet_ESTest	com/google/common/collect	com/google/common/collect/TreeMultiset	create	(Ljava/util/Comparator;)Lcom/google/common/collect/TreeMultiset;
gaoss	com/google/guava	guava	31.0.1-jre	com.google.common.collect.CompactHashSet_ESTest	com/google/common/collect	com/google/common/collect/TreeMultiset	<init>	(Ljava/util/Comparator;)V
gaoss	com/google/guava	guava	31.0.1-jre	com.google.common.collect.CompactHashSet_ESTest	com/google/common/collect	com/google/common/collect/TreeMultiset	aggregateForEntries	(Lcom/google/common/collect/TreeMultiset$Aggregate;)J
gaoss	com/google/guava	guava	31.0.1-jre	com.google.common.collect.CompactHashSet_ESTest	com/google/common/collect	com/google/common/collect/TreeMultiset	distinctElements	()I
gaoss	com/google/guava	guava	31.0.1-jre	com.google.common.collect.CompactHashSet_ESTest	com/google/common/collect	com/google/common/collect/TreeMultiset	firstNode	()Lcom/google/common/collect/TreeMultiset$AvlNode;
gaoss	com/google/guava	guava	31.0.1-jre	com.google.common.collect.CompactHashSet_ESTest	com/google/common/collect	com/google/common/collect/TreeMultiset	entryIterator	()Ljava/util/Iterator;
gaoss	com/google/guava	guava	31.0.1-jre	com.google.common.collect.CompactHashSet_ESTest	com/google/common/collect	com/google/common/collect/TreeMultiset	successor	(Lcom/google/common/collect/TreeMultiset$AvlNode;Lcom/google/common/collect/TreeMultiset$AvlNode;)V
gaoss	com/google/guava	guava	31.0.1-jre	com.google.common.collect.CompactHashSet_ESTest	com/google/common/collect	com/google/common/collect/UsingToStringOrdering	<clinit>	()V
gaoss	com/google/guava	guava	31.0.1-jre	com.google.common.collect.CompactHashSet_ESTest	com/google/common/collect	com/google/common/collect/Hashing	smear	(I)I
gaoss	com/google/guava	guava	31.0.1-jre	com.google.common.collect.CompactHashSet_ESTest	com/google/common/collect	com/google/common/collect/Hashing	smearedHash	(Ljava/lang/Object;)I
gaoss	com/google/guava	guava	31.0.1-jre	com.google.common.collect.CompactHashSet_ESTest	com/google/common/collect	com/google/common/collect/Hashing	closedTableSize	(ID)I
gaoss	com/google/guava	guava	31.0.1-jre	com.google.common.collect.CompactHashSet_ESTest	com/google/common/collect	com/google/common/collect/Count	<init>	(I)V
gaoss	com/google/guava	guava	31.0.1-jre	com.google.common.collect.CompactHashSet_ESTest	com/google/common/collect	com/google/common/collect/Count	get	()I
gaoss	com/google/guava	guava	31.0.1-jre	com.google.common.collect.CompactHashSet_ESTest	com/google/common/collect	com/google/common/collect/Count	add	(I)V
gaoss	com/google/guava	guava	31.0.1-jre	com.google.common.collect.CompactHashSet_ESTest	com/google/common/collect	com/google/common/collect/RegularImmutableBiMap	<init>	([Lcom/google/common/collect/ImmutableMapEntry;[Lcom/google/common/collect/ImmutableMapEntry;[Ljava/util/Map$Entry;II)V
gaoss	com/google/guava	guava	31.0.1-jre	com.google.common.collect.CompactHashSet_ESTest	com/google/common/collect	com/google/common/collect/RegularImmutableBiMap	<clinit>	()V
gaoss	com/google/guava	guava	31.0.1-jre	com.google.common.collect.CompactHashSet_ESTest	com/google/common/collect	com/google/common/collect/ImmutableSortedMultisetFauxverideShim	<init>	()V
gaoss	com/google/guava	guava	31.0.1-jre	com.google.common.collect.CompactHashSet_ESTest	com/google/common/math	com/google/common/math/IntMath	<clinit>	()V
gaoss	com/google/guava	guava	31.0.1-jre	com.google.common.collect.CompactHashSet_ESTest	com/google/common/hash	com/google/common/hash/BloomFilterStrategies$1	<init>	(Ljava/lang/String;I)V
gaoss	com/google/guava	guava	31.0.1-jre	com.google.common.collect.CompactHashSet_ESTest	com/google/common/hash	com/google/common/hash/BloomFilterStrategies$2	<init>	(Ljava/lang/String;I)V
gaoss	com/google/guava	guava	31.0.1-jre	com.google.common.collect.CompactHashSet_ESTest	com/google/common/hash	com/google/common/hash/BloomFilterStrategies	<clinit>	()V
gaoss	com/google/guava	guava	31.0.1-jre	com.google.common.collect.CompactHashSet_ESTest	com/google/common/base	com/google/common/base/Objects	equal	(Ljava/lang/Object;Ljava/lang/Object;)Z
gaoss	com/google/guava	guava	31.0.1-jre	com.google.common.collect.CompactHashSet_ESTest	com/google/common/base	com/google/common/base/Preconditions	checkArgument	(Z)V
gaoss	com/google/guava	guava	31.0.1-jre	com.google.common.collect.CompactHashSet_ESTest	com/google/common/base	com/google/common/base/Preconditions	checkArgument	(ZLjava/lang/Object;)V
gaoss	com/google/guava	guava	31.0.1-jre	com.google.common.collect.CompactHashSet_ESTest	com/google/common/base	com/google/common/base/Preconditions	checkArgument	(ZLjava/lang/String;I)V
gaoss	com/google/guava	guava	31.0.1-jre	com.google.common.collect.CompactHashSet_ESTest	com/google/common/base	com/google/common/base/Preconditions	checkArgument	(ZLjava/lang/String;J)V
gaoss	com/google/guava	guava	31.0.1-jre	com.google.common.collect.CompactHashSet_ESTest	com/google/common/base	com/google/common/base/Preconditions	checkArgument	(ZLjava/lang/String;II)V
gaoss	com/google/guava	guava	31.0.1-jre	com.google.common.collect.CompactHashSet_ESTest	com/google/common/base	com/google/common/base/Preconditions	checkState	(ZLjava/lang/Object;)V
gaoss	com/google/guava	guava	31.0.1-jre	com.google.common.collect.CompactHashSet_ESTest	com/google/common/base	com/google/common/base/Preconditions	checkNotNull	(Ljava/lang/Object;)Ljava/lang/Object;
gaoss	com/google/guava	guava	31.0.1-jre	com.google.common.collect.CompactHashSet_ESTest	com/google/common/base	com/google/common/base/Preconditions	checkPositionIndex	(II)I
gaoss	com/google/guava	guava	31.0.1-jre	com.google.common.collect.CompactHashSet_ESTest	com/google/common/base	com/google/common/base/Preconditions	checkPositionIndex	(IILjava/lang/String;)I
gaoss	com/google/guava	guava	31.0.1-jre	com.google.common.collect.CompactHashSet_ESTest	com/google/common/base	com/google/common/base/Preconditions	checkPositionIndexes	(III)V
gaoss	com/google/guava	guava	31.0.1-jre	com.google.common.collect.CompactHashSet_ESTest	com/google/common/base	com/google/common/base/Converter	<init>	()V
gaoss	com/google/guava	guava	31.0.1-jre	com.google.common.collect.CompactHashSet_ESTest	com/google/common/base	com/google/common/base/Converter	<init>	(Z)V
