gaoss	com/google/guava	guava	31.0.1-jre	com.google.common.reflect.Parameter_ESTest	com/google/common/reflect	com/google/common/reflect/TypeToken$TypeCollector	<clinit>	()V
gaoss	com/google/guava	guava	31.0.1-jre	com.google.common.reflect.Parameter_ESTest	com/google/common/reflect	com/google/common/reflect/TypeResolver$WildcardCapturer	<init>	()V
gaoss	com/google/guava	guava	31.0.1-jre	com.google.common.reflect.Parameter_ESTest	com/google/common/reflect	com/google/common/reflect/TypeResolver$WildcardCapturer	<init>	(Ljava/util/concurrent/atomic/AtomicInteger;)V
gaoss	com/google/guava	guava	31.0.1-jre	com.google.common.reflect.Parameter_ESTest	com/google/common/reflect	com/google/common/reflect/TypeResolver$WildcardCapturer	<clinit>	()V
gaoss	com/google/guava	guava	31.0.1-jre	com.google.common.reflect.Parameter_ESTest	com/google/common/reflect	com/google/common/reflect/TypeToken$TypeCollector$1	<init>	()V
gaoss	com/google/guava	guava	31.0.1-jre	com.google.common.reflect.Parameter_ESTest	com/google/common/reflect	com/google/common/reflect/TypeToken$TypeCollector$2	<init>	()V
gaoss	com/google/guava	guava	31.0.1-jre	com.google.common.reflect.Parameter_ESTest	com/google/common/reflect	com/google/common/reflect/TypeToken	<init>	(Ljava/lang/reflect/Type;)V
gaoss	com/google/guava	guava	31.0.1-jre	com.google.common.reflect.Parameter_ESTest	com/google/common/reflect	com/google/common/reflect/TypeToken	of	(Ljava/lang/Class;)Lcom/google/common/reflect/TypeToken;
gaoss	com/google/guava	guava	31.0.1-jre	com.google.common.reflect.Parameter_ESTest	com/google/common/reflect	com/google/common/reflect/TypeToken	toString	()Ljava/lang/String;
gaoss	com/google/guava	guava	31.0.1-jre	com.google.common.reflect.Parameter_ESTest	com/google/common/reflect	com/google/common/reflect/Parameter	<init>	(Lcom/google/common/reflect/Invokable;ILcom/google/common/reflect/TypeToken;[Ljava/lang/annotation/Annotation;Ljava/lang/reflect/AnnotatedType;)V
gaoss	com/google/guava	guava	31.0.1-jre	com.google.common.reflect.Parameter_ESTest	com/google/common/reflect	com/google/common/reflect/Parameter	getType	()Lcom/google/common/reflect/TypeToken;
gaoss	com/google/guava	guava	31.0.1-jre	com.google.common.reflect.Parameter_ESTest	com/google/common/reflect	com/google/common/reflect/Parameter	getDeclaringInvokable	()Lcom/google/common/reflect/Invokable;
gaoss	com/google/guava	guava	31.0.1-jre	com.google.common.reflect.Parameter_ESTest	com/google/common/reflect	com/google/common/reflect/Parameter	isAnnotationPresent	(Ljava/lang/Class;)Z
gaoss	com/google/guava	guava	31.0.1-jre	com.google.common.reflect.Parameter_ESTest	com/google/common/reflect	com/google/common/reflect/Parameter	getAnnotation	(Ljava/lang/Class;)Ljava/lang/annotation/Annotation;
gaoss	com/google/guava	guava	31.0.1-jre	com.google.common.reflect.Parameter_ESTest	com/google/common/reflect	com/google/common/reflect/Parameter	getAnnotations	()[Ljava/lang/annotation/Annotation;
gaoss	com/google/guava	guava	31.0.1-jre	com.google.common.reflect.Parameter_ESTest	com/google/common/reflect	com/google/common/reflect/Parameter	getAnnotationsByType	(Ljava/lang/Class;)[Ljava/lang/annotation/Annotation;
gaoss	com/google/guava	guava	31.0.1-jre	com.google.common.reflect.Parameter_ESTest	com/google/common/reflect	com/google/common/reflect/Parameter	getDeclaredAnnotations	()[Ljava/lang/annotation/Annotation;
gaoss	com/google/guava	guava	31.0.1-jre	com.google.common.reflect.Parameter_ESTest	com/google/common/reflect	com/google/common/reflect/Parameter	getDeclaredAnnotation	(Ljava/lang/Class;)Ljava/lang/annotation/Annotation;
gaoss	com/google/guava	guava	31.0.1-jre	com.google.common.reflect.Parameter_ESTest	com/google/common/reflect	com/google/common/reflect/Parameter	getDeclaredAnnotationsByType	(Ljava/lang/Class;)[Ljava/lang/annotation/Annotation;
gaoss	com/google/guava	guava	31.0.1-jre	com.google.common.reflect.Parameter_ESTest	com/google/common/reflect	com/google/common/reflect/Parameter	getAnnotatedType	()Ljava/lang/reflect/AnnotatedType;
gaoss	com/google/guava	guava	31.0.1-jre	com.google.common.reflect.Parameter_ESTest	com/google/common/reflect	com/google/common/reflect/Parameter	equals	(Ljava/lang/Object;)Z
gaoss	com/google/guava	guava	31.0.1-jre	com.google.common.reflect.Parameter_ESTest	com/google/common/reflect	com/google/common/reflect/Parameter	hashCode	()I
gaoss	com/google/guava	guava	31.0.1-jre	com.google.common.reflect.Parameter_ESTest	com/google/common/reflect	com/google/common/reflect/Parameter	toString	()Ljava/lang/String;
gaoss	com/google/guava	guava	31.0.1-jre	com.google.common.reflect.Parameter_ESTest	com/google/common/reflect	com/google/common/reflect/TypeCapture	<init>	()V
gaoss	com/google/guava	guava	31.0.1-jre	com.google.common.reflect.Parameter_ESTest	com/google/common/reflect	com/google/common/reflect/TypeCapture	capture	()Ljava/lang/reflect/Type;
gaoss	com/google/guava	guava	31.0.1-jre	com.google.common.reflect.Parameter_ESTest	com/google/common/reflect	com/google/common/reflect/Types$1	<init>	()V
gaoss	com/google/guava	guava	31.0.1-jre	com.google.common.reflect.Parameter_ESTest	com/google/common/reflect	com/google/common/reflect/Types	toString	(Ljava/lang/reflect/Type;)Ljava/lang/String;
gaoss	com/google/guava	guava	31.0.1-jre	com.google.common.reflect.Parameter_ESTest	com/google/common/reflect	com/google/common/reflect/Types	<clinit>	()V
gaoss	com/google/guava	guava	31.0.1-jre	com.google.common.reflect.Parameter_ESTest	com/google/common/reflect	com/google/common/reflect/TypeToken$SimpleTypeToken	<init>	(Ljava/lang/reflect/Type;)V
gaoss	com/google/guava	guava	31.0.1-jre	com.google.common.reflect.Parameter_ESTest	com/google/common/reflect	com/google/common/reflect/Types$JavaVersion$2	<init>	(Ljava/lang/String;I)V
gaoss	com/google/guava	guava	31.0.1-jre	com.google.common.reflect.Parameter_ESTest	com/google/common/reflect	com/google/common/reflect/Types$JavaVersion$1	<init>	(Ljava/lang/String;I)V
gaoss	com/google/guava	guava	31.0.1-jre	com.google.common.reflect.Parameter_ESTest	com/google/common/reflect	com/google/common/reflect/Types$JavaVersion$5	<init>	()V
gaoss	com/google/guava	guava	31.0.1-jre	com.google.common.reflect.Parameter_ESTest	com/google/common/reflect	com/google/common/reflect/Types$JavaVersion$4	<init>	(Ljava/lang/String;I)V
gaoss	com/google/guava	guava	31.0.1-jre	com.google.common.reflect.Parameter_ESTest	com/google/common/reflect	com/google/common/reflect/Types$JavaVersion$3	<init>	(Ljava/lang/String;I)V
gaoss	com/google/guava	guava	31.0.1-jre	com.google.common.reflect.Parameter_ESTest	com/google/common/reflect	com/google/common/reflect/Types$JavaVersion	<clinit>	()V
gaoss	com/google/guava	guava	31.0.1-jre	com.google.common.reflect.Parameter_ESTest	com/google/common/primitives	com/google/common/primitives/Primitives	add	(Ljava/util/Map;Ljava/util/Map;Ljava/lang/Class;Ljava/lang/Class;)V
gaoss	com/google/guava	guava	31.0.1-jre	com.google.common.reflect.Parameter_ESTest	com/google/common/primitives	com/google/common/primitives/Primitives	<clinit>	()V
gaoss	com/google/guava	guava	31.0.1-jre	com.google.common.reflect.Parameter_ESTest	com/google/common/collect	com/google/common/collect/AbstractIterator$State	<clinit>	()V
gaoss	com/google/guava	guava	31.0.1-jre	com.google.common.reflect.Parameter_ESTest	com/google/common/collect	com/google/common/collect/FluentIterable	<init>	()V
gaoss	com/google/guava	guava	31.0.1-jre	com.google.common.reflect.Parameter_ESTest	com/google/common/collect	com/google/common/collect/FluentIterable	<init>	(Ljava/lang/Iterable;)V
gaoss	com/google/guava	guava	31.0.1-jre	com.google.common.reflect.Parameter_ESTest	com/google/common/collect	com/google/common/collect/FluentIterable	getDelegate	()Ljava/lang/Iterable;
gaoss	com/google/guava	guava	31.0.1-jre	com.google.common.reflect.Parameter_ESTest	com/google/common/collect	com/google/common/collect/FluentIterable	from	(Ljava/lang/Iterable;)Lcom/google/common/collect/FluentIterable;
gaoss	com/google/guava	guava	31.0.1-jre	com.google.common.reflect.Parameter_ESTest	com/google/common/collect	com/google/common/collect/FluentIterable	filter	(Ljava/lang/Class;)Lcom/google/common/collect/FluentIterable;
gaoss	com/google/guava	guava	31.0.1-jre	com.google.common.reflect.Parameter_ESTest	com/google/common/collect	com/google/common/collect/FluentIterable	first	()Lcom/google/common/base/Optional;
gaoss	com/google/guava	guava	31.0.1-jre	com.google.common.reflect.Parameter_ESTest	com/google/common/collect	com/google/common/collect/FluentIterable	toArray	(Ljava/lang/Class;)[Ljava/lang/Object;
gaoss	com/google/guava	guava	31.0.1-jre	com.google.common.reflect.Parameter_ESTest	com/google/common/collect	com/google/common/collect/RegularImmutableList	<init>	([Ljava/lang/Object;)V
gaoss	com/google/guava	guava	31.0.1-jre	com.google.common.reflect.Parameter_ESTest	com/google/common/collect	com/google/common/collect/RegularImmutableList	size	()I
gaoss	com/google/guava	guava	31.0.1-jre	com.google.common.reflect.Parameter_ESTest	com/google/common/collect	com/google/common/collect/RegularImmutableList	copyIntoArray	([Ljava/lang/Object;I)I
gaoss	com/google/guava	guava	31.0.1-jre	com.google.common.reflect.Parameter_ESTest	com/google/common/collect	com/google/common/collect/RegularImmutableList	listIterator	(I)Lcom/google/common/collect/UnmodifiableListIterator;
gaoss	com/google/guava	guava	31.0.1-jre	com.google.common.reflect.Parameter_ESTest	com/google/common/collect	com/google/common/collect/RegularImmutableList	<clinit>	()V
gaoss	com/google/guava	guava	31.0.1-jre	com.google.common.reflect.Parameter_ESTest	com/google/common/collect	com/google/common/collect/UnmodifiableListIterator	<init>	()V
gaoss	com/google/guava	guava	31.0.1-jre	com.google.common.reflect.Parameter_ESTest	com/google/common/collect	com/google/common/collect/Iterators$ArrayItr	<init>	([Ljava/lang/Object;III)V
gaoss	com/google/guava	guava	31.0.1-jre	com.google.common.reflect.Parameter_ESTest	com/google/common/collect	com/google/common/collect/Iterators$ArrayItr	<clinit>	()V
gaoss	com/google/guava	guava	31.0.1-jre	com.google.common.reflect.Parameter_ESTest	com/google/common/collect	com/google/common/collect/ImmutableSet$EmptySetBuilderImpl	<init>	()V
gaoss	com/google/guava	guava	31.0.1-jre	com.google.common.reflect.Parameter_ESTest	com/google/common/collect	com/google/common/collect/ImmutableSet$EmptySetBuilderImpl	<clinit>	()V
gaoss	com/google/guava	guava	31.0.1-jre	com.google.common.reflect.Parameter_ESTest	com/google/common/collect	com/google/common/collect/Iterables	toArray	(Ljava/lang/Iterable;Ljava/lang/Class;)[Ljava/lang/Object;
gaoss	com/google/guava	guava	31.0.1-jre	com.google.common.reflect.Parameter_ESTest	com/google/common/collect	com/google/common/collect/Iterables	toArray	(Ljava/lang/Iterable;[Ljava/lang/Object;)[Ljava/lang/Object;
gaoss	com/google/guava	guava	31.0.1-jre	com.google.common.reflect.Parameter_ESTest	com/google/common/collect	com/google/common/collect/Iterables	castOrCopyToCollection	(Ljava/lang/Iterable;)Ljava/util/Collection;
gaoss	com/google/guava	guava	31.0.1-jre	com.google.common.reflect.Parameter_ESTest	com/google/common/collect	com/google/common/collect/Iterables	filter	(Ljava/lang/Iterable;Lcom/google/common/base/Predicate;)Ljava/lang/Iterable;
gaoss	com/google/guava	guava	31.0.1-jre	com.google.common.reflect.Parameter_ESTest	com/google/common/collect	com/google/common/collect/Iterables	filter	(Ljava/lang/Iterable;Ljava/lang/Class;)Ljava/lang/Iterable;
gaoss	com/google/guava	guava	31.0.1-jre	com.google.common.reflect.Parameter_ESTest	com/google/common/collect	com/google/common/collect/ImmutableCollection	<init>	()V
gaoss	com/google/guava	guava	31.0.1-jre	com.google.common.reflect.Parameter_ESTest	com/google/common/collect	com/google/common/collect/ImmutableCollection	toArray	([Ljava/lang/Object;)[Ljava/lang/Object;
gaoss	com/google/guava	guava	31.0.1-jre	com.google.common.reflect.Parameter_ESTest	com/google/common/collect	com/google/common/collect/ImmutableCollection	<clinit>	()V
gaoss	com/google/guava	guava	31.0.1-jre	com.google.common.reflect.Parameter_ESTest	com/google/common/collect	com/google/common/collect/AbstractIndexedListIterator	<init>	(II)V
gaoss	com/google/guava	guava	31.0.1-jre	com.google.common.reflect.Parameter_ESTest	com/google/common/collect	com/google/common/collect/AbstractIndexedListIterator	hasNext	()Z
gaoss	com/google/guava	guava	31.0.1-jre	com.google.common.reflect.Parameter_ESTest	com/google/common/collect	com/google/common/collect/Iterables$4	<init>	(Ljava/lang/Iterable;Lcom/google/common/base/Predicate;)V
gaoss	com/google/guava	guava	31.0.1-jre	com.google.common.reflect.Parameter_ESTest	com/google/common/collect	com/google/common/collect/Iterables$4	iterator	()Ljava/util/Iterator;
gaoss	com/google/guava	guava	31.0.1-jre	com.google.common.reflect.Parameter_ESTest	com/google/common/collect	com/google/common/collect/ImmutableList	of	()Lcom/google/common/collect/ImmutableList;
gaoss	com/google/guava	guava	31.0.1-jre	com.google.common.reflect.Parameter_ESTest	com/google/common/collect	com/google/common/collect/ImmutableList	copyOf	([Ljava/lang/Object;)Lcom/google/common/collect/ImmutableList;
gaoss	com/google/guava	guava	31.0.1-jre	com.google.common.reflect.Parameter_ESTest	com/google/common/collect	com/google/common/collect/ImmutableList	<init>	()V
gaoss	com/google/guava	guava	31.0.1-jre	com.google.common.reflect.Parameter_ESTest	com/google/common/collect	com/google/common/collect/ImmutableList	iterator	()Lcom/google/common/collect/UnmodifiableIterator;
gaoss	com/google/guava	guava	31.0.1-jre	com.google.common.reflect.Parameter_ESTest	com/google/common/collect	com/google/common/collect/ImmutableList	listIterator	()Lcom/google/common/collect/UnmodifiableListIterator;
gaoss	com/google/guava	guava	31.0.1-jre	com.google.common.reflect.Parameter_ESTest	com/google/common/collect	com/google/common/collect/Iterators	emptyListIterator	()Lcom/google/common/collect/UnmodifiableListIterator;
gaoss	com/google/guava	guava	31.0.1-jre	com.google.common.reflect.Parameter_ESTest	com/google/common/collect	com/google/common/collect/Iterators	addAll	(Ljava/util/Collection;Ljava/util/Iterator;)Z
gaoss	com/google/guava	guava	31.0.1-jre	com.google.common.reflect.Parameter_ESTest	com/google/common/collect	com/google/common/collect/Iterators	filter	(Ljava/util/Iterator;Lcom/google/common/base/Predicate;)Lcom/google/common/collect/UnmodifiableIterator;
gaoss	com/google/guava	guava	31.0.1-jre	com.google.common.reflect.Parameter_ESTest	com/google/common/collect	com/google/common/collect/Iterators	forArray	([Ljava/lang/Object;III)Lcom/google/common/collect/UnmodifiableListIterator;
gaoss	com/google/guava	guava	31.0.1-jre	com.google.common.reflect.Parameter_ESTest	com/google/common/collect	com/google/common/collect/ObjectArrays	newArray	(Ljava/lang/Class;I)[Ljava/lang/Object;
gaoss	com/google/guava	guava	31.0.1-jre	com.google.common.reflect.Parameter_ESTest	com/google/common/collect	com/google/common/collect/ObjectArrays	checkElementsNotNull	([Ljava/lang/Object;I)[Ljava/lang/Object;
gaoss	com/google/guava	guava	31.0.1-jre	com.google.common.reflect.Parameter_ESTest	com/google/common/collect	com/google/common/collect/ObjectArrays	checkElementNotNull	(Ljava/lang/Object;I)Ljava/lang/Object;
gaoss	com/google/guava	guava	31.0.1-jre	com.google.common.reflect.Parameter_ESTest	com/google/common/collect	com/google/common/collect/ImmutableMap	<init>	()V
gaoss	com/google/guava	guava	31.0.1-jre	com.google.common.reflect.Parameter_ESTest	com/google/common/collect	com/google/common/collect/ImmutableMap	<clinit>	()V
gaoss	com/google/guava	guava	31.0.1-jre	com.google.common.reflect.Parameter_ESTest	com/google/common/collect	com/google/common/collect/RegularImmutableMap	<init>	([Ljava/util/Map$Entry;[Lcom/google/common/collect/ImmutableMapEntry;I)V
gaoss	com/google/guava	guava	31.0.1-jre	com.google.common.reflect.Parameter_ESTest	com/google/common/collect	com/google/common/collect/RegularImmutableMap	<clinit>	()V
gaoss	com/google/guava	guava	31.0.1-jre	com.google.common.reflect.Parameter_ESTest	com/google/common/collect	com/google/common/collect/Iterators$5	<init>	(Ljava/util/Iterator;Lcom/google/common/base/Predicate;)V
gaoss	com/google/guava	guava	31.0.1-jre	com.google.common.reflect.Parameter_ESTest	com/google/common/collect	com/google/common/collect/Iterators$5	computeNext	()Ljava/lang/Object;
gaoss	com/google/guava	guava	31.0.1-jre	com.google.common.reflect.Parameter_ESTest	com/google/common/collect	com/google/common/collect/Lists	newArrayList	()Ljava/util/ArrayList;
gaoss	com/google/guava	guava	31.0.1-jre	com.google.common.reflect.Parameter_ESTest	com/google/common/collect	com/google/common/collect/Lists	newArrayList	(Ljava/util/Iterator;)Ljava/util/ArrayList;
gaoss	com/google/guava	guava	31.0.1-jre	com.google.common.reflect.Parameter_ESTest	com/google/common/collect	com/google/common/collect/ImmutableSet$SetBuilderImpl	<init>	(I)V
gaoss	com/google/guava	guava	31.0.1-jre	com.google.common.reflect.Parameter_ESTest	com/google/common/collect	com/google/common/collect/FluentIterable$1	<init>	(Ljava/lang/Iterable;Ljava/lang/Iterable;)V
gaoss	com/google/guava	guava	31.0.1-jre	com.google.common.reflect.Parameter_ESTest	com/google/common/collect	com/google/common/collect/UnmodifiableIterator	<init>	()V
gaoss	com/google/guava	guava	31.0.1-jre	com.google.common.reflect.Parameter_ESTest	com/google/common/collect	com/google/common/collect/AbstractIterator	<init>	()V
gaoss	com/google/guava	guava	31.0.1-jre	com.google.common.reflect.Parameter_ESTest	com/google/common/collect	com/google/common/collect/AbstractIterator	endOfData	()Ljava/lang/Object;
gaoss	com/google/guava	guava	31.0.1-jre	com.google.common.reflect.Parameter_ESTest	com/google/common/collect	com/google/common/collect/AbstractIterator	hasNext	()Z
gaoss	com/google/guava	guava	31.0.1-jre	com.google.common.reflect.Parameter_ESTest	com/google/common/collect	com/google/common/collect/AbstractIterator	tryToComputeNext	()Z
gaoss	com/google/guava	guava	31.0.1-jre	com.google.common.reflect.Parameter_ESTest	com/google/common/base	com/google/common/base/Present	<init>	(Ljava/lang/Object;)V
gaoss	com/google/guava	guava	31.0.1-jre	com.google.common.reflect.Parameter_ESTest	com/google/common/base	com/google/common/base/Present	or	(Ljava/lang/Object;)Ljava/lang/Object;
gaoss	com/google/guava	guava	31.0.1-jre	com.google.common.reflect.Parameter_ESTest	com/google/common/base	com/google/common/base/Joiner$1	<init>	(Lcom/google/common/base/Joiner;Lcom/google/common/base/Joiner;Ljava/lang/String;)V
gaoss	com/google/guava	guava	31.0.1-jre	com.google.common.reflect.Parameter_ESTest	com/google/common/base	com/google/common/base/Absent	withType	()Lcom/google/common/base/Optional;
gaoss	com/google/guava	guava	31.0.1-jre	com.google.common.reflect.Parameter_ESTest	com/google/common/base	com/google/common/base/Absent	or	(Ljava/lang/Object;)Ljava/lang/Object;
gaoss	com/google/guava	guava	31.0.1-jre	com.google.common.reflect.Parameter_ESTest	com/google/common/base	com/google/common/base/Absent	orNull	()Ljava/lang/Object;
gaoss	com/google/guava	guava	31.0.1-jre	com.google.common.reflect.Parameter_ESTest	com/google/common/base	com/google/common/base/Absent	<clinit>	()V
gaoss	com/google/guava	guava	31.0.1-jre	com.google.common.reflect.Parameter_ESTest	com/google/common/base	com/google/common/base/Preconditions	checkArgument	(Z)V
gaoss	com/google/guava	guava	31.0.1-jre	com.google.common.reflect.Parameter_ESTest	com/google/common/base	com/google/common/base/Preconditions	checkArgument	(ZLjava/lang/String;Ljava/lang/Object;)V
gaoss	com/google/guava	guava	31.0.1-jre	com.google.common.reflect.Parameter_ESTest	com/google/common/base	com/google/common/base/Preconditions	checkState	(Z)V
gaoss	com/google/guava	guava	31.0.1-jre	com.google.common.reflect.Parameter_ESTest	com/google/common/base	com/google/common/base/Preconditions	checkNotNull	(Ljava/lang/Object;)Ljava/lang/Object;
gaoss	com/google/guava	guava	31.0.1-jre	com.google.common.reflect.Parameter_ESTest	com/google/common/base	com/google/common/base/Preconditions	checkNotNull	(Ljava/lang/Object;Ljava/lang/Object;)Ljava/lang/Object;
gaoss	com/google/guava	guava	31.0.1-jre	com.google.common.reflect.Parameter_ESTest	com/google/common/base	com/google/common/base/Preconditions	checkPositionIndex	(II)I
gaoss	com/google/guava	guava	31.0.1-jre	com.google.common.reflect.Parameter_ESTest	com/google/common/base	com/google/common/base/Preconditions	checkPositionIndex	(IILjava/lang/String;)I
gaoss	com/google/guava	guava	31.0.1-jre	com.google.common.reflect.Parameter_ESTest	com/google/common/base	com/google/common/base/Preconditions	checkPositionIndexes	(III)V
gaoss	com/google/guava	guava	31.0.1-jre	com.google.common.reflect.Parameter_ESTest	com/google/common/base	com/google/common/base/Joiner	on	(Ljava/lang/String;)Lcom/google/common/base/Joiner;
gaoss	com/google/guava	guava	31.0.1-jre	com.google.common.reflect.Parameter_ESTest	com/google/common/base	com/google/common/base/Joiner	<init>	(Ljava/lang/String;)V
gaoss	com/google/guava	guava	31.0.1-jre	com.google.common.reflect.Parameter_ESTest	com/google/common/base	com/google/common/base/Joiner	<init>	(Lcom/google/common/base/Joiner;)V
gaoss	com/google/guava	guava	31.0.1-jre	com.google.common.reflect.Parameter_ESTest	com/google/common/base	com/google/common/base/Joiner	useForNull	(Ljava/lang/String;)Lcom/google/common/base/Joiner;
gaoss	com/google/guava	guava	31.0.1-jre	com.google.common.reflect.Parameter_ESTest	com/google/common/base	com/google/common/base/Predicates$InstanceOfPredicate	<init>	(Ljava/lang/Class;)V
gaoss	com/google/guava	guava	31.0.1-jre	com.google.common.reflect.Parameter_ESTest	com/google/common/base	com/google/common/base/Predicates	instanceOf	(Ljava/lang/Class;)Lcom/google/common/base/Predicate;
gaoss	com/google/guava	guava	31.0.1-jre	com.google.common.reflect.Parameter_ESTest	com/google/common/base	com/google/common/base/Optional	absent	()Lcom/google/common/base/Optional;
gaoss	com/google/guava	guava	31.0.1-jre	com.google.common.reflect.Parameter_ESTest	com/google/common/base	com/google/common/base/Optional	of	(Ljava/lang/Object;)Lcom/google/common/base/Optional;
gaoss	com/google/guava	guava	31.0.1-jre	com.google.common.reflect.Parameter_ESTest	com/google/common/base	com/google/common/base/Optional	<init>	()V
