mvnc	com/google/guava	guava	31.0.1-jre	com.google.common.collect.Range_ESTest	com/google/common/primitives	com/google/common/primitives/Booleans	compare	(ZZ)I
mvnc	com/google/guava	guava	31.0.1-jre	com.google.common.collect.Range_ESTest	com/google/common/primitives	com/google/common/primitives/Ints$IntConverter	<clinit>	()V
mvnc	com/google/guava	guava	31.0.1-jre	com.google.common.collect.Range_ESTest	com/google/common/collect	com/google/common/collect/ImmutableSet$CachingAsList	<init>	()V
mvnc	com/google/guava	guava	31.0.1-jre	com.google.common.collect.Range_ESTest	com/google/common/collect	com/google/common/collect/DiscreteDomain$BigIntegerDomain	<init>	()V
mvnc	com/google/guava	guava	31.0.1-jre	com.google.common.collect.Range_ESTest	com/google/common/collect	com/google/common/collect/DiscreteDomain$BigIntegerDomain	<clinit>	()V
mvnc	com/google/guava	guava	31.0.1-jre	com.google.common.collect.Range_ESTest	com/google/common/collect	com/google/common/collect/ImmutableMultimap	<init>	(Lcom/google/common/collect/ImmutableMap;I)V
mvnc	com/google/guava	guava	31.0.1-jre	com.google.common.collect.Range_ESTest	com/google/common/collect	com/google/common/collect/DiscreteDomain$LongDomain	<init>	()V
mvnc	com/google/guava	guava	31.0.1-jre	com.google.common.collect.Range_ESTest	com/google/common/collect	com/google/common/collect/DiscreteDomain$LongDomain	<clinit>	()V
mvnc	com/google/guava	guava	31.0.1-jre	com.google.common.collect.Range_ESTest	com/google/common/collect	com/google/common/collect/RegularContiguousSet	<init>	(Lcom/google/common/collect/Range;Lcom/google/common/collect/DiscreteDomain;)V
mvnc	com/google/guava	guava	31.0.1-jre	com.google.common.collect.Range_ESTest	com/google/common/collect	com/google/common/collect/RegularContiguousSet	intersectionInCurrentDomain	(Lcom/google/common/collect/Range;)Lcom/google/common/collect/ContiguousSet;
mvnc	com/google/guava	guava	31.0.1-jre	com.google.common.collect.Range_ESTest	com/google/common/collect	com/google/common/collect/RegularContiguousSet	headSetImpl	(Ljava/lang/Comparable;Z)Lcom/google/common/collect/ContiguousSet;
mvnc	com/google/guava	guava	31.0.1-jre	com.google.common.collect.Range_ESTest	com/google/common/collect	com/google/common/collect/RegularContiguousSet	subSetImpl	(Ljava/lang/Comparable;ZLjava/lang/Comparable;Z)Lcom/google/common/collect/ContiguousSet;
mvnc	com/google/guava	guava	31.0.1-jre	com.google.common.collect.Range_ESTest	com/google/common/collect	com/google/common/collect/RegularContiguousSet	tailSetImpl	(Ljava/lang/Comparable;Z)Lcom/google/common/collect/ContiguousSet;
mvnc	com/google/guava	guava	31.0.1-jre	com.google.common.collect.Range_ESTest	com/google/common/collect	com/google/common/collect/RegularContiguousSet	first	()Ljava/lang/Comparable;
mvnc	com/google/guava	guava	31.0.1-jre	com.google.common.collect.Range_ESTest	com/google/common/collect	com/google/common/collect/RegularContiguousSet	last	()Ljava/lang/Comparable;
mvnc	com/google/guava	guava	31.0.1-jre	com.google.common.collect.Range_ESTest	com/google/common/collect	com/google/common/collect/RegularContiguousSet	size	()I
mvnc	com/google/guava	guava	31.0.1-jre	com.google.common.collect.Range_ESTest	com/google/common/collect	com/google/common/collect/RegularContiguousSet	contains	(Ljava/lang/Object;)Z
mvnc	com/google/guava	guava	31.0.1-jre	com.google.common.collect.Range_ESTest	com/google/common/collect	com/google/common/collect/Cut	<init>	(Ljava/lang/Comparable;)V
mvnc	com/google/guava	guava	31.0.1-jre	com.google.common.collect.Range_ESTest	com/google/common/collect	com/google/common/collect/Cut	canonical	(Lcom/google/common/collect/DiscreteDomain;)Lcom/google/common/collect/Cut;
mvnc	com/google/guava	guava	31.0.1-jre	com.google.common.collect.Range_ESTest	com/google/common/collect	com/google/common/collect/Cut	compareTo	(Lcom/google/common/collect/Cut;)I
mvnc	com/google/guava	guava	31.0.1-jre	com.google.common.collect.Range_ESTest	com/google/common/collect	com/google/common/collect/Cut	endpoint	()Ljava/lang/Comparable;
mvnc	com/google/guava	guava	31.0.1-jre	com.google.common.collect.Range_ESTest	com/google/common/collect	com/google/common/collect/Cut	equals	(Ljava/lang/Object;)Z
mvnc	com/google/guava	guava	31.0.1-jre	com.google.common.collect.Range_ESTest	com/google/common/collect	com/google/common/collect/Cut	belowAll	()Lcom/google/common/collect/Cut;
mvnc	com/google/guava	guava	31.0.1-jre	com.google.common.collect.Range_ESTest	com/google/common/collect	com/google/common/collect/Cut	aboveAll	()Lcom/google/common/collect/Cut;
mvnc	com/google/guava	guava	31.0.1-jre	com.google.common.collect.Range_ESTest	com/google/common/collect	com/google/common/collect/Cut	belowValue	(Ljava/lang/Comparable;)Lcom/google/common/collect/Cut;
mvnc	com/google/guava	guava	31.0.1-jre	com.google.common.collect.Range_ESTest	com/google/common/collect	com/google/common/collect/Cut	aboveValue	(Ljava/lang/Comparable;)Lcom/google/common/collect/Cut;
mvnc	com/google/guava	guava	31.0.1-jre	com.google.common.collect.Range_ESTest	com/google/common/collect	com/google/common/collect/RegularImmutableList	<init>	([Ljava/lang/Object;)V
mvnc	com/google/guava	guava	31.0.1-jre	com.google.common.collect.Range_ESTest	com/google/common/collect	com/google/common/collect/RegularImmutableList	size	()I
mvnc	com/google/guava	guava	31.0.1-jre	com.google.common.collect.Range_ESTest	com/google/common/collect	com/google/common/collect/RegularImmutableList	listIterator	(I)Lcom/google/common/collect/UnmodifiableListIterator;
mvnc	com/google/guava	guava	31.0.1-jre	com.google.common.collect.Range_ESTest	com/google/common/collect	com/google/common/collect/RegularImmutableList	<clinit>	()V
mvnc	com/google/guava	guava	31.0.1-jre	com.google.common.collect.Range_ESTest	com/google/common/collect	com/google/common/collect/BoundType	<init>	(Ljava/lang/String;IZ)V
mvnc	com/google/guava	guava	31.0.1-jre	com.google.common.collect.Range_ESTest	com/google/common/collect	com/google/common/collect/BoundType	forBoolean	(Z)Lcom/google/common/collect/BoundType;
mvnc	com/google/guava	guava	31.0.1-jre	com.google.common.collect.Range_ESTest	com/google/common/collect	com/google/common/collect/BoundType	<clinit>	()V
mvnc	com/google/guava	guava	31.0.1-jre	com.google.common.collect.Range_ESTest	com/google/common/collect	com/google/common/collect/DiscreteDomain	integers	()Lcom/google/common/collect/DiscreteDomain;
mvnc	com/google/guava	guava	31.0.1-jre	com.google.common.collect.Range_ESTest	com/google/common/collect	com/google/common/collect/DiscreteDomain	<init>	(Z)V
mvnc	com/google/guava	guava	31.0.1-jre	com.google.common.collect.Range_ESTest	com/google/common/collect	com/google/common/collect/ImmutableSet	of	()Lcom/google/common/collect/ImmutableSet;
mvnc	com/google/guava	guava	31.0.1-jre	com.google.common.collect.Range_ESTest	com/google/common/collect	com/google/common/collect/ImmutableSet	of	(Ljava/lang/Object;Ljava/lang/Object;Ljava/lang/Object;Ljava/lang/Object;)Lcom/google/common/collect/ImmutableSet;
mvnc	com/google/guava	guava	31.0.1-jre	com.google.common.collect.Range_ESTest	com/google/common/collect	com/google/common/collect/ImmutableSet	construct	(II[Ljava/lang/Object;)Lcom/google/common/collect/ImmutableSet;
mvnc	com/google/guava	guava	31.0.1-jre	com.google.common.collect.Range_ESTest	com/google/common/collect	com/google/common/collect/ImmutableSet	<init>	()V
mvnc	com/google/guava	guava	31.0.1-jre	com.google.common.collect.Range_ESTest	com/google/common/collect	com/google/common/collect/ImmutableSet	chooseTableSize	(I)I
mvnc	com/google/guava	guava	31.0.1-jre	com.google.common.collect.Range_ESTest	com/google/common/collect	com/google/common/collect/Ordering	natural	()Lcom/google/common/collect/Ordering;
mvnc	com/google/guava	guava	31.0.1-jre	com.google.common.collect.Range_ESTest	com/google/common/collect	com/google/common/collect/Ordering	<init>	()V
mvnc	com/google/guava	guava	31.0.1-jre	com.google.common.collect.Range_ESTest	com/google/common/collect	com/google/common/collect/Ordering	min	(Ljava/lang/Object;Ljava/lang/Object;)Ljava/lang/Object;
mvnc	com/google/guava	guava	31.0.1-jre	com.google.common.collect.Range_ESTest	com/google/common/collect	com/google/common/collect/Ordering	max	(Ljava/lang/Object;Ljava/lang/Object;)Ljava/lang/Object;
mvnc	com/google/guava	guava	31.0.1-jre	com.google.common.collect.Range_ESTest	com/google/common/collect	com/google/common/collect/RegularImmutableSet	<init>	([Ljava/lang/Object;I[Ljava/lang/Object;I)V
mvnc	com/google/guava	guava	31.0.1-jre	com.google.common.collect.Range_ESTest	com/google/common/collect	com/google/common/collect/RegularImmutableSet	iterator	()Lcom/google/common/collect/UnmodifiableIterator;
mvnc	com/google/guava	guava	31.0.1-jre	com.google.common.collect.Range_ESTest	com/google/common/collect	com/google/common/collect/RegularImmutableSet	createAsList	()Lcom/google/common/collect/ImmutableList;
mvnc	com/google/guava	guava	31.0.1-jre	com.google.common.collect.Range_ESTest	com/google/common/collect	com/google/common/collect/RegularImmutableSet	<clinit>	()V
mvnc	com/google/guava	guava	31.0.1-jre	com.google.common.collect.Range_ESTest	com/google/common/collect	com/google/common/collect/ImmutableListMultimap	<init>	(Lcom/google/common/collect/ImmutableMap;I)V
mvnc	com/google/guava	guava	31.0.1-jre	com.google.common.collect.Range_ESTest	com/google/common/collect	com/google/common/collect/AbstractSortedMultiset	<init>	(Ljava/util/Comparator;)V
mvnc	com/google/guava	guava	31.0.1-jre	com.google.common.collect.Range_ESTest	com/google/common/collect	com/google/common/collect/AbstractSortedMultiset	createElementSet	()Ljava/util/NavigableSet;
mvnc	com/google/guava	guava	31.0.1-jre	com.google.common.collect.Range_ESTest	com/google/common/collect	com/google/common/collect/AbstractSortedMultiset	comparator	()Ljava/util/Comparator;
mvnc	com/google/guava	guava	31.0.1-jre	com.google.common.collect.Range_ESTest	com/google/common/collect	com/google/common/collect/UnmodifiableListIterator	<init>	()V
mvnc	com/google/guava	guava	31.0.1-jre	com.google.common.collect.Range_ESTest	com/google/common/collect	com/google/common/collect/Cut$AboveAll	<init>	()V
mvnc	com/google/guava	guava	31.0.1-jre	com.google.common.collect.Range_ESTest	com/google/common/collect	com/google/common/collect/Cut$AboveAll	endpoint	()Ljava/lang/Comparable;
mvnc	com/google/guava	guava	31.0.1-jre	com.google.common.collect.Range_ESTest	com/google/common/collect	com/google/common/collect/Cut$AboveAll	isLessThan	(Ljava/lang/Comparable;)Z
mvnc	com/google/guava	guava	31.0.1-jre	com.google.common.collect.Range_ESTest	com/google/common/collect	com/google/common/collect/Cut$AboveAll	typeAsUpperBound	()Lcom/google/common/collect/BoundType;
mvnc	com/google/guava	guava	31.0.1-jre	com.google.common.collect.Range_ESTest	com/google/common/collect	com/google/common/collect/Cut$AboveAll	describeAsLowerBound	(Ljava/lang/StringBuilder;)V
mvnc	com/google/guava	guava	31.0.1-jre	com.google.common.collect.Range_ESTest	com/google/common/collect	com/google/common/collect/Cut$AboveAll	describeAsUpperBound	(Ljava/lang/StringBuilder;)V
mvnc	com/google/guava	guava	31.0.1-jre	com.google.common.collect.Range_ESTest	com/google/common/collect	com/google/common/collect/Cut$AboveAll	compareTo	(Lcom/google/common/collect/Cut;)I
mvnc	com/google/guava	guava	31.0.1-jre	com.google.common.collect.Range_ESTest	com/google/common/collect	com/google/common/collect/Cut$AboveAll	hashCode	()I
mvnc	com/google/guava	guava	31.0.1-jre	com.google.common.collect.Range_ESTest	com/google/common/collect	com/google/common/collect/Cut$AboveAll	<clinit>	()V
mvnc	com/google/guava	guava	31.0.1-jre	com.google.common.collect.Range_ESTest	com/google/common/collect	com/google/common/collect/Iterators$ArrayItr	<init>	([Ljava/lang/Object;III)V
mvnc	com/google/guava	guava	31.0.1-jre	com.google.common.collect.Range_ESTest	com/google/common/collect	com/google/common/collect/Iterators$ArrayItr	get	(I)Ljava/lang/Object;
mvnc	com/google/guava	guava	31.0.1-jre	com.google.common.collect.Range_ESTest	com/google/common/collect	com/google/common/collect/Iterators$ArrayItr	<clinit>	()V
mvnc	com/google/guava	guava	31.0.1-jre	com.google.common.collect.Range_ESTest	com/google/common/collect	com/google/common/collect/SingletonImmutableSet	<init>	(Ljava/lang/Object;)V
mvnc	com/google/guava	guava	31.0.1-jre	com.google.common.collect.Range_ESTest	com/google/common/collect	com/google/common/collect/SingletonImmutableSet	size	()I
mvnc	com/google/guava	guava	31.0.1-jre	com.google.common.collect.Range_ESTest	com/google/common/collect	com/google/common/collect/SingletonImmutableSet	iterator	()Lcom/google/common/collect/UnmodifiableIterator;
mvnc	com/google/guava	guava	31.0.1-jre	com.google.common.collect.Range_ESTest	com/google/common/collect	com/google/common/collect/AbstractMultiset$EntrySet	<init>	(Lcom/google/common/collect/AbstractMultiset;)V
mvnc	com/google/guava	guava	31.0.1-jre	com.google.common.collect.Range_ESTest	com/google/common/collect	com/google/common/collect/AbstractMultiset$EntrySet	iterator	()Ljava/util/Iterator;
mvnc	com/google/guava	guava	31.0.1-jre	com.google.common.collect.Range_ESTest	com/google/common/collect	com/google/common/collect/SortedMultisets$ElementSet	<init>	(Lcom/google/common/collect/SortedMultiset;)V
mvnc	com/google/guava	guava	31.0.1-jre	com.google.common.collect.Range_ESTest	com/google/common/collect	com/google/common/collect/SortedMultisets$ElementSet	multiset	()Lcom/google/common/collect/SortedMultiset;
mvnc	com/google/guava	guava	31.0.1-jre	com.google.common.collect.Range_ESTest	com/google/common/collect	com/google/common/collect/SortedMultisets$ElementSet	iterator	()Ljava/util/Iterator;
mvnc	com/google/guava	guava	31.0.1-jre	com.google.common.collect.Range_ESTest	com/google/common/collect	com/google/common/collect/SortedMultisets$ElementSet	comparator	()Ljava/util/Comparator;
mvnc	com/google/guava	guava	31.0.1-jre	com.google.common.collect.Range_ESTest	com/google/common/collect	com/google/common/collect/Iterators$EmptyModifiableIterator	<clinit>	()V
mvnc	com/google/guava	guava	31.0.1-jre	com.google.common.collect.Range_ESTest	com/google/common/collect	com/google/common/collect/AbstractMultiset	<init>	()V
mvnc	com/google/guava	guava	31.0.1-jre	com.google.common.collect.Range_ESTest	com/google/common/collect	com/google/common/collect/AbstractMultiset	entrySet	()Ljava/util/Set;
mvnc	com/google/guava	guava	31.0.1-jre	com.google.common.collect.Range_ESTest	com/google/common/collect	com/google/common/collect/AbstractMultiset	createEntrySet	()Ljava/util/Set;
mvnc	com/google/guava	guava	31.0.1-jre	com.google.common.collect.Range_ESTest	com/google/common/collect	com/google/common/collect/Sets$ImprovedAbstractSet	<init>	()V
mvnc	com/google/guava	guava	31.0.1-jre	com.google.common.collect.Range_ESTest	com/google/common/collect	com/google/common/collect/EmptyContiguousSet	<init>	(Lcom/google/common/collect/DiscreteDomain;)V
mvnc	com/google/guava	guava	31.0.1-jre	com.google.common.collect.Range_ESTest	com/google/common/collect	com/google/common/collect/EmptyContiguousSet	size	()I
mvnc	com/google/guava	guava	31.0.1-jre	com.google.common.collect.Range_ESTest	com/google/common/collect	com/google/common/collect/ImmutableMultisetGwtSerializationDependencies	<init>	()V
mvnc	com/google/guava	guava	31.0.1-jre	com.google.common.collect.Range_ESTest	com/google/common/collect	com/google/common/collect/TreeMultiset$AvlNode	<init>	()V
mvnc	com/google/guava	guava	31.0.1-jre	com.google.common.collect.Range_ESTest	com/google/common/collect	com/google/common/collect/Range$UpperBoundFn	<init>	()V
mvnc	com/google/guava	guava	31.0.1-jre	com.google.common.collect.Range_ESTest	com/google/common/collect	com/google/common/collect/Range$UpperBoundFn	apply	(Lcom/google/common/collect/Range;)Lcom/google/common/collect/Cut;
mvnc	com/google/guava	guava	31.0.1-jre	com.google.common.collect.Range_ESTest	com/google/common/collect	com/google/common/collect/Range$UpperBoundFn	<clinit>	()V
mvnc	com/google/guava	guava	31.0.1-jre	com.google.common.collect.Range_ESTest	com/google/common/collect	com/google/common/collect/ImmutableSet$EmptySetBuilderImpl	<init>	()V
mvnc	com/google/guava	guava	31.0.1-jre	com.google.common.collect.Range_ESTest	com/google/common/collect	com/google/common/collect/ImmutableSet$EmptySetBuilderImpl	<clinit>	()V
mvnc	com/google/guava	guava	31.0.1-jre	com.google.common.collect.Range_ESTest	com/google/common/collect	com/google/common/collect/Iterables	isEmpty	(Ljava/lang/Iterable;)Z
mvnc	com/google/guava	guava	31.0.1-jre	com.google.common.collect.Range_ESTest	com/google/common/collect	com/google/common/collect/Multisets$EntrySet	<init>	()V
mvnc	com/google/guava	guava	31.0.1-jre	com.google.common.collect.Range_ESTest	com/google/common/collect	com/google/common/collect/ImmutableSet$RegularSetBuilderImpl	<init>	(I)V
mvnc	com/google/guava	guava	31.0.1-jre	com.google.common.collect.Range_ESTest	com/google/common/collect	com/google/common/collect/ImmutableSet$RegularSetBuilderImpl	add	(Ljava/lang/Object;)Lcom/google/common/collect/ImmutableSet$SetBuilderImpl;
mvnc	com/google/guava	guava	31.0.1-jre	com.google.common.collect.Range_ESTest	com/google/common/collect	com/google/common/collect/ImmutableSet$RegularSetBuilderImpl	insertInHashTable	(Ljava/lang/Object;)Lcom/google/common/collect/ImmutableSet$SetBuilderImpl;
mvnc	com/google/guava	guava	31.0.1-jre	com.google.common.collect.Range_ESTest	com/google/common/collect	com/google/common/collect/ImmutableSet$RegularSetBuilderImpl	review	()Lcom/google/common/collect/ImmutableSet$SetBuilderImpl;
mvnc	com/google/guava	guava	31.0.1-jre	com.google.common.collect.Range_ESTest	com/google/common/collect	com/google/common/collect/ImmutableSet$RegularSetBuilderImpl	build	()Lcom/google/common/collect/ImmutableSet;
mvnc	com/google/guava	guava	31.0.1-jre	com.google.common.collect.Range_ESTest	com/google/common/collect	com/google/common/collect/ImmutableSet$RegularSetBuilderImpl	ensureTableCapacity	(I)V
mvnc	com/google/guava	guava	31.0.1-jre	com.google.common.collect.Range_ESTest	com/google/common/collect	com/google/common/collect/ImmutableSet$RegularSetBuilderImpl	hashFloodingDetected	([Ljava/lang/Object;)Z
mvnc	com/google/guava	guava	31.0.1-jre	com.google.common.collect.Range_ESTest	com/google/common/collect	com/google/common/collect/ImmutableSet$RegularSetBuilderImpl	maxRunBeforeFallback	(I)I
mvnc	com/google/guava	guava	31.0.1-jre	com.google.common.collect.Range_ESTest	com/google/common/collect	com/google/common/collect/DiscreteDomain$IntegerDomain	<init>	()V
mvnc	com/google/guava	guava	31.0.1-jre	com.google.common.collect.Range_ESTest	com/google/common/collect	com/google/common/collect/DiscreteDomain$IntegerDomain	next	(Ljava/lang/Integer;)Ljava/lang/Integer;
mvnc	com/google/guava	guava	31.0.1-jre	com.google.common.collect.Range_ESTest	com/google/common/collect	com/google/common/collect/DiscreteDomain$IntegerDomain	previous	(Ljava/lang/Integer;)Ljava/lang/Integer;
mvnc	com/google/guava	guava	31.0.1-jre	com.google.common.collect.Range_ESTest	com/google/common/collect	com/google/common/collect/DiscreteDomain$IntegerDomain	distance	(Ljava/lang/Integer;Ljava/lang/Integer;)J
mvnc	com/google/guava	guava	31.0.1-jre	com.google.common.collect.Range_ESTest	com/google/common/collect	com/google/common/collect/DiscreteDomain$IntegerDomain	minValue	()Ljava/lang/Integer;
mvnc	com/google/guava	guava	31.0.1-jre	com.google.common.collect.Range_ESTest	com/google/common/collect	com/google/common/collect/DiscreteDomain$IntegerDomain	<clinit>	()V
mvnc	com/google/guava	guava	31.0.1-jre	com.google.common.collect.Range_ESTest	com/google/common/collect	com/google/common/collect/Cut$AboveValue	<init>	(Ljava/lang/Comparable;)V
mvnc	com/google/guava	guava	31.0.1-jre	com.google.common.collect.Range_ESTest	com/google/common/collect	com/google/common/collect/Cut$AboveValue	isLessThan	(Ljava/lang/Comparable;)Z
mvnc	com/google/guava	guava	31.0.1-jre	com.google.common.collect.Range_ESTest	com/google/common/collect	com/google/common/collect/Cut$AboveValue	describeAsLowerBound	(Ljava/lang/StringBuilder;)V
mvnc	com/google/guava	guava	31.0.1-jre	com.google.common.collect.Range_ESTest	com/google/common/collect	com/google/common/collect/Cut$AboveValue	describeAsUpperBound	(Ljava/lang/StringBuilder;)V
mvnc	com/google/guava	guava	31.0.1-jre	com.google.common.collect.Range_ESTest	com/google/common/collect	com/google/common/collect/Cut$AboveValue	leastValueAbove	(Lcom/google/common/collect/DiscreteDomain;)Ljava/lang/Comparable;
mvnc	com/google/guava	guava	31.0.1-jre	com.google.common.collect.Range_ESTest	com/google/common/collect	com/google/common/collect/Cut$AboveValue	canonical	(Lcom/google/common/collect/DiscreteDomain;)Lcom/google/common/collect/Cut;
mvnc	com/google/guava	guava	31.0.1-jre	com.google.common.collect.Range_ESTest	com/google/common/collect	com/google/common/collect/Cut$AboveValue	hashCode	()I
mvnc	com/google/guava	guava	31.0.1-jre	com.google.common.collect.Range_ESTest	com/google/common/collect	com/google/common/collect/SortedMultisets$NavigableElementSet	<init>	(Lcom/google/common/collect/SortedMultiset;)V
mvnc	com/google/guava	guava	31.0.1-jre	com.google.common.collect.Range_ESTest	com/google/common/collect	com/google/common/collect/NaturalOrdering	compare	(Ljava/lang/Comparable;Ljava/lang/Comparable;)I
mvnc	com/google/guava	guava	31.0.1-jre	com.google.common.collect.Range_ESTest	com/google/common/collect	com/google/common/collect/NaturalOrdering	<clinit>	()V
mvnc	com/google/guava	guava	31.0.1-jre	com.google.common.collect.Range_ESTest	com/google/common/collect	com/google/common/collect/ImmutableCollection	<init>	()V
mvnc	com/google/guava	guava	31.0.1-jre	com.google.common.collect.Range_ESTest	com/google/common/collect	com/google/common/collect/ImmutableCollection	<clinit>	()V
mvnc	com/google/guava	guava	31.0.1-jre	com.google.common.collect.Range_ESTest	com/google/common/collect	com/google/common/collect/Multisets$5	<init>	(Ljava/util/Iterator;)V
mvnc	com/google/guava	guava	31.0.1-jre	com.google.common.collect.Range_ESTest	com/google/common/collect	com/google/common/collect/SingletonImmutableList	<init>	(Ljava/lang/Object;)V
mvnc	com/google/guava	guava	31.0.1-jre	com.google.common.collect.Range_ESTest	com/google/common/collect	com/google/common/collect/SingletonImmutableList	get	(I)Ljava/lang/Object;
mvnc	com/google/guava	guava	31.0.1-jre	com.google.common.collect.Range_ESTest	com/google/common/collect	com/google/common/collect/SingletonImmutableList	size	()I
mvnc	com/google/guava	guava	31.0.1-jre	com.google.common.collect.Range_ESTest	com/google/common/collect	com/google/common/collect/AbstractIndexedListIterator	<init>	(II)V
mvnc	com/google/guava	guava	31.0.1-jre	com.google.common.collect.Range_ESTest	com/google/common/collect	com/google/common/collect/AbstractIndexedListIterator	hasNext	()Z
mvnc	com/google/guava	guava	31.0.1-jre	com.google.common.collect.Range_ESTest	com/google/common/collect	com/google/common/collect/AbstractIndexedListIterator	next	()Ljava/lang/Object;
mvnc	com/google/guava	guava	31.0.1-jre	com.google.common.collect.Range_ESTest	com/google/common/collect	com/google/common/collect/RegularImmutableSortedMultiset	<init>	(Ljava/util/Comparator;)V
mvnc	com/google/guava	guava	31.0.1-jre	com.google.common.collect.Range_ESTest	com/google/common/collect	com/google/common/collect/RegularImmutableSortedMultiset	<clinit>	()V
mvnc	com/google/guava	guava	31.0.1-jre	com.google.common.collect.Range_ESTest	com/google/common/collect	com/google/common/collect/Range	lowerBoundFn	()Lcom/google/common/base/Function;
mvnc	com/google/guava	guava	31.0.1-jre	com.google.common.collect.Range_ESTest	com/google/common/collect	com/google/common/collect/Range	upperBoundFn	()Lcom/google/common/base/Function;
mvnc	com/google/guava	guava	31.0.1-jre	com.google.common.collect.Range_ESTest	com/google/common/collect	com/google/common/collect/Range	rangeLexOrdering	()Lcom/google/common/collect/Ordering;
mvnc	com/google/guava	guava	31.0.1-jre	com.google.common.collect.Range_ESTest	com/google/common/collect	com/google/common/collect/Range	create	(Lcom/google/common/collect/Cut;Lcom/google/common/collect/Cut;)Lcom/google/common/collect/Range;
mvnc	com/google/guava	guava	31.0.1-jre	com.google.common.collect.Range_ESTest	com/google/common/collect	com/google/common/collect/Range	open	(Ljava/lang/Comparable;Ljava/lang/Comparable;)Lcom/google/common/collect/Range;
mvnc	com/google/guava	guava	31.0.1-jre	com.google.common.collect.Range_ESTest	com/google/common/collect	com/google/common/collect/Range	closed	(Ljava/lang/Comparable;Ljava/lang/Comparable;)Lcom/google/common/collect/Range;
mvnc	com/google/guava	guava	31.0.1-jre	com.google.common.collect.Range_ESTest	com/google/common/collect	com/google/common/collect/Range	closedOpen	(Ljava/lang/Comparable;Ljava/lang/Comparable;)Lcom/google/common/collect/Range;
mvnc	com/google/guava	guava	31.0.1-jre	com.google.common.collect.Range_ESTest	com/google/common/collect	com/google/common/collect/Range	openClosed	(Ljava/lang/Comparable;Ljava/lang/Comparable;)Lcom/google/common/collect/Range;
mvnc	com/google/guava	guava	31.0.1-jre	com.google.common.collect.Range_ESTest	com/google/common/collect	com/google/common/collect/Range	range	(Ljava/lang/Comparable;Lcom/google/common/collect/BoundType;Ljava/lang/Comparable;Lcom/google/common/collect/BoundType;)Lcom/google/common/collect/Range;
mvnc	com/google/guava	guava	31.0.1-jre	com.google.common.collect.Range_ESTest	com/google/common/collect	com/google/common/collect/Range	lessThan	(Ljava/lang/Comparable;)Lcom/google/common/collect/Range;
mvnc	com/google/guava	guava	31.0.1-jre	com.google.common.collect.Range_ESTest	com/google/common/collect	com/google/common/collect/Range	atMost	(Ljava/lang/Comparable;)Lcom/google/common/collect/Range;
mvnc	com/google/guava	guava	31.0.1-jre	com.google.common.collect.Range_ESTest	com/google/common/collect	com/google/common/collect/Range	upTo	(Ljava/lang/Comparable;Lcom/google/common/collect/BoundType;)Lcom/google/common/collect/Range;
mvnc	com/google/guava	guava	31.0.1-jre	com.google.common.collect.Range_ESTest	com/google/common/collect	com/google/common/collect/Range	greaterThan	(Ljava/lang/Comparable;)Lcom/google/common/collect/Range;
mvnc	com/google/guava	guava	31.0.1-jre	com.google.common.collect.Range_ESTest	com/google/common/collect	com/google/common/collect/Range	atLeast	(Ljava/lang/Comparable;)Lcom/google/common/collect/Range;
mvnc	com/google/guava	guava	31.0.1-jre	com.google.common.collect.Range_ESTest	com/google/common/collect	com/google/common/collect/Range	downTo	(Ljava/lang/Comparable;Lcom/google/common/collect/BoundType;)Lcom/google/common/collect/Range;
mvnc	com/google/guava	guava	31.0.1-jre	com.google.common.collect.Range_ESTest	com/google/common/collect	com/google/common/collect/Range	all	()Lcom/google/common/collect/Range;
mvnc	com/google/guava	guava	31.0.1-jre	com.google.common.collect.Range_ESTest	com/google/common/collect	com/google/common/collect/Range	singleton	(Ljava/lang/Comparable;)Lcom/google/common/collect/Range;
mvnc	com/google/guava	guava	31.0.1-jre	com.google.common.collect.Range_ESTest	com/google/common/collect	com/google/common/collect/Range	encloseAll	(Ljava/lang/Iterable;)Lcom/google/common/collect/Range;
mvnc	com/google/guava	guava	31.0.1-jre	com.google.common.collect.Range_ESTest	com/google/common/collect	com/google/common/collect/Range	<init>	(Lcom/google/common/collect/Cut;Lcom/google/common/collect/Cut;)V
mvnc	com/google/guava	guava	31.0.1-jre	com.google.common.collect.Range_ESTest	com/google/common/collect	com/google/common/collect/Range	hasLowerBound	()Z
mvnc	com/google/guava	guava	31.0.1-jre	com.google.common.collect.Range_ESTest	com/google/common/collect	com/google/common/collect/Range	lowerEndpoint	()Ljava/lang/Comparable;
mvnc	com/google/guava	guava	31.0.1-jre	com.google.common.collect.Range_ESTest	com/google/common/collect	com/google/common/collect/Range	lowerBoundType	()Lcom/google/common/collect/BoundType;
mvnc	com/google/guava	guava	31.0.1-jre	com.google.common.collect.Range_ESTest	com/google/common/collect	com/google/common/collect/Range	hasUpperBound	()Z
mvnc	com/google/guava	guava	31.0.1-jre	com.google.common.collect.Range_ESTest	com/google/common/collect	com/google/common/collect/Range	upperEndpoint	()Ljava/lang/Comparable;
mvnc	com/google/guava	guava	31.0.1-jre	com.google.common.collect.Range_ESTest	com/google/common/collect	com/google/common/collect/Range	upperBoundType	()Lcom/google/common/collect/BoundType;
mvnc	com/google/guava	guava	31.0.1-jre	com.google.common.collect.Range_ESTest	com/google/common/collect	com/google/common/collect/Range	isEmpty	()Z
mvnc	com/google/guava	guava	31.0.1-jre	com.google.common.collect.Range_ESTest	com/google/common/collect	com/google/common/collect/Range	contains	(Ljava/lang/Comparable;)Z
mvnc	com/google/guava	guava	31.0.1-jre	com.google.common.collect.Range_ESTest	com/google/common/collect	com/google/common/collect/Range	apply	(Ljava/lang/Comparable;)Z
mvnc	com/google/guava	guava	31.0.1-jre	com.google.common.collect.Range_ESTest	com/google/common/collect	com/google/common/collect/Range	containsAll	(Ljava/lang/Iterable;)Z
mvnc	com/google/guava	guava	31.0.1-jre	com.google.common.collect.Range_ESTest	com/google/common/collect	com/google/common/collect/Range	encloses	(Lcom/google/common/collect/Range;)Z
mvnc	com/google/guava	guava	31.0.1-jre	com.google.common.collect.Range_ESTest	com/google/common/collect	com/google/common/collect/Range	isConnected	(Lcom/google/common/collect/Range;)Z
mvnc	com/google/guava	guava	31.0.1-jre	com.google.common.collect.Range_ESTest	com/google/common/collect	com/google/common/collect/Range	intersection	(Lcom/google/common/collect/Range;)Lcom/google/common/collect/Range;
mvnc	com/google/guava	guava	31.0.1-jre	com.google.common.collect.Range_ESTest	com/google/common/collect	com/google/common/collect/Range	gap	(Lcom/google/common/collect/Range;)Lcom/google/common/collect/Range;
mvnc	com/google/guava	guava	31.0.1-jre	com.google.common.collect.Range_ESTest	com/google/common/collect	com/google/common/collect/Range	span	(Lcom/google/common/collect/Range;)Lcom/google/common/collect/Range;
mvnc	com/google/guava	guava	31.0.1-jre	com.google.common.collect.Range_ESTest	com/google/common/collect	com/google/common/collect/Range	canonical	(Lcom/google/common/collect/DiscreteDomain;)Lcom/google/common/collect/Range;
mvnc	com/google/guava	guava	31.0.1-jre	com.google.common.collect.Range_ESTest	com/google/common/collect	com/google/common/collect/Range	equals	(Ljava/lang/Object;)Z
mvnc	com/google/guava	guava	31.0.1-jre	com.google.common.collect.Range_ESTest	com/google/common/collect	com/google/common/collect/Range	hashCode	()I
mvnc	com/google/guava	guava	31.0.1-jre	com.google.common.collect.Range_ESTest	com/google/common/collect	com/google/common/collect/Range	toString	()Ljava/lang/String;
mvnc	com/google/guava	guava	31.0.1-jre	com.google.common.collect.Range_ESTest	com/google/common/collect	com/google/common/collect/Range	toString	(Lcom/google/common/collect/Cut;Lcom/google/common/collect/Cut;)Ljava/lang/String;
mvnc	com/google/guava	guava	31.0.1-jre	com.google.common.collect.Range_ESTest	com/google/common/collect	com/google/common/collect/Range	readResolve	()Ljava/lang/Object;
mvnc	com/google/guava	guava	31.0.1-jre	com.google.common.collect.Range_ESTest	com/google/common/collect	com/google/common/collect/Range	compareOrThrow	(Ljava/lang/Comparable;Ljava/lang/Comparable;)I
mvnc	com/google/guava	guava	31.0.1-jre	com.google.common.collect.Range_ESTest	com/google/common/collect	com/google/common/collect/Range	<clinit>	()V
mvnc	com/google/guava	guava	31.0.1-jre	com.google.common.collect.Range_ESTest	com/google/common/collect	com/google/common/collect/TreeMultiset$Aggregate	<clinit>	()V
mvnc	com/google/guava	guava	31.0.1-jre	com.google.common.collect.Range_ESTest	com/google/common/collect	com/google/common/collect/RegularImmutableMultiset	create	(Ljava/util/Collection;)Lcom/google/common/collect/ImmutableMultiset;
mvnc	com/google/guava	guava	31.0.1-jre	com.google.common.collect.Range_ESTest	com/google/common/collect	com/google/common/collect/RegularImmutableMultiset	<init>	([Lcom/google/common/collect/Multisets$ImmutableEntry;[Lcom/google/common/collect/Multisets$ImmutableEntry;IILcom/google/common/collect/ImmutableSet;)V
mvnc	com/google/guava	guava	31.0.1-jre	com.google.common.collect.Range_ESTest	com/google/common/collect	com/google/common/collect/RegularImmutableMultiset	<clinit>	()V
mvnc	com/google/guava	guava	31.0.1-jre	com.google.common.collect.Range_ESTest	com/google/common/collect	com/google/common/collect/RegularImmutableSortedSet	<init>	(Lcom/google/common/collect/ImmutableList;Ljava/util/Comparator;)V
mvnc	com/google/guava	guava	31.0.1-jre	com.google.common.collect.Range_ESTest	com/google/common/collect	com/google/common/collect/RegularImmutableSortedSet	size	()I
mvnc	com/google/guava	guava	31.0.1-jre	com.google.common.collect.Range_ESTest	com/google/common/collect	com/google/common/collect/RegularImmutableSortedSet	first	()Ljava/lang/Object;
mvnc	com/google/guava	guava	31.0.1-jre	com.google.common.collect.Range_ESTest	com/google/common/collect	com/google/common/collect/RegularImmutableSortedSet	last	()Ljava/lang/Object;
mvnc	com/google/guava	guava	31.0.1-jre	com.google.common.collect.Range_ESTest	com/google/common/collect	com/google/common/collect/RegularImmutableSortedSet	unsafeComparator	()Ljava/util/Comparator;
mvnc	com/google/guava	guava	31.0.1-jre	com.google.common.collect.Range_ESTest	com/google/common/collect	com/google/common/collect/RegularImmutableSortedSet	<clinit>	()V
mvnc	com/google/guava	guava	31.0.1-jre	com.google.common.collect.Range_ESTest	com/google/common/collect	com/google/common/collect/EmptyImmutableListMultimap	<init>	()V
mvnc	com/google/guava	guava	31.0.1-jre	com.google.common.collect.Range_ESTest	com/google/common/collect	com/google/common/collect/EmptyImmutableListMultimap	<clinit>	()V
mvnc	com/google/guava	guava	31.0.1-jre	com.google.common.collect.Range_ESTest	com/google/common/collect	com/google/common/collect/ImmutableList	of	()Lcom/google/common/collect/ImmutableList;
mvnc	com/google/guava	guava	31.0.1-jre	com.google.common.collect.Range_ESTest	com/google/common/collect	com/google/common/collect/ImmutableList	of	(Ljava/lang/Object;)Lcom/google/common/collect/ImmutableList;
mvnc	com/google/guava	guava	31.0.1-jre	com.google.common.collect.Range_ESTest	com/google/common/collect	com/google/common/collect/ImmutableList	asImmutableList	([Ljava/lang/Object;)Lcom/google/common/collect/ImmutableList;
mvnc	com/google/guava	guava	31.0.1-jre	com.google.common.collect.Range_ESTest	com/google/common/collect	com/google/common/collect/ImmutableList	asImmutableList	([Ljava/lang/Object;I)Lcom/google/common/collect/ImmutableList;
mvnc	com/google/guava	guava	31.0.1-jre	com.google.common.collect.Range_ESTest	com/google/common/collect	com/google/common/collect/ImmutableList	<init>	()V
mvnc	com/google/guava	guava	31.0.1-jre	com.google.common.collect.Range_ESTest	com/google/common/collect	com/google/common/collect/ImmutableList	iterator	()Lcom/google/common/collect/UnmodifiableIterator;
mvnc	com/google/guava	guava	31.0.1-jre	com.google.common.collect.Range_ESTest	com/google/common/collect	com/google/common/collect/ImmutableList	listIterator	()Lcom/google/common/collect/UnmodifiableListIterator;
mvnc	com/google/guava	guava	31.0.1-jre	com.google.common.collect.Range_ESTest	com/google/common/collect	com/google/common/collect/Cut$BelowAll	<init>	()V
mvnc	com/google/guava	guava	31.0.1-jre	com.google.common.collect.Range_ESTest	com/google/common/collect	com/google/common/collect/Cut$BelowAll	endpoint	()Ljava/lang/Comparable;
mvnc	com/google/guava	guava	31.0.1-jre	com.google.common.collect.Range_ESTest	com/google/common/collect	com/google/common/collect/Cut$BelowAll	isLessThan	(Ljava/lang/Comparable;)Z
mvnc	com/google/guava	guava	31.0.1-jre	com.google.common.collect.Range_ESTest	com/google/common/collect	com/google/common/collect/Cut$BelowAll	typeAsLowerBound	()Lcom/google/common/collect/BoundType;
mvnc	com/google/guava	guava	31.0.1-jre	com.google.common.collect.Range_ESTest	com/google/common/collect	com/google/common/collect/Cut$BelowAll	describeAsLowerBound	(Ljava/lang/StringBuilder;)V
mvnc	com/google/guava	guava	31.0.1-jre	com.google.common.collect.Range_ESTest	com/google/common/collect	com/google/common/collect/Cut$BelowAll	leastValueAbove	(Lcom/google/common/collect/DiscreteDomain;)Ljava/lang/Comparable;
mvnc	com/google/guava	guava	31.0.1-jre	com.google.common.collect.Range_ESTest	com/google/common/collect	com/google/common/collect/Cut$BelowAll	canonical	(Lcom/google/common/collect/DiscreteDomain;)Lcom/google/common/collect/Cut;
mvnc	com/google/guava	guava	31.0.1-jre	com.google.common.collect.Range_ESTest	com/google/common/collect	com/google/common/collect/Cut$BelowAll	compareTo	(Lcom/google/common/collect/Cut;)I
mvnc	com/google/guava	guava	31.0.1-jre	com.google.common.collect.Range_ESTest	com/google/common/collect	com/google/common/collect/Cut$BelowAll	<clinit>	()V
mvnc	com/google/guava	guava	31.0.1-jre	com.google.common.collect.Range_ESTest	com/google/common/collect	com/google/common/collect/ContiguousSet	create	(Lcom/google/common/collect/Range;Lcom/google/common/collect/DiscreteDomain;)Lcom/google/common/collect/ContiguousSet;
mvnc	com/google/guava	guava	31.0.1-jre	com.google.common.collect.Range_ESTest	com/google/common/collect	com/google/common/collect/ContiguousSet	<init>	(Lcom/google/common/collect/DiscreteDomain;)V
mvnc	com/google/guava	guava	31.0.1-jre	com.google.common.collect.Range_ESTest	com/google/common/collect	com/google/common/collect/ContiguousSet	headSet	(Ljava/lang/Comparable;Z)Lcom/google/common/collect/ContiguousSet;
mvnc	com/google/guava	guava	31.0.1-jre	com.google.common.collect.Range_ESTest	com/google/common/collect	com/google/common/collect/ContiguousSet	tailSet	(Ljava/lang/Comparable;Z)Lcom/google/common/collect/ContiguousSet;
mvnc	com/google/guava	guava	31.0.1-jre	com.google.common.collect.Range_ESTest	com/google/common/collect	com/google/common/collect/GeneralRange	all	(Ljava/util/Comparator;)Lcom/google/common/collect/GeneralRange;
mvnc	com/google/guava	guava	31.0.1-jre	com.google.common.collect.Range_ESTest	com/google/common/collect	com/google/common/collect/GeneralRange	<init>	(Ljava/util/Comparator;ZLjava/lang/Object;Lcom/google/common/collect/BoundType;ZLjava/lang/Object;Lcom/google/common/collect/BoundType;)V
mvnc	com/google/guava	guava	31.0.1-jre	com.google.common.collect.Range_ESTest	com/google/common/collect	com/google/common/collect/ImmutableSortedMultiset	<init>	()V
mvnc	com/google/guava	guava	31.0.1-jre	com.google.common.collect.Range_ESTest	com/google/common/collect	com/google/common/collect/Platform	<clinit>	()V
mvnc	com/google/guava	guava	31.0.1-jre	com.google.common.collect.Range_ESTest	com/google/common/collect	com/google/common/collect/Multisets	elementIterator	(Ljava/util/Iterator;)Ljava/util/Iterator;
mvnc	com/google/guava	guava	31.0.1-jre	com.google.common.collect.Range_ESTest	com/google/common/collect	com/google/common/collect/Iterators	forArray	([Ljava/lang/Object;)Lcom/google/common/collect/UnmodifiableIterator;
mvnc	com/google/guava	guava	31.0.1-jre	com.google.common.collect.Range_ESTest	com/google/common/collect	com/google/common/collect/Iterators	forArray	([Ljava/lang/Object;III)Lcom/google/common/collect/UnmodifiableListIterator;
mvnc	com/google/guava	guava	31.0.1-jre	com.google.common.collect.Range_ESTest	com/google/common/collect	com/google/common/collect/Iterators	singletonIterator	(Ljava/lang/Object;)Lcom/google/common/collect/UnmodifiableIterator;
mvnc	com/google/guava	guava	31.0.1-jre	com.google.common.collect.Range_ESTest	com/google/common/collect	com/google/common/collect/RangeGwtSerializationDependencies	<init>	()V
mvnc	com/google/guava	guava	31.0.1-jre	com.google.common.collect.Range_ESTest	com/google/common/collect	com/google/common/collect/ImmutableAsList	<init>	()V
mvnc	com/google/guava	guava	31.0.1-jre	com.google.common.collect.Range_ESTest	com/google/common/collect	com/google/common/collect/ImmutableSortedSetFauxverideShim	<init>	()V
mvnc	com/google/guava	guava	31.0.1-jre	com.google.common.collect.Range_ESTest	com/google/common/collect	com/google/common/collect/ImmutableSortedSet	emptySet	(Ljava/util/Comparator;)Lcom/google/common/collect/RegularImmutableSortedSet;
mvnc	com/google/guava	guava	31.0.1-jre	com.google.common.collect.Range_ESTest	com/google/common/collect	com/google/common/collect/ImmutableSortedSet	of	(Ljava/lang/Comparable;Ljava/lang/Comparable;Ljava/lang/Comparable;)Lcom/google/common/collect/ImmutableSortedSet;
mvnc	com/google/guava	guava	31.0.1-jre	com.google.common.collect.Range_ESTest	com/google/common/collect	com/google/common/collect/ImmutableSortedSet	construct	(Ljava/util/Comparator;I[Ljava/lang/Object;)Lcom/google/common/collect/ImmutableSortedSet;
mvnc	com/google/guava	guava	31.0.1-jre	com.google.common.collect.Range_ESTest	com/google/common/collect	com/google/common/collect/ImmutableSortedSet	<init>	(Ljava/util/Comparator;)V
mvnc	com/google/guava	guava	31.0.1-jre	com.google.common.collect.Range_ESTest	com/google/common/collect	com/google/common/collect/ImmutableSortedSet	comparator	()Ljava/util/Comparator;
mvnc	com/google/guava	guava	31.0.1-jre	com.google.common.collect.Range_ESTest	com/google/common/collect	com/google/common/collect/ObjectArrays	checkElementsNotNull	([Ljava/lang/Object;I)[Ljava/lang/Object;
mvnc	com/google/guava	guava	31.0.1-jre	com.google.common.collect.Range_ESTest	com/google/common/collect	com/google/common/collect/ObjectArrays	checkElementNotNull	(Ljava/lang/Object;I)Ljava/lang/Object;
mvnc	com/google/guava	guava	31.0.1-jre	com.google.common.collect.Range_ESTest	com/google/common/collect	com/google/common/collect/ImmutableMultiset	<init>	()V
mvnc	com/google/guava	guava	31.0.1-jre	com.google.common.collect.Range_ESTest	com/google/common/collect	com/google/common/collect/TreeMultiset$Aggregate$2	<init>	(Ljava/lang/String;I)V
mvnc	com/google/guava	guava	31.0.1-jre	com.google.common.collect.Range_ESTest	com/google/common/collect	com/google/common/collect/TreeMultiset$Aggregate$1	<init>	(Ljava/lang/String;I)V
mvnc	com/google/guava	guava	31.0.1-jre	com.google.common.collect.Range_ESTest	com/google/common/collect	com/google/common/collect/ImmutableMap	of	()Lcom/google/common/collect/ImmutableMap;
mvnc	com/google/guava	guava	31.0.1-jre	com.google.common.collect.Range_ESTest	com/google/common/collect	com/google/common/collect/ImmutableMap	<init>	()V
mvnc	com/google/guava	guava	31.0.1-jre	com.google.common.collect.Range_ESTest	com/google/common/collect	com/google/common/collect/ImmutableMap	<clinit>	()V
mvnc	com/google/guava	guava	31.0.1-jre	com.google.common.collect.Range_ESTest	com/google/common/collect	com/google/common/collect/RegularImmutableMap	<init>	([Ljava/util/Map$Entry;[Lcom/google/common/collect/ImmutableMapEntry;I)V
mvnc	com/google/guava	guava	31.0.1-jre	com.google.common.collect.Range_ESTest	com/google/common/collect	com/google/common/collect/RegularImmutableMap	<clinit>	()V
mvnc	com/google/guava	guava	31.0.1-jre	com.google.common.collect.Range_ESTest	com/google/common/collect	com/google/common/collect/TreeMultiset$2	<init>	(Lcom/google/common/collect/TreeMultiset;)V
mvnc	com/google/guava	guava	31.0.1-jre	com.google.common.collect.Range_ESTest	com/google/common/collect	com/google/common/collect/TreeMultiset$2	hasNext	()Z
mvnc	com/google/guava	guava	31.0.1-jre	com.google.common.collect.Range_ESTest	com/google/common/collect	com/google/common/collect/TreeMultiset$2	next	()Lcom/google/common/collect/Multiset$Entry;
mvnc	com/google/guava	guava	31.0.1-jre	com.google.common.collect.Range_ESTest	com/google/common/collect	com/google/common/collect/Iterators$9	<init>	(Ljava/lang/Object;)V
mvnc	com/google/guava	guava	31.0.1-jre	com.google.common.collect.Range_ESTest	com/google/common/collect	com/google/common/collect/Iterators$9	hasNext	()Z
mvnc	com/google/guava	guava	31.0.1-jre	com.google.common.collect.Range_ESTest	com/google/common/collect	com/google/common/collect/Iterators$9	next	()Ljava/lang/Object;
mvnc	com/google/guava	guava	31.0.1-jre	com.google.common.collect.Range_ESTest	com/google/common/collect	com/google/common/collect/TreeMultiset$Reference	get	()Ljava/lang/Object;
mvnc	com/google/guava	guava	31.0.1-jre	com.google.common.collect.Range_ESTest	com/google/common/collect	com/google/common/collect/ImmutableSet$SetBuilderImpl	<init>	(I)V
mvnc	com/google/guava	guava	31.0.1-jre	com.google.common.collect.Range_ESTest	com/google/common/collect	com/google/common/collect/ImmutableSet$SetBuilderImpl	ensureCapacity	(I)V
mvnc	com/google/guava	guava	31.0.1-jre	com.google.common.collect.Range_ESTest	com/google/common/collect	com/google/common/collect/ImmutableSet$SetBuilderImpl	addDedupedElement	(Ljava/lang/Object;)V
mvnc	com/google/guava	guava	31.0.1-jre	com.google.common.collect.Range_ESTest	com/google/common/collect	com/google/common/collect/UnmodifiableIterator	<init>	()V
mvnc	com/google/guava	guava	31.0.1-jre	com.google.common.collect.Range_ESTest	com/google/common/collect	com/google/common/collect/Cut$BelowValue	<init>	(Ljava/lang/Comparable;)V
mvnc	com/google/guava	guava	31.0.1-jre	com.google.common.collect.Range_ESTest	com/google/common/collect	com/google/common/collect/Cut$BelowValue	isLessThan	(Ljava/lang/Comparable;)Z
mvnc	com/google/guava	guava	31.0.1-jre	com.google.common.collect.Range_ESTest	com/google/common/collect	com/google/common/collect/Cut$BelowValue	typeAsLowerBound	()Lcom/google/common/collect/BoundType;
mvnc	com/google/guava	guava	31.0.1-jre	com.google.common.collect.Range_ESTest	com/google/common/collect	com/google/common/collect/Cut$BelowValue	typeAsUpperBound	()Lcom/google/common/collect/BoundType;
mvnc	com/google/guava	guava	31.0.1-jre	com.google.common.collect.Range_ESTest	com/google/common/collect	com/google/common/collect/Cut$BelowValue	describeAsLowerBound	(Ljava/lang/StringBuilder;)V
mvnc	com/google/guava	guava	31.0.1-jre	com.google.common.collect.Range_ESTest	com/google/common/collect	com/google/common/collect/Cut$BelowValue	describeAsUpperBound	(Ljava/lang/StringBuilder;)V
mvnc	com/google/guava	guava	31.0.1-jre	com.google.common.collect.Range_ESTest	com/google/common/collect	com/google/common/collect/Cut$BelowValue	leastValueAbove	(Lcom/google/common/collect/DiscreteDomain;)Ljava/lang/Comparable;
mvnc	com/google/guava	guava	31.0.1-jre	com.google.common.collect.Range_ESTest	com/google/common/collect	com/google/common/collect/Cut$BelowValue	greatestValueBelow	(Lcom/google/common/collect/DiscreteDomain;)Ljava/lang/Comparable;
mvnc	com/google/guava	guava	31.0.1-jre	com.google.common.collect.Range_ESTest	com/google/common/collect	com/google/common/collect/RegularImmutableAsList	<init>	(Lcom/google/common/collect/ImmutableCollection;Lcom/google/common/collect/ImmutableList;)V
mvnc	com/google/guava	guava	31.0.1-jre	com.google.common.collect.Range_ESTest	com/google/common/collect	com/google/common/collect/RegularImmutableAsList	<init>	(Lcom/google/common/collect/ImmutableCollection;[Ljava/lang/Object;)V
mvnc	com/google/guava	guava	31.0.1-jre	com.google.common.collect.Range_ESTest	com/google/common/collect	com/google/common/collect/RegularImmutableAsList	listIterator	(I)Lcom/google/common/collect/UnmodifiableListIterator;
mvnc	com/google/guava	guava	31.0.1-jre	com.google.common.collect.Range_ESTest	com/google/common/collect	com/google/common/collect/ReverseNaturalOrdering	<clinit>	()V
mvnc	com/google/guava	guava	31.0.1-jre	com.google.common.collect.Range_ESTest	com/google/common/collect	com/google/common/collect/AllEqualOrdering	<init>	()V
mvnc	com/google/guava	guava	31.0.1-jre	com.google.common.collect.Range_ESTest	com/google/common/collect	com/google/common/collect/AllEqualOrdering	<clinit>	()V
mvnc	com/google/guava	guava	31.0.1-jre	com.google.common.collect.Range_ESTest	com/google/common/collect	com/google/common/collect/TreeMultiset	create	(Ljava/util/Comparator;)Lcom/google/common/collect/TreeMultiset;
mvnc	com/google/guava	guava	31.0.1-jre	com.google.common.collect.Range_ESTest	com/google/common/collect	com/google/common/collect/TreeMultiset	<init>	(Ljava/util/Comparator;)V
mvnc	com/google/guava	guava	31.0.1-jre	com.google.common.collect.Range_ESTest	com/google/common/collect	com/google/common/collect/TreeMultiset	firstNode	()Lcom/google/common/collect/TreeMultiset$AvlNode;
mvnc	com/google/guava	guava	31.0.1-jre	com.google.common.collect.Range_ESTest	com/google/common/collect	com/google/common/collect/TreeMultiset	entryIterator	()Ljava/util/Iterator;
mvnc	com/google/guava	guava	31.0.1-jre	com.google.common.collect.Range_ESTest	com/google/common/collect	com/google/common/collect/TreeMultiset	successor	(Lcom/google/common/collect/TreeMultiset$AvlNode;Lcom/google/common/collect/TreeMultiset$AvlNode;)V
mvnc	com/google/guava	guava	31.0.1-jre	com.google.common.collect.Range_ESTest	com/google/common/collect	com/google/common/collect/UsingToStringOrdering	<clinit>	()V
mvnc	com/google/guava	guava	31.0.1-jre	com.google.common.collect.Range_ESTest	com/google/common/collect	com/google/common/collect/BaseImmutableMultimap	<init>	()V
mvnc	com/google/guava	guava	31.0.1-jre	com.google.common.collect.Range_ESTest	com/google/common/collect	com/google/common/collect/Hashing	smear	(I)I
mvnc	com/google/guava	guava	31.0.1-jre	com.google.common.collect.Range_ESTest	com/google/common/collect	com/google/common/collect/TransformedIterator	<init>	(Ljava/util/Iterator;)V
mvnc	com/google/guava	guava	31.0.1-jre	com.google.common.collect.Range_ESTest	com/google/common/collect	com/google/common/collect/AbstractMultimap	<init>	()V
mvnc	com/google/guava	guava	31.0.1-jre	com.google.common.collect.Range_ESTest	com/google/common/collect	com/google/common/collect/Range$LowerBoundFn	<init>	()V
mvnc	com/google/guava	guava	31.0.1-jre	com.google.common.collect.Range_ESTest	com/google/common/collect	com/google/common/collect/Range$LowerBoundFn	apply	(Lcom/google/common/collect/Range;)Lcom/google/common/collect/Cut;
mvnc	com/google/guava	guava	31.0.1-jre	com.google.common.collect.Range_ESTest	com/google/common/collect	com/google/common/collect/Range$LowerBoundFn	<clinit>	()V
mvnc	com/google/guava	guava	31.0.1-jre	com.google.common.collect.Range_ESTest	com/google/common/collect	com/google/common/collect/Multisets$ElementSet	<init>	()V
mvnc	com/google/guava	guava	31.0.1-jre	com.google.common.collect.Range_ESTest	com/google/common/collect	com/google/common/collect/Range$RangeLexOrdering	<clinit>	()V
mvnc	com/google/guava	guava	31.0.1-jre	com.google.common.collect.Range_ESTest	com/google/common/collect	com/google/common/collect/ImmutableSortedMultisetFauxverideShim	<init>	()V
mvnc	com/google/guava	guava	31.0.1-jre	com.google.common.collect.Range_ESTest	com/google/common/math	com/google/common/math/MathPreconditions	checkPositive	(Ljava/lang/String;I)I
mvnc	com/google/guava	guava	31.0.1-jre	com.google.common.collect.Range_ESTest	com/google/common/math	com/google/common/math/MathPreconditions	checkRoundingUnnecessary	(Z)V
mvnc	com/google/guava	guava	31.0.1-jre	com.google.common.collect.Range_ESTest	com/google/common/math	com/google/common/math/IntMath	isPowerOfTwo	(I)Z
mvnc	com/google/guava	guava	31.0.1-jre	com.google.common.collect.Range_ESTest	com/google/common/math	com/google/common/math/IntMath	log2	(ILjava/math/RoundingMode;)I
mvnc	com/google/guava	guava	31.0.1-jre	com.google.common.collect.Range_ESTest	com/google/common/math	com/google/common/math/IntMath	<clinit>	()V
mvnc	com/google/guava	guava	31.0.1-jre	com.google.common.collect.Range_ESTest	com/google/common/math	com/google/common/math/LongMath	<clinit>	()V
mvnc	com/google/guava	guava	31.0.1-jre	com.google.common.collect.Range_ESTest	com/google/common/hash	com/google/common/hash/Striped64	<init>	()V
mvnc	com/google/guava	guava	31.0.1-jre	com.google.common.collect.Range_ESTest	com/google/common/hash	com/google/common/hash/Striped64	getUnsafe	()Lsun/misc/Unsafe;
mvnc	com/google/guava	guava	31.0.1-jre	com.google.common.collect.Range_ESTest	com/google/common/hash	com/google/common/hash/Striped64	<clinit>	()V
mvnc	com/google/guava	guava	31.0.1-jre	com.google.common.collect.Range_ESTest	com/google/common/hash	com/google/common/hash/LongAddables	<clinit>	()V
mvnc	com/google/guava	guava	31.0.1-jre	com.google.common.collect.Range_ESTest	com/google/common/hash	com/google/common/hash/LongAdder	<init>	()V
mvnc	com/google/guava	guava	31.0.1-jre	com.google.common.collect.Range_ESTest	com/google/common/hash	com/google/common/hash/BloomFilterStrategies$1	<init>	(Ljava/lang/String;I)V
mvnc	com/google/guava	guava	31.0.1-jre	com.google.common.collect.Range_ESTest	com/google/common/hash	com/google/common/hash/BloomFilterStrategies$2	<init>	(Ljava/lang/String;I)V
mvnc	com/google/guava	guava	31.0.1-jre	com.google.common.collect.Range_ESTest	com/google/common/hash	com/google/common/hash/LongAddables$1	<init>	()V
mvnc	com/google/guava	guava	31.0.1-jre	com.google.common.collect.Range_ESTest	com/google/common/hash	com/google/common/hash/Striped64$1	<init>	()V
mvnc	com/google/guava	guava	31.0.1-jre	com.google.common.collect.Range_ESTest	com/google/common/hash	com/google/common/hash/Striped64$1	run	()Lsun/misc/Unsafe;
mvnc	com/google/guava	guava	31.0.1-jre	com.google.common.collect.Range_ESTest	com/google/common/hash	com/google/common/hash/BloomFilterStrategies	<clinit>	()V
mvnc	com/google/guava	guava	31.0.1-jre	com.google.common.collect.Range_ESTest	com/google/common/base	com/google/common/base/Preconditions	checkArgument	(Z)V
mvnc	com/google/guava	guava	31.0.1-jre	com.google.common.collect.Range_ESTest	com/google/common/base	com/google/common/base/Preconditions	checkNotNull	(Ljava/lang/Object;)Ljava/lang/Object;
mvnc	com/google/guava	guava	31.0.1-jre	com.google.common.collect.Range_ESTest	com/google/common/base	com/google/common/base/Preconditions	checkElementIndex	(II)I
mvnc	com/google/guava	guava	31.0.1-jre	com.google.common.collect.Range_ESTest	com/google/common/base	com/google/common/base/Preconditions	checkElementIndex	(IILjava/lang/String;)I
mvnc	com/google/guava	guava	31.0.1-jre	com.google.common.collect.Range_ESTest	com/google/common/base	com/google/common/base/Preconditions	checkPositionIndex	(II)I
mvnc	com/google/guava	guava	31.0.1-jre	com.google.common.collect.Range_ESTest	com/google/common/base	com/google/common/base/Preconditions	checkPositionIndex	(IILjava/lang/String;)I
mvnc	com/google/guava	guava	31.0.1-jre	com.google.common.collect.Range_ESTest	com/google/common/base	com/google/common/base/Preconditions	checkPositionIndexes	(III)V
mvnc	com/google/guava	guava	31.0.1-jre	com.google.common.collect.Range_ESTest	com/google/common/base	com/google/common/base/Converter	<init>	()V
mvnc	com/google/guava	guava	31.0.1-jre	com.google.common.collect.Range_ESTest	com/google/common/base	com/google/common/base/Converter	<init>	(Z)V
