mvnc	com/google/guava	guava	31.0.1-jre	com.google.common.util.concurrent.ImmediateFuture_ESTest	com/google/common/base	com/google/common/base/Preconditions	checkNotNull	(Ljava/lang/Object;)Ljava/lang/Object;
mvnc	com/google/guava	guava	31.0.1-jre	com.google.common.util.concurrent.ImmediateFuture_ESTest	com/google/common/base	com/google/common/base/Preconditions	checkNotNull	(Ljava/lang/Object;Ljava/lang/Object;)Ljava/lang/Object;
mvnc	com/google/guava	guava	31.0.1-jre	com.google.common.util.concurrent.ImmediateFuture_ESTest	com/google/common/util/concurrent	com/google/common/util/concurrent/ImmediateFuture$ImmediateFailedFuture	<init>	(Ljava/lang/Throwable;)V
mvnc	com/google/guava	guava	31.0.1-jre	com.google.common.util.concurrent.ImmediateFuture_ESTest	com/google/common/util/concurrent	com/google/common/util/concurrent/ExecutionList	<clinit>	()V
mvnc	com/google/guava	guava	31.0.1-jre	com.google.common.util.concurrent.ImmediateFuture_ESTest	com/google/common/util/concurrent	com/google/common/util/concurrent/AbstractFuture$UnsafeAtomicHelper	<init>	()V
mvnc	com/google/guava	guava	31.0.1-jre	com.google.common.util.concurrent.ImmediateFuture_ESTest	com/google/common/util/concurrent	com/google/common/util/concurrent/AbstractFuture$UnsafeAtomicHelper	casWaiters	(Lcom/google/common/util/concurrent/AbstractFuture;Lcom/google/common/util/concurrent/AbstractFuture$Waiter;Lcom/google/common/util/concurrent/AbstractFuture$Waiter;)Z
mvnc	com/google/guava	guava	31.0.1-jre	com.google.common.util.concurrent.ImmediateFuture_ESTest	com/google/common/util/concurrent	com/google/common/util/concurrent/AbstractFuture$UnsafeAtomicHelper	casListeners	(Lcom/google/common/util/concurrent/AbstractFuture;Lcom/google/common/util/concurrent/AbstractFuture$Listener;Lcom/google/common/util/concurrent/AbstractFuture$Listener;)Z
mvnc	com/google/guava	guava	31.0.1-jre	com.google.common.util.concurrent.ImmediateFuture_ESTest	com/google/common/util/concurrent	com/google/common/util/concurrent/AbstractFuture$UnsafeAtomicHelper	casValue	(Lcom/google/common/util/concurrent/AbstractFuture;Ljava/lang/Object;Ljava/lang/Object;)Z
mvnc	com/google/guava	guava	31.0.1-jre	com.google.common.util.concurrent.ImmediateFuture_ESTest	com/google/common/util/concurrent	com/google/common/util/concurrent/AbstractFuture$UnsafeAtomicHelper	<clinit>	()V
mvnc	com/google/guava	guava	31.0.1-jre	com.google.common.util.concurrent.ImmediateFuture_ESTest	com/google/common/util/concurrent	com/google/common/util/concurrent/ImmediateFuture$ImmediateCancelledFuture	<init>	()V
mvnc	com/google/guava	guava	31.0.1-jre	com.google.common.util.concurrent.ImmediateFuture_ESTest	com/google/common/util/concurrent	com/google/common/util/concurrent/AbstractFuture$Cancellation	<init>	(ZLjava/lang/Throwable;)V
mvnc	com/google/guava	guava	31.0.1-jre	com.google.common.util.concurrent.ImmediateFuture_ESTest	com/google/common/util/concurrent	com/google/common/util/concurrent/AbstractFuture$Cancellation	<clinit>	()V
mvnc	com/google/guava	guava	31.0.1-jre	com.google.common.util.concurrent.ImmediateFuture_ESTest	com/google/common/util/concurrent	com/google/common/util/concurrent/AbstractFuture$Listener	<init>	()V
mvnc	com/google/guava	guava	31.0.1-jre	com.google.common.util.concurrent.ImmediateFuture_ESTest	com/google/common/util/concurrent	com/google/common/util/concurrent/AbstractFuture$Listener	<clinit>	()V
mvnc	com/google/guava	guava	31.0.1-jre	com.google.common.util.concurrent.ImmediateFuture_ESTest	com/google/common/util/concurrent	com/google/common/util/concurrent/AbstractFuture$Waiter	<init>	(Z)V
mvnc	com/google/guava	guava	31.0.1-jre	com.google.common.util.concurrent.ImmediateFuture_ESTest	com/google/common/util/concurrent	com/google/common/util/concurrent/AbstractFuture$Waiter	<clinit>	()V
mvnc	com/google/guava	guava	31.0.1-jre	com.google.common.util.concurrent.ImmediateFuture_ESTest	com/google/common/util/concurrent	com/google/common/util/concurrent/AbstractFuture$UnsafeAtomicHelper$1	<init>	()V
mvnc	com/google/guava	guava	31.0.1-jre	com.google.common.util.concurrent.ImmediateFuture_ESTest	com/google/common/util/concurrent	com/google/common/util/concurrent/AbstractFuture$UnsafeAtomicHelper$1	run	()Lsun/misc/Unsafe;
mvnc	com/google/guava	guava	31.0.1-jre	com.google.common.util.concurrent.ImmediateFuture_ESTest	com/google/common/util/concurrent	com/google/common/util/concurrent/ImmediateFuture	<init>	(Ljava/lang/Object;)V
mvnc	com/google/guava	guava	31.0.1-jre	com.google.common.util.concurrent.ImmediateFuture_ESTest	com/google/common/util/concurrent	com/google/common/util/concurrent/ImmediateFuture	addListener	(Ljava/lang/Runnable;Ljava/util/concurrent/Executor;)V
mvnc	com/google/guava	guava	31.0.1-jre	com.google.common.util.concurrent.ImmediateFuture_ESTest	com/google/common/util/concurrent	com/google/common/util/concurrent/ImmediateFuture	cancel	(Z)Z
mvnc	com/google/guava	guava	31.0.1-jre	com.google.common.util.concurrent.ImmediateFuture_ESTest	com/google/common/util/concurrent	com/google/common/util/concurrent/ImmediateFuture	get	()Ljava/lang/Object;
mvnc	com/google/guava	guava	31.0.1-jre	com.google.common.util.concurrent.ImmediateFuture_ESTest	com/google/common/util/concurrent	com/google/common/util/concurrent/ImmediateFuture	get	(JLjava/util/concurrent/TimeUnit;)Ljava/lang/Object;
mvnc	com/google/guava	guava	31.0.1-jre	com.google.common.util.concurrent.ImmediateFuture_ESTest	com/google/common/util/concurrent	com/google/common/util/concurrent/ImmediateFuture	isCancelled	()Z
mvnc	com/google/guava	guava	31.0.1-jre	com.google.common.util.concurrent.ImmediateFuture_ESTest	com/google/common/util/concurrent	com/google/common/util/concurrent/ImmediateFuture	isDone	()Z
mvnc	com/google/guava	guava	31.0.1-jre	com.google.common.util.concurrent.ImmediateFuture_ESTest	com/google/common/util/concurrent	com/google/common/util/concurrent/ImmediateFuture	toString	()Ljava/lang/String;
mvnc	com/google/guava	guava	31.0.1-jre	com.google.common.util.concurrent.ImmediateFuture_ESTest	com/google/common/util/concurrent	com/google/common/util/concurrent/ImmediateFuture	<clinit>	()V
mvnc	com/google/guava	guava	31.0.1-jre	com.google.common.util.concurrent.ImmediateFuture_ESTest	com/google/common/util/concurrent	com/google/common/util/concurrent/AbstractFuture	<init>	()V
mvnc	com/google/guava	guava	31.0.1-jre	com.google.common.util.concurrent.ImmediateFuture_ESTest	com/google/common/util/concurrent	com/google/common/util/concurrent/AbstractFuture	get	(JLjava/util/concurrent/TimeUnit;)Ljava/lang/Object;
mvnc	com/google/guava	guava	31.0.1-jre	com.google.common.util.concurrent.ImmediateFuture_ESTest	com/google/common/util/concurrent	com/google/common/util/concurrent/AbstractFuture	getDoneValue	(Ljava/lang/Object;)Ljava/lang/Object;
mvnc	com/google/guava	guava	31.0.1-jre	com.google.common.util.concurrent.ImmediateFuture_ESTest	com/google/common/util/concurrent	com/google/common/util/concurrent/AbstractFuture	cancel	(Z)Z
mvnc	com/google/guava	guava	31.0.1-jre	com.google.common.util.concurrent.ImmediateFuture_ESTest	com/google/common/util/concurrent	com/google/common/util/concurrent/AbstractFuture	setException	(Ljava/lang/Throwable;)Z
mvnc	com/google/guava	guava	31.0.1-jre	com.google.common.util.concurrent.ImmediateFuture_ESTest	com/google/common/util/concurrent	com/google/common/util/concurrent/AbstractFuture	complete	(Lcom/google/common/util/concurrent/AbstractFuture;)V
mvnc	com/google/guava	guava	31.0.1-jre	com.google.common.util.concurrent.ImmediateFuture_ESTest	com/google/common/util/concurrent	com/google/common/util/concurrent/AbstractFuture	afterDone	()V
mvnc	com/google/guava	guava	31.0.1-jre	com.google.common.util.concurrent.ImmediateFuture_ESTest	com/google/common/util/concurrent	com/google/common/util/concurrent/AbstractFuture	releaseWaiters	()V
mvnc	com/google/guava	guava	31.0.1-jre	com.google.common.util.concurrent.ImmediateFuture_ESTest	com/google/common/util/concurrent	com/google/common/util/concurrent/AbstractFuture	clearListeners	(Lcom/google/common/util/concurrent/AbstractFuture$Listener;)Lcom/google/common/util/concurrent/AbstractFuture$Listener;
mvnc	com/google/guava	guava	31.0.1-jre	com.google.common.util.concurrent.ImmediateFuture_ESTest	com/google/common/util/concurrent	com/google/common/util/concurrent/AbstractFuture	cancellationExceptionWithCause	(Ljava/lang/String;Ljava/lang/Throwable;)Ljava/util/concurrent/CancellationException;
mvnc	com/google/guava	guava	31.0.1-jre	com.google.common.util.concurrent.ImmediateFuture_ESTest	com/google/common/util/concurrent	com/google/common/util/concurrent/AbstractFuture	<clinit>	()V
mvnc	com/google/guava	guava	31.0.1-jre	com.google.common.util.concurrent.ImmediateFuture_ESTest	com/google/common/util/concurrent	com/google/common/util/concurrent/AbstractFuture$TrustedFuture	<init>	()V
mvnc	com/google/guava	guava	31.0.1-jre	com.google.common.util.concurrent.ImmediateFuture_ESTest	com/google/common/util/concurrent	com/google/common/util/concurrent/AbstractFuture$TrustedFuture	cancel	(Z)Z
mvnc	com/google/guava	guava	31.0.1-jre	com.google.common.util.concurrent.ImmediateFuture_ESTest	com/google/common/util/concurrent	com/google/common/util/concurrent/InterruptibleTask	<clinit>	()V
mvnc	com/google/guava	guava	31.0.1-jre	com.google.common.util.concurrent.ImmediateFuture_ESTest	com/google/common/util/concurrent	com/google/common/util/concurrent/AbstractFuture$Failure	<init>	(Ljava/lang/Throwable;)V
mvnc	com/google/guava	guava	31.0.1-jre	com.google.common.util.concurrent.ImmediateFuture_ESTest	com/google/common/util/concurrent	com/google/common/util/concurrent/AbstractFuture$Failure	<clinit>	()V
mvnc	com/google/guava	guava	31.0.1-jre	com.google.common.util.concurrent.ImmediateFuture_ESTest	com/google/common/util/concurrent	com/google/common/util/concurrent/AbstractFuture$Failure$1	<init>	(Ljava/lang/String;)V
mvnc	com/google/guava	guava	31.0.1-jre	com.google.common.util.concurrent.ImmediateFuture_ESTest	com/google/common/util/concurrent	com/google/common/util/concurrent/AbstractFuture$Failure$1	fillInStackTrace	()Ljava/lang/Throwable;
