mvnc	com/google/guava	guava	31.0.1-jre	com.google.common.base.Present_ESTest	com/google/common/collect	com/google/common/collect/Cut	<init>	(Ljava/lang/Comparable;)V
mvnc	com/google/guava	guava	31.0.1-jre	com.google.common.base.Present_ESTest	com/google/common/collect	com/google/common/collect/Cut	belowAll	()Lcom/google/common/collect/Cut;
mvnc	com/google/guava	guava	31.0.1-jre	com.google.common.base.Present_ESTest	com/google/common/collect	com/google/common/collect/Cut	aboveAll	()Lcom/google/common/collect/Cut;
mvnc	com/google/guava	guava	31.0.1-jre	com.google.common.base.Present_ESTest	com/google/common/collect	com/google/common/collect/Cut$AboveAll	<init>	()V
mvnc	com/google/guava	guava	31.0.1-jre	com.google.common.base.Present_ESTest	com/google/common/collect	com/google/common/collect/Cut$AboveAll	<clinit>	()V
mvnc	com/google/guava	guava	31.0.1-jre	com.google.common.base.Present_ESTest	com/google/common/collect	com/google/common/collect/Range	<init>	(Lcom/google/common/collect/Cut;Lcom/google/common/collect/Cut;)V
mvnc	com/google/guava	guava	31.0.1-jre	com.google.common.base.Present_ESTest	com/google/common/collect	com/google/common/collect/Range	<clinit>	()V
mvnc	com/google/guava	guava	31.0.1-jre	com.google.common.base.Present_ESTest	com/google/common/collect	com/google/common/collect/Cut$BelowAll	<init>	()V
mvnc	com/google/guava	guava	31.0.1-jre	com.google.common.base.Present_ESTest	com/google/common/collect	com/google/common/collect/Cut$BelowAll	compareTo	(Lcom/google/common/collect/Cut;)I
mvnc	com/google/guava	guava	31.0.1-jre	com.google.common.base.Present_ESTest	com/google/common/collect	com/google/common/collect/Cut$BelowAll	<clinit>	()V
mvnc	com/google/guava	guava	31.0.1-jre	com.google.common.base.Present_ESTest	com/google/common/collect	com/google/common/collect/RangeGwtSerializationDependencies	<init>	()V
mvnc	com/google/guava	guava	31.0.1-jre	com.google.common.base.Present_ESTest	com/google/common/math	com/google/common/math/LongMath	<clinit>	()V
mvnc	com/google/guava	guava	31.0.1-jre	com.google.common.base.Present_ESTest	com/google/common/hash	com/google/common/hash/Striped64	<init>	()V
mvnc	com/google/guava	guava	31.0.1-jre	com.google.common.base.Present_ESTest	com/google/common/hash	com/google/common/hash/Striped64	getUnsafe	()Lsun/misc/Unsafe;
mvnc	com/google/guava	guava	31.0.1-jre	com.google.common.base.Present_ESTest	com/google/common/hash	com/google/common/hash/Striped64	<clinit>	()V
mvnc	com/google/guava	guava	31.0.1-jre	com.google.common.base.Present_ESTest	com/google/common/hash	com/google/common/hash/LongAddables	<clinit>	()V
mvnc	com/google/guava	guava	31.0.1-jre	com.google.common.base.Present_ESTest	com/google/common/hash	com/google/common/hash/Hashing	<clinit>	()V
mvnc	com/google/guava	guava	31.0.1-jre	com.google.common.base.Present_ESTest	com/google/common/hash	com/google/common/hash/Murmur3_128HashFunction	<init>	(I)V
mvnc	com/google/guava	guava	31.0.1-jre	com.google.common.base.Present_ESTest	com/google/common/hash	com/google/common/hash/Murmur3_128HashFunction	<clinit>	()V
mvnc	com/google/guava	guava	31.0.1-jre	com.google.common.base.Present_ESTest	com/google/common/hash	com/google/common/hash/LongAdder	<init>	()V
mvnc	com/google/guava	guava	31.0.1-jre	com.google.common.base.Present_ESTest	com/google/common/hash	com/google/common/hash/BloomFilterStrategies$1	<init>	(Ljava/lang/String;I)V
mvnc	com/google/guava	guava	31.0.1-jre	com.google.common.base.Present_ESTest	com/google/common/hash	com/google/common/hash/BloomFilterStrategies$2	<init>	(Ljava/lang/String;I)V
mvnc	com/google/guava	guava	31.0.1-jre	com.google.common.base.Present_ESTest	com/google/common/hash	com/google/common/hash/AbstractHashFunction	<init>	()V
mvnc	com/google/guava	guava	31.0.1-jre	com.google.common.base.Present_ESTest	com/google/common/hash	com/google/common/hash/LongAddables$1	<init>	()V
mvnc	com/google/guava	guava	31.0.1-jre	com.google.common.base.Present_ESTest	com/google/common/hash	com/google/common/hash/Striped64$1	<init>	()V
mvnc	com/google/guava	guava	31.0.1-jre	com.google.common.base.Present_ESTest	com/google/common/hash	com/google/common/hash/Striped64$1	run	()Lsun/misc/Unsafe;
mvnc	com/google/guava	guava	31.0.1-jre	com.google.common.base.Present_ESTest	com/google/common/hash	com/google/common/hash/HashCode	<clinit>	()V
mvnc	com/google/guava	guava	31.0.1-jre	com.google.common.base.Present_ESTest	com/google/common/hash	com/google/common/hash/BloomFilterStrategies	<clinit>	()V
mvnc	com/google/guava	guava	31.0.1-jre	com.google.common.base.Present_ESTest	com/google/common/base	com/google/common/base/Present	<init>	(Ljava/lang/Object;)V
mvnc	com/google/guava	guava	31.0.1-jre	com.google.common.base.Present_ESTest	com/google/common/base	com/google/common/base/Present	isPresent	()Z
mvnc	com/google/guava	guava	31.0.1-jre	com.google.common.base.Present_ESTest	com/google/common/base	com/google/common/base/Present	get	()Ljava/lang/Object;
mvnc	com/google/guava	guava	31.0.1-jre	com.google.common.base.Present_ESTest	com/google/common/base	com/google/common/base/Present	or	(Ljava/lang/Object;)Ljava/lang/Object;
mvnc	com/google/guava	guava	31.0.1-jre	com.google.common.base.Present_ESTest	com/google/common/base	com/google/common/base/Present	or	(Lcom/google/common/base/Optional;)Lcom/google/common/base/Optional;
mvnc	com/google/guava	guava	31.0.1-jre	com.google.common.base.Present_ESTest	com/google/common/base	com/google/common/base/Present	or	(Lcom/google/common/base/Supplier;)Ljava/lang/Object;
mvnc	com/google/guava	guava	31.0.1-jre	com.google.common.base.Present_ESTest	com/google/common/base	com/google/common/base/Present	orNull	()Ljava/lang/Object;
mvnc	com/google/guava	guava	31.0.1-jre	com.google.common.base.Present_ESTest	com/google/common/base	com/google/common/base/Present	asSet	()Ljava/util/Set;
mvnc	com/google/guava	guava	31.0.1-jre	com.google.common.base.Present_ESTest	com/google/common/base	com/google/common/base/Present	transform	(Lcom/google/common/base/Function;)Lcom/google/common/base/Optional;
mvnc	com/google/guava	guava	31.0.1-jre	com.google.common.base.Present_ESTest	com/google/common/base	com/google/common/base/Present	equals	(Ljava/lang/Object;)Z
mvnc	com/google/guava	guava	31.0.1-jre	com.google.common.base.Present_ESTest	com/google/common/base	com/google/common/base/Present	hashCode	()I
mvnc	com/google/guava	guava	31.0.1-jre	com.google.common.base.Present_ESTest	com/google/common/base	com/google/common/base/Present	toString	()Ljava/lang/String;
mvnc	com/google/guava	guava	31.0.1-jre	com.google.common.base.Present_ESTest	com/google/common/base	com/google/common/base/Suppliers$NonSerializableMemoizingSupplier	<init>	(Lcom/google/common/base/Supplier;)V
mvnc	com/google/guava	guava	31.0.1-jre	com.google.common.base.Present_ESTest	com/google/common/base	com/google/common/base/Converter$IdentityConverter	doForward	(Ljava/lang/Object;)Ljava/lang/Object;
mvnc	com/google/guava	guava	31.0.1-jre	com.google.common.base.Present_ESTest	com/google/common/base	com/google/common/base/Converter$IdentityConverter	<clinit>	()V
mvnc	com/google/guava	guava	31.0.1-jre	com.google.common.base.Present_ESTest	com/google/common/base	com/google/common/base/Absent	<clinit>	()V
mvnc	com/google/guava	guava	31.0.1-jre	com.google.common.base.Present_ESTest	com/google/common/base	com/google/common/base/Suppliers$ExpiringMemoizingSupplier	<init>	(Lcom/google/common/base/Supplier;JLjava/util/concurrent/TimeUnit;)V
mvnc	com/google/guava	guava	31.0.1-jre	com.google.common.base.Present_ESTest	com/google/common/base	com/google/common/base/Preconditions	checkArgument	(ZLjava/lang/String;JLjava/lang/Object;)V
mvnc	com/google/guava	guava	31.0.1-jre	com.google.common.base.Present_ESTest	com/google/common/base	com/google/common/base/Preconditions	checkNotNull	(Ljava/lang/Object;)Ljava/lang/Object;
mvnc	com/google/guava	guava	31.0.1-jre	com.google.common.base.Present_ESTest	com/google/common/base	com/google/common/base/Preconditions	checkNotNull	(Ljava/lang/Object;Ljava/lang/Object;)Ljava/lang/Object;
mvnc	com/google/guava	guava	31.0.1-jre	com.google.common.base.Present_ESTest	com/google/common/base	com/google/common/base/Suppliers$SupplierFunctionImpl	<clinit>	()V
mvnc	com/google/guava	guava	31.0.1-jre	com.google.common.base.Present_ESTest	com/google/common/base	com/google/common/base/Suppliers$MemoizingSupplier	<init>	(Lcom/google/common/base/Supplier;)V
mvnc	com/google/guava	guava	31.0.1-jre	com.google.common.base.Present_ESTest	com/google/common/base	com/google/common/base/Converter	<init>	()V
mvnc	com/google/guava	guava	31.0.1-jre	com.google.common.base.Present_ESTest	com/google/common/base	com/google/common/base/Converter	<init>	(Z)V
mvnc	com/google/guava	guava	31.0.1-jre	com.google.common.base.Present_ESTest	com/google/common/base	com/google/common/base/Converter	convert	(Ljava/lang/Object;)Ljava/lang/Object;
mvnc	com/google/guava	guava	31.0.1-jre	com.google.common.base.Present_ESTest	com/google/common/base	com/google/common/base/Converter	correctedDoForward	(Ljava/lang/Object;)Ljava/lang/Object;
mvnc	com/google/guava	guava	31.0.1-jre	com.google.common.base.Present_ESTest	com/google/common/base	com/google/common/base/Converter	apply	(Ljava/lang/Object;)Ljava/lang/Object;
mvnc	com/google/guava	guava	31.0.1-jre	com.google.common.base.Present_ESTest	com/google/common/base	com/google/common/base/Converter	identity	()Lcom/google/common/base/Converter;
mvnc	com/google/guava	guava	31.0.1-jre	com.google.common.base.Present_ESTest	com/google/common/base	com/google/common/base/Platform	loadPatternCompiler	()Lcom/google/common/base/PatternCompiler;
mvnc	com/google/guava	guava	31.0.1-jre	com.google.common.base.Present_ESTest	com/google/common/base	com/google/common/base/Platform	<clinit>	()V
mvnc	com/google/guava	guava	31.0.1-jre	com.google.common.base.Present_ESTest	com/google/common/base	com/google/common/base/Optional	<init>	()V
