org/springframework/boot/autoconfigure/AbstractDependsOnBeanFactoryPostProcessor	lambda$null$1	(Lorg/springframework/beans/factory/ListableBeanFactory;Ljava/lang/Class;)Ljava/util/stream/Stream;	INVOKE_STATIC	java/util/Set::stream()Ljava/util/stream/Stream;
org/springframework/boot/autoconfigure/AbstractDependsOnBeanFactoryPostProcessor	lambda$null$1	(Lorg/springframework/beans/factory/ListableBeanFactory;Ljava/lang/Class;)Ljava/util/stream/Stream;	INVOKE_STATIC	org/springframework/boot/autoconfigure/AbstractDependsOnBeanFactoryPostProcessor::getBeanNames(Lorg/springframework/beans/factory/ListableBeanFactory;Ljava/lang/Class;)Ljava/util/Set;
org/springframework/boot/autoconfigure/AutoConfigurationExcludeFilter	getAutoConfigurations	()Ljava/util/List;	INVOKE_VIRTUAL	java/lang/Object::getClass()Ljava/lang/Class;
org/springframework/boot/autoconfigure/AutoConfigurationImportSelector	getCandidateConfigurations	(Lorg/springframework/core/type/AnnotationMetadata;Lorg/springframework/core/annotation/AnnotationAttributes;)Ljava/util/List;	INVOKE_VIRTUAL	java/lang/Object::getClass()Ljava/lang/Class;
org/springframework/boot/autoconfigure/ImportAutoConfigurationImportSelector	loadFactoryNames	(Ljava/lang/Class;)Ljava/util/Collection;	INVOKE_VIRTUAL	java/lang/Object::getClass()Ljava/lang/Class;
org/springframework/boot/autoconfigure/amqp/AbstractConnectionFactoryConfigurer	configure	(Lorg/springframework/amqp/rabbit/connection/AbstractConnectionFactory;)V	INVOKE_VIRTUAL	java/lang/Object::getClass()Ljava/lang/Class;
org/springframework/boot/autoconfigure/amqp/CachingConnectionFactoryConfigurer	configure	(Lorg/springframework/amqp/rabbit/connection/CachingConnectionFactory;Lorg/springframework/boot/autoconfigure/amqp/RabbitProperties;)V	INVOKE_VIRTUAL	java/lang/Object::getClass()Ljava/lang/Class;
org/springframework/boot/autoconfigure/amqp/DirectRabbitListenerContainerFactoryConfigurer	configure	(Lorg/springframework/amqp/rabbit/config/DirectRabbitListenerContainerFactory;Lorg/springframework/amqp/rabbit/connection/ConnectionFactory;)V	INVOKE_VIRTUAL	java/lang/Object::getClass()Ljava/lang/Class;
org/springframework/boot/autoconfigure/amqp/RabbitAnnotationDrivenConfiguration	directRabbitListenerContainerFactory	(Lorg/springframework/boot/autoconfigure/amqp/DirectRabbitListenerContainerFactoryConfigurer;Lorg/springframework/amqp/rabbit/connection/ConnectionFactory;Lorg/springframework/beans/factory/ObjectProvider;)Lorg/springframework/amqp/rabbit/config/DirectRabbitListenerContainerFactory;	INVOKE_VIRTUAL	java/lang/Object::getClass()Ljava/lang/Class;
org/springframework/boot/autoconfigure/amqp/RabbitAnnotationDrivenConfiguration	simpleRabbitListenerContainerFactory	(Lorg/springframework/boot/autoconfigure/amqp/SimpleRabbitListenerContainerFactoryConfigurer;Lorg/springframework/amqp/rabbit/connection/ConnectionFactory;Lorg/springframework/beans/factory/ObjectProvider;)Lorg/springframework/amqp/rabbit/config/SimpleRabbitListenerContainerFactory;	INVOKE_VIRTUAL	java/lang/Object::getClass()Ljava/lang/Class;
org/springframework/boot/autoconfigure/amqp/RabbitConnectionFactoryBeanConfigurer	configure	(Lorg/springframework/amqp/rabbit/connection/RabbitConnectionFactoryBean;)V	INVOKE_VIRTUAL	java/lang/Object::getClass()Ljava/lang/Class;
org/springframework/boot/autoconfigure/amqp/RabbitStreamConfiguration	configure	(Lcom/rabbitmq/stream/EnvironmentBuilder;Lorg/springframework/boot/autoconfigure/amqp/RabbitProperties;)Lcom/rabbitmq/stream/EnvironmentBuilder;	INVOKE_VIRTUAL	java/lang/Object::getClass()Ljava/lang/Class;
org/springframework/boot/autoconfigure/amqp/RabbitStreamConfiguration	streamRabbitListenerContainerFactory	(Lcom/rabbitmq/stream/Environment;Lorg/springframework/boot/autoconfigure/amqp/RabbitProperties;Lorg/springframework/beans/factory/ObjectProvider;Lorg/springframework/beans/factory/ObjectProvider;)Lorg/springframework/rabbit/stream/config/StreamRabbitListenerContainerFactory;	INVOKE_VIRTUAL	java/lang/Object::getClass()Ljava/lang/Class;
org/springframework/boot/autoconfigure/amqp/RabbitTemplateConfigurer	configure	(Lorg/springframework/amqp/rabbit/core/RabbitTemplate;Lorg/springframework/amqp/rabbit/connection/ConnectionFactory;)V	INVOKE_VIRTUAL	java/lang/Object::getClass()Ljava/lang/Class;
org/springframework/boot/autoconfigure/amqp/RetryTemplateFactory	createRetryTemplate	(Lorg/springframework/boot/autoconfigure/amqp/RabbitProperties$Retry;Lorg/springframework/boot/autoconfigure/amqp/RabbitRetryTemplateCustomizer$Target;)Lorg/springframework/retry/support/RetryTemplate;	INVOKE_VIRTUAL	java/lang/Object::getClass()Ljava/lang/Class;
org/springframework/boot/autoconfigure/amqp/SimpleRabbitListenerContainerFactoryConfigurer	configure	(Lorg/springframework/amqp/rabbit/config/SimpleRabbitListenerContainerFactory;Lorg/springframework/amqp/rabbit/connection/ConnectionFactory;)V	INVOKE_VIRTUAL	java/lang/Object::getClass()Ljava/lang/Class;
org/springframework/boot/autoconfigure/batch/BasicBatchConfigurer	createJobExplorer	()Lorg/springframework/batch/core/explore/JobExplorer;	INVOKE_VIRTUAL	java/lang/Object::getClass()Ljava/lang/Class;
org/springframework/boot/autoconfigure/batch/BasicBatchConfigurer	createJobRepository	()Lorg/springframework/batch/core/repository/JobRepository;	INVOKE_VIRTUAL	java/lang/Object::getClass()Ljava/lang/Class;
org/springframework/boot/autoconfigure/batch/BatchAutoConfiguration	jobOperator	(Lorg/springframework/beans/factory/ObjectProvider;Lorg/springframework/batch/core/explore/JobExplorer;Lorg/springframework/batch/core/launch/JobLauncher;Lorg/springframework/batch/core/configuration/ListableJobLocator;Lorg/springframework/batch/core/repository/JobRepository;)Lorg/springframework/batch/core/launch/support/SimpleJobOperator;	INVOKE_VIRTUAL	java/lang/Object::getClass()Ljava/lang/Class;
org/springframework/boot/autoconfigure/cache/Cache2kCacheConfiguration	lambda$null$0	(Lorg/cache2k/Cache2kBuilder;Lorg/springframework/boot/autoconfigure/cache/Cache2kBuilderCustomizer;)V	INVOKE_STATIC	org/springframework/boot/autoconfigure/cache/Cache2kBuilderCustomizer::customize(Lorg/cache2k/Cache2kBuilder;)V
org/springframework/boot/autoconfigure/cache/CaffeineCacheConfiguration	createCacheManager	(Lorg/springframework/boot/autoconfigure/cache/CacheProperties;Lorg/springframework/beans/factory/ObjectProvider;Lorg/springframework/beans/factory/ObjectProvider;Lorg/springframework/beans/factory/ObjectProvider;)Lorg/springframework/cache/caffeine/CaffeineCacheManager;	INVOKE_VIRTUAL	java/lang/Object::getClass()Ljava/lang/Class;
org/springframework/boot/autoconfigure/cassandra/CassandraAutoConfiguration	mapConfig	(Lorg/springframework/boot/autoconfigure/cassandra/CassandraProperties;)Lcom/typesafe/config/Config;	INVOKE_VIRTUAL	java/lang/Object::getClass()Ljava/lang/Class;
org/springframework/boot/autoconfigure/cassandra/CassandraAutoConfiguration	mapConnectionOptions	(Lorg/springframework/boot/autoconfigure/cassandra/CassandraProperties;Lorg/springframework/boot/autoconfigure/cassandra/CassandraAutoConfiguration$CassandraDriverOptions;)V	INVOKE_VIRTUAL	java/lang/Object::getClass()Ljava/lang/Class;
org/springframework/boot/autoconfigure/cassandra/CassandraAutoConfiguration	mapControlConnectionOptions	(Lorg/springframework/boot/autoconfigure/cassandra/CassandraProperties;Lorg/springframework/boot/autoconfigure/cassandra/CassandraAutoConfiguration$CassandraDriverOptions;)V	INVOKE_VIRTUAL	java/lang/Object::getClass()Ljava/lang/Class;
org/springframework/boot/autoconfigure/cassandra/CassandraAutoConfiguration	mapPoolingOptions	(Lorg/springframework/boot/autoconfigure/cassandra/CassandraProperties;Lorg/springframework/boot/autoconfigure/cassandra/CassandraAutoConfiguration$CassandraDriverOptions;)V	INVOKE_VIRTUAL	java/lang/Object::getClass()Ljava/lang/Class;
org/springframework/boot/autoconfigure/cassandra/CassandraAutoConfiguration	mapRequestOptions	(Lorg/springframework/boot/autoconfigure/cassandra/CassandraProperties;Lorg/springframework/boot/autoconfigure/cassandra/CassandraAutoConfiguration$CassandraDriverOptions;)V	INVOKE_VIRTUAL	java/lang/Object::getClass()Ljava/lang/Class;
org/springframework/boot/autoconfigure/condition/ConditionEvaluationReport	getUnconditionalClasses	()Ljava/util/Set;	INVOKE_VIRTUAL	java/lang/Object::getClass()Ljava/lang/Class;
org/springframework/boot/autoconfigure/condition/ConditionEvaluationReport	lambda$null$2	(Lorg/springframework/boot/autoconfigure/condition/ConditionEvaluationReport;Ljava/lang/String;Lorg/springframework/boot/autoconfigure/condition/ConditionEvaluationReport$ConditionAndOutcome;)V	INVOKE_VIRTUAL	org/springframework/boot/autoconfigure/condition/ConditionEvaluationReport$ConditionAndOutcome::getCondition()Lorg/springframework/context/annotation/Condition;
org/springframework/boot/autoconfigure/condition/ConditionEvaluationReport	lambda$null$2	(Lorg/springframework/boot/autoconfigure/condition/ConditionEvaluationReport;Ljava/lang/String;Lorg/springframework/boot/autoconfigure/condition/ConditionEvaluationReport$ConditionAndOutcome;)V	INVOKE_VIRTUAL	org/springframework/boot/autoconfigure/condition/ConditionEvaluationReport$ConditionAndOutcome::getOutcome()Lorg/springframework/boot/autoconfigure/condition/ConditionOutcome;
org/springframework/boot/autoconfigure/condition/ConditionEvaluationReport	lambda$null$2	(Lorg/springframework/boot/autoconfigure/condition/ConditionEvaluationReport;Ljava/lang/String;Lorg/springframework/boot/autoconfigure/condition/ConditionEvaluationReport$ConditionAndOutcome;)V	INVOKE_VIRTUAL	org/springframework/boot/autoconfigure/condition/ConditionEvaluationReport::recordConditionEvaluation(Ljava/lang/String;Lorg/springframework/context/annotation/Condition;Lorg/springframework/boot/autoconfigure/condition/ConditionOutcome;)V
org/springframework/boot/autoconfigure/data/cassandra/CassandraDataAutoConfiguration	cassandraSessionFactory	(Lorg/springframework/core/env/Environment;Lorg/springframework/data/cassandra/core/convert/CassandraConverter;)Lorg/springframework/data/cassandra/config/SessionFactoryFactoryBean;	INVOKE_VIRTUAL	java/lang/Object::getClass()Ljava/lang/Class;
org/springframework/boot/autoconfigure/data/elasticsearch/ReactiveElasticsearchRestClientAutoConfiguration	clientConfiguration	()Lorg/springframework/data/elasticsearch/client/ClientConfiguration;	INVOKE_VIRTUAL	java/lang/Object::getClass()Ljava/lang/Class;
org/springframework/boot/autoconfigure/data/elasticsearch/ReactiveElasticsearchRestClientAutoConfiguration	lambda$null$1	(Ljava/lang/Integer;Lorg/springframework/http/codec/ClientCodecConfigurer;)V	INVOKE_STATIC	org/springframework/http/codec/ClientCodecConfigurer$ClientDefaultCodecs::maxInMemorySize(I)V
org/springframework/boot/autoconfigure/data/elasticsearch/ReactiveElasticsearchRestClientAutoConfiguration	lambda$null$1	(Ljava/lang/Integer;Lorg/springframework/http/codec/ClientCodecConfigurer;)V	INVOKE_STATIC	org/springframework/http/codec/ClientCodecConfigurer::defaultCodecs()Lorg/springframework/http/codec/ClientCodecConfigurer$ClientDefaultCodecs;
org/springframework/boot/autoconfigure/data/elasticsearch/ReactiveElasticsearchRestClientAutoConfiguration	lambda$null$1	(Ljava/lang/Integer;Lorg/springframework/http/codec/ClientCodecConfigurer;)V	INVOKE_VIRTUAL	java/lang/Integer::intValue()I
org/springframework/boot/autoconfigure/data/elasticsearch/ReactiveElasticsearchRestClientAutoConfiguration	lambda$null$2	(Ljava/lang/Integer;Lorg/springframework/web/reactive/function/client/WebClient;)Lorg/springframework/web/reactive/function/client/WebClient;	INVOKE_DYNAMIC	[java/lang/invoke/LambdaMetafactory::metafactory(Ljava/lang/invoke/MethodHandles$Lookup;Ljava/lang/String;Ljava/lang/invoke/MethodType;Ljava/lang/invoke/MethodType;Ljava/lang/invoke/MethodHandle;Ljava/lang/invoke/MethodType;)Ljava/lang/invoke/CallSite;]::accept(Ljava/lang/Integer;)Ljava/util/function/Consumer;
org/springframework/boot/autoconfigure/data/elasticsearch/ReactiveElasticsearchRestClientAutoConfiguration	lambda$null$2	(Ljava/lang/Integer;Lorg/springframework/web/reactive/function/client/WebClient;)Lorg/springframework/web/reactive/function/client/WebClient;	INVOKE_STATIC	org/springframework/web/reactive/function/client/ExchangeStrategies$Builder::build()Lorg/springframework/web/reactive/function/client/ExchangeStrategies;
org/springframework/boot/autoconfigure/data/elasticsearch/ReactiveElasticsearchRestClientAutoConfiguration	lambda$null$2	(Ljava/lang/Integer;Lorg/springframework/web/reactive/function/client/WebClient;)Lorg/springframework/web/reactive/function/client/WebClient;	INVOKE_STATIC	org/springframework/web/reactive/function/client/ExchangeStrategies$Builder::codecs(Ljava/util/function/Consumer;)Lorg/springframework/web/reactive/function/client/ExchangeStrategies$Builder;
org/springframework/boot/autoconfigure/data/elasticsearch/ReactiveElasticsearchRestClientAutoConfiguration	lambda$null$2	(Ljava/lang/Integer;Lorg/springframework/web/reactive/function/client/WebClient;)Lorg/springframework/web/reactive/function/client/WebClient;	INVOKE_STATIC	org/springframework/web/reactive/function/client/ExchangeStrategies::builder()Lorg/springframework/web/reactive/function/client/ExchangeStrategies$Builder;
org/springframework/boot/autoconfigure/data/elasticsearch/ReactiveElasticsearchRestClientAutoConfiguration	lambda$null$2	(Ljava/lang/Integer;Lorg/springframework/web/reactive/function/client/WebClient;)Lorg/springframework/web/reactive/function/client/WebClient;	INVOKE_STATIC	org/springframework/web/reactive/function/client/WebClient$Builder::build()Lorg/springframework/web/reactive/function/client/WebClient;
org/springframework/boot/autoconfigure/data/elasticsearch/ReactiveElasticsearchRestClientAutoConfiguration	lambda$null$2	(Ljava/lang/Integer;Lorg/springframework/web/reactive/function/client/WebClient;)Lorg/springframework/web/reactive/function/client/WebClient;	INVOKE_STATIC	org/springframework/web/reactive/function/client/WebClient$Builder::exchangeStrategies(Lorg/springframework/web/reactive/function/client/ExchangeStrategies;)Lorg/springframework/web/reactive/function/client/WebClient$Builder;
org/springframework/boot/autoconfigure/data/elasticsearch/ReactiveElasticsearchRestClientAutoConfiguration	lambda$null$2	(Ljava/lang/Integer;Lorg/springframework/web/reactive/function/client/WebClient;)Lorg/springframework/web/reactive/function/client/WebClient;	INVOKE_STATIC	org/springframework/web/reactive/function/client/WebClient::mutate()Lorg/springframework/web/reactive/function/client/WebClient$Builder;
org/springframework/boot/autoconfigure/data/mongo/MongoDataConfiguration	mongoMappingContext	(Lorg/springframework/context/ApplicationContext;Lorg/springframework/boot/autoconfigure/mongo/MongoProperties;Lorg/springframework/data/mongodb/core/convert/MongoCustomConversions;)Lorg/springframework/data/mongodb/core/mapping/MongoMappingContext;	INVOKE_VIRTUAL	java/lang/Object::getClass()Ljava/lang/Class;
org/springframework/boot/autoconfigure/data/redis/JedisConnectionConfiguration	applyProperties	(Lorg/springframework/data/redis/connection/jedis/JedisClientConfiguration$JedisClientConfigurationBuilder;)Lorg/springframework/data/redis/connection/jedis/JedisClientConfiguration$JedisClientConfigurationBuilder;	INVOKE_VIRTUAL	java/lang/Object::getClass()Ljava/lang/Class;
org/springframework/boot/autoconfigure/data/rest/RepositoryRestProperties	applyTo	(Lorg/springframework/data/rest/core/config/RepositoryRestConfiguration;)V	INVOKE_VIRTUAL	java/lang/Object::getClass()Ljava/lang/Class;
org/springframework/boot/autoconfigure/elasticsearch/ElasticsearchRestClientConfigurations$DefaultRestClientBuilderCustomizer	customize	(Lorg/apache/http/client/config/RequestConfig$Builder;)V	INVOKE_VIRTUAL	java/lang/Object::getClass()Ljava/lang/Class;
org/springframework/boot/autoconfigure/elasticsearch/ElasticsearchRestClientConfigurations$RestClientBuilderConfiguration	lambda$null$1	(Lorg/apache/http/impl/nio/client/HttpAsyncClientBuilder;Lorg/springframework/boot/autoconfigure/elasticsearch/RestClientBuilderCustomizer;)V	INVOKE_STATIC	org/springframework/boot/autoconfigure/elasticsearch/RestClientBuilderCustomizer::customize(Lorg/apache/http/impl/nio/client/HttpAsyncClientBuilder;)V
org/springframework/boot/autoconfigure/elasticsearch/ElasticsearchRestClientConfigurations$RestClientBuilderConfiguration	lambda$null$3	(Lorg/apache/http/client/config/RequestConfig$Builder;Lorg/springframework/boot/autoconfigure/elasticsearch/RestClientBuilderCustomizer;)V	INVOKE_STATIC	org/springframework/boot/autoconfigure/elasticsearch/RestClientBuilderCustomizer::customize(Lorg/apache/http/client/config/RequestConfig$Builder;)V
org/springframework/boot/autoconfigure/elasticsearch/ElasticsearchRestClientConfigurations$RestClientSnifferConfiguration	elasticsearchSniffer	(Lorg/elasticsearch/client/RestClient;Lorg/springframework/boot/autoconfigure/elasticsearch/ElasticsearchRestClientProperties;Lorg/springframework/boot/autoconfigure/elasticsearch/DeprecatedElasticsearchRestClientProperties;)Lorg/elasticsearch/client/sniff/Sniffer;	INVOKE_VIRTUAL	java/lang/Object::getClass()Ljava/lang/Class;
org/springframework/boot/autoconfigure/flyway/FlywayAutoConfiguration$FlywayConfiguration	configureIgnoredMigrations	(Lorg/flywaydb/core/api/configuration/FluentConfiguration;Lorg/springframework/boot/autoconfigure/flyway/FlywayProperties;Lorg/springframework/boot/context/properties/PropertyMapper;)V	INVOKE_VIRTUAL	java/lang/Object::getClass()Ljava/lang/Class;
org/springframework/boot/autoconfigure/flyway/FlywayAutoConfiguration$FlywayConfiguration	configureProperties	(Lorg/flywaydb/core/api/configuration/FluentConfiguration;Lorg/springframework/boot/autoconfigure/flyway/FlywayProperties;)V	INVOKE_VIRTUAL	java/lang/Object::getClass()Ljava/lang/Class;
org/springframework/boot/autoconfigure/flyway/FlywaySchemaManagementProvider	getSchemaManagement	(Ljavax/sql/DataSource;)Lorg/springframework/boot/jdbc/SchemaManagement;	INVOKE_VIRTUAL	java/lang/Object::getClass()Ljava/lang/Class;
org/springframework/boot/autoconfigure/graphql/GraphQlAutoConfiguration	graphQlSource	(Lorg/springframework/core/io/support/ResourcePatternResolver;Lorg/springframework/boot/autoconfigure/graphql/GraphQlProperties;Lorg/springframework/beans/factory/ObjectProvider;Lorg/springframework/beans/factory/ObjectProvider;Lorg/springframework/beans/factory/ObjectProvider;Lorg/springframework/beans/factory/ObjectProvider;Lorg/springframework/beans/factory/ObjectProvider;)Lorg/springframework/graphql/execution/GraphQlSource;	INVOKE_VIRTUAL	java/lang/Object::getClass()Ljava/lang/Class;
org/springframework/boot/autoconfigure/graphql/GraphQlCorsProperties	toCorsConfiguration	()Lorg/springframework/web/cors/CorsConfiguration;	INVOKE_VIRTUAL	java/lang/Object::getClass()Ljava/lang/Class;
org/springframework/boot/autoconfigure/graphql/reactive/GraphQlWebFluxAutoConfiguration	graphQlRouterFunction	(Lorg/springframework/graphql/server/webflux/GraphQlHttpHandler;Lorg/springframework/graphql/execution/GraphQlSource;Lorg/springframework/boot/autoconfigure/graphql/GraphQlProperties;)Lorg/springframework/web/reactive/function/server/RouterFunction;	INVOKE_VIRTUAL	java/lang/Object::getClass()Ljava/lang/Class;
org/springframework/boot/autoconfigure/graphql/servlet/GraphQlWebMvcAutoConfiguration	graphQlRouterFunction	(Lorg/springframework/graphql/server/webmvc/GraphQlHttpHandler;Lorg/springframework/graphql/execution/GraphQlSource;Lorg/springframework/boot/autoconfigure/graphql/GraphQlProperties;)Lorg/springframework/web/servlet/function/RouterFunction;	INVOKE_VIRTUAL	java/lang/Object::getClass()Ljava/lang/Class;
org/springframework/boot/autoconfigure/groovy/template/GroovyTemplateAutoConfiguration$GroovyMarkupConfiguration	groovyMarkupConfigurer	(Lorg/springframework/beans/factory/ObjectProvider;)Lorg/springframework/web/servlet/view/groovy/GroovyMarkupConfigurer;	INVOKE_VIRTUAL	java/lang/Object::getClass()Ljava/lang/Class;
org/springframework/boot/autoconfigure/gson/GsonAutoConfiguration$StandardGsonBuilderCustomizer	customize	(Lcom/google/gson/GsonBuilder;)V	INVOKE_VIRTUAL	java/lang/Object::getClass()Ljava/lang/Class;
org/springframework/boot/autoconfigure/http/codec/CodecsAutoConfiguration$DefaultCodecsConfiguration	lambda$defaultCodecCustomizer$0	(Lorg/springframework/boot/autoconfigure/codec/CodecProperties;Lorg/springframework/http/codec/CodecConfigurer;)V	INVOKE_VIRTUAL	java/lang/Object::getClass()Ljava/lang/Class;
org/springframework/boot/autoconfigure/integration/IntegrationAutoConfiguration	integrationGlobalProperties	(Lorg/springframework/boot/autoconfigure/integration/IntegrationProperties;)Lorg/springframework/integration/context/IntegrationProperties;	INVOKE_VIRTUAL	java/lang/Object::getClass()Ljava/lang/Class;
org/springframework/boot/autoconfigure/integration/IntegrationAutoConfiguration$IntegrationConfiguration	defaultPollerMetadata	(Lorg/springframework/boot/autoconfigure/integration/IntegrationProperties;)Lorg/springframework/integration/scheduling/PollerMetadata;	INVOKE_VIRTUAL	java/lang/Object::getClass()Ljava/lang/Class;
org/springframework/boot/autoconfigure/jackson/JacksonAutoConfiguration$Jackson2ObjectMapperBuilderCustomizerConfiguration$StandardJackson2ObjectMapperBuilderCustomizer	configureVisibility	(Lorg/springframework/http/converter/json/Jackson2ObjectMapperBuilder;Ljava/util/Map;)V	INVOKE_VIRTUAL	java/lang/Object::getClass()Ljava/lang/Class;
org/springframework/boot/autoconfigure/jersey/JerseyAutoConfiguration	addInitParameters	(Lorg/springframework/boot/web/servlet/DynamicRegistrationBean;)V	INVOKE_VIRTUAL	java/lang/Object::getClass()Ljava/lang/Class;
org/springframework/boot/autoconfigure/jms/JmsAutoConfiguration$JmsTemplateConfiguration	jmsTemplate	(Ljavax/jms/ConnectionFactory;)Lorg/springframework/jms/core/JmsTemplate;	INVOKE_VIRTUAL	java/lang/Object::getClass()Ljava/lang/Class;
org/springframework/boot/autoconfigure/jms/JmsAutoConfiguration$JmsTemplateConfiguration	mapTemplateProperties	(Lorg/springframework/boot/autoconfigure/jms/JmsProperties$Template;Lorg/springframework/jms/core/JmsTemplate;)V	INVOKE_VIRTUAL	java/lang/Object::getClass()Ljava/lang/Class;
org/springframework/boot/autoconfigure/jms/JmsAutoConfiguration$MessagingTemplateConfiguration	mapTemplateProperties	(Lorg/springframework/boot/autoconfigure/jms/JmsProperties$Template;Lorg/springframework/jms/core/JmsMessagingTemplate;)V	INVOKE_VIRTUAL	java/lang/Object::getClass()Ljava/lang/Class;
org/springframework/boot/autoconfigure/jooq/JooqAutoConfiguration$DslContextConfiguration	lambda$jooqProvidersDefaultConfigurationCustomizer$5	(Lorg/springframework/beans/factory/ObjectProvider;Lorg/springframework/beans/factory/ObjectProvider;Lorg/springframework/beans/factory/ObjectProvider;Lorg/springframework/beans/factory/ObjectProvider;Lorg/springframework/beans/factory/ObjectProvider;Lorg/springframework/beans/factory/ObjectProvider;Lorg/springframework/beans/factory/ObjectProvider;Lorg/springframework/beans/factory/ObjectProvider;Lorg/jooq/impl/DefaultConfiguration;)V	INVOKE_VIRTUAL	java/lang/Object::getClass()Ljava/lang/Class;
org/springframework/boot/autoconfigure/kafka/ConcurrentKafkaListenerContainerFactoryConfigurer	configureContainer	(Lorg/springframework/kafka/listener/ContainerProperties;)V	INVOKE_VIRTUAL	java/lang/Object::getClass()Ljava/lang/Class;
org/springframework/boot/autoconfigure/kafka/ConcurrentKafkaListenerContainerFactoryConfigurer	configureListenerFactory	(Lorg/springframework/kafka/config/ConcurrentKafkaListenerContainerFactory;)V	INVOKE_VIRTUAL	java/lang/Object::getClass()Ljava/lang/Class;
org/springframework/boot/autoconfigure/kafka/KafkaAutoConfiguration	kafkaTemplate	(Lorg/springframework/kafka/core/ProducerFactory;Lorg/springframework/kafka/support/ProducerListener;Lorg/springframework/beans/factory/ObjectProvider;)Lorg/springframework/kafka/core/KafkaTemplate;	INVOKE_VIRTUAL	java/lang/Object::getClass()Ljava/lang/Class;
org/springframework/boot/autoconfigure/kafka/KafkaAutoConfiguration	setBackOffPolicy	(Lorg/springframework/kafka/retrytopic/RetryTopicConfigurationBuilder;Lorg/springframework/boot/autoconfigure/kafka/KafkaProperties$Retry$Topic;)V	INVOKE_VIRTUAL	java/lang/Object::getClass()Ljava/lang/Class;
org/springframework/boot/autoconfigure/ldap/LdapAutoConfiguration	ldapContextSource	(Lorg/springframework/boot/autoconfigure/ldap/LdapProperties;Lorg/springframework/core/env/Environment;Lorg/springframework/beans/factory/ObjectProvider;)Lorg/springframework/ldap/core/support/LdapContextSource;	INVOKE_VIRTUAL	java/lang/Object::getClass()Ljava/lang/Class;
org/springframework/boot/autoconfigure/ldap/LdapAutoConfiguration	ldapTemplate	(Lorg/springframework/boot/autoconfigure/ldap/LdapProperties;Lorg/springframework/ldap/core/ContextSource;)Lorg/springframework/ldap/core/LdapTemplate;	INVOKE_VIRTUAL	java/lang/Object::getClass()Ljava/lang/Class;
org/springframework/boot/autoconfigure/liquibase/LiquibaseSchemaManagementProvider	getSchemaManagement	(Ljavax/sql/DataSource;)Lorg/springframework/boot/jdbc/SchemaManagement;	INVOKE_VIRTUAL	java/lang/Object::getClass()Ljava/lang/Class;
org/springframework/boot/autoconfigure/mustache/MustacheReactiveWebConfiguration	mustacheViewResolver	(Lcom/samskivert/mustache/Mustache$Compiler;Lorg/springframework/boot/autoconfigure/mustache/MustacheProperties;)Lorg/springframework/boot/web/reactive/result/view/MustacheViewResolver;	INVOKE_VIRTUAL	java/lang/Object::getClass()Ljava/lang/Class;
org/springframework/boot/autoconfigure/orm/jpa/HibernateDefaultDdlAutoProvider	getSchemaManagement	(Ljavax/sql/DataSource;)Lorg/springframework/boot/jdbc/SchemaManagement;	INVOKE_VIRTUAL	java/lang/Object::getClass()Ljava/lang/Class;
org/springframework/boot/autoconfigure/orm/jpa/HibernateProperties	getAdditionalProperties	(Ljava/util/Map;Lorg/springframework/boot/autoconfigure/orm/jpa/HibernateSettings;)Ljava/util/Map;	INVOKE_VIRTUAL	java/lang/Object::getClass()Ljava/lang/Class;
org/springframework/boot/autoconfigure/r2dbc/ConnectionFactoryConfigurations$PoolConfiguration$PooledConnectionFactoryConfiguration	connectionFactory	(Lorg/springframework/boot/autoconfigure/r2dbc/R2dbcProperties;Lorg/springframework/core/io/ResourceLoader;Lorg/springframework/beans/factory/ObjectProvider;)Lio/r2dbc/pool/ConnectionPool;	INVOKE_VIRTUAL	java/lang/Object::getClass()Ljava/lang/Class;
org/springframework/boot/autoconfigure/r2dbc/ConnectionFactoryOptionsInitializer	initializeRegularOptions	(Lorg/springframework/boot/autoconfigure/r2dbc/R2dbcProperties;)Lio/r2dbc/spi/ConnectionFactoryOptions$Builder;	INVOKE_VIRTUAL	java/lang/Object::getClass()Ljava/lang/Class;
org/springframework/boot/autoconfigure/rsocket/RSocketRequesterAutoConfiguration	rSocketRequesterBuilder	(Lorg/springframework/messaging/rsocket/RSocketStrategies;Lorg/springframework/beans/factory/ObjectProvider;)Lorg/springframework/messaging/rsocket/RSocketRequester$Builder;	INVOKE_VIRTUAL	java/lang/Object::getClass()Ljava/lang/Class;
org/springframework/boot/autoconfigure/rsocket/RSocketServerAutoConfiguration$EmbeddedServerConfiguration	rSocketServerFactory	(Lorg/springframework/boot/autoconfigure/rsocket/RSocketProperties;Lorg/springframework/http/client/reactive/ReactorResourceFactory;Lorg/springframework/beans/factory/ObjectProvider;)Lorg/springframework/boot/rsocket/server/RSocketServerFactory;	INVOKE_VIRTUAL	java/lang/Object::getClass()Ljava/lang/Class;
org/springframework/boot/autoconfigure/security/oauth2/client/OAuth2ClientPropertiesRegistrationAdapter	getBuilder	(Lorg/springframework/security/oauth2/client/registration/ClientRegistration$Builder;Lorg/springframework/boot/autoconfigure/security/oauth2/client/OAuth2ClientProperties$Provider;)Lorg/springframework/security/oauth2/client/registration/ClientRegistration$Builder;	INVOKE_VIRTUAL	java/lang/Object::getClass()Ljava/lang/Class;
org/springframework/boot/autoconfigure/security/oauth2/client/OAuth2ClientPropertiesRegistrationAdapter	getClientRegistration	(Ljava/lang/String;Lorg/springframework/boot/autoconfigure/security/oauth2/client/OAuth2ClientProperties$Registration;Ljava/util/Map;)Lorg/springframework/security/oauth2/client/registration/ClientRegistration;	INVOKE_VIRTUAL	java/lang/Object::getClass()Ljava/lang/Class;
org/springframework/boot/autoconfigure/security/rsocket/RSocketSecurityAutoConfiguration	lambda$null$0	(Lorg/springframework/security/rsocket/core/SecuritySocketAcceptorInterceptor;Lio/rsocket/plugins/InterceptorRegistry;)V	INVOKE_VIRTUAL	io/rsocket/plugins/InterceptorRegistry::forSocketAcceptor(Lio/rsocket/plugins/SocketAcceptorInterceptor;)Lio/rsocket/plugins/InterceptorRegistry;
org/springframework/boot/autoconfigure/security/saml2/Saml2RelyingPartyRegistrationConfiguration	lambda$asRegistration$0	(Lorg/springframework/boot/autoconfigure/security/saml2/Saml2RelyingPartyProperties$Registration;Ljava/util/Collection;)V	INVOKE_VIRTUAL	java/lang/Object::getClass()Ljava/lang/Class;
org/springframework/boot/autoconfigure/security/saml2/Saml2RelyingPartyRegistrationConfiguration	lambda$asRegistration$1	(Lorg/springframework/boot/autoconfigure/security/saml2/Saml2RelyingPartyProperties$Registration;Ljava/util/Collection;)V	INVOKE_VIRTUAL	java/lang/Object::getClass()Ljava/lang/Class;
org/springframework/boot/autoconfigure/security/saml2/Saml2RelyingPartyRegistrationConfiguration	lambda$mapAssertingParty$6	(Lorg/springframework/boot/autoconfigure/security/saml2/Saml2RelyingPartyProperties$Registration;Ljava/lang/String;ZLorg/springframework/security/saml2/provider/service/registration/RelyingPartyRegistration$AssertingPartyDetails$Builder;)V	INVOKE_VIRTUAL	java/lang/Object::getClass()Ljava/lang/Class;
org/springframework/boot/autoconfigure/security/saml2/Saml2RelyingPartyRegistrationConfiguration	lambda$null$2	(Lorg/springframework/boot/autoconfigure/security/saml2/Saml2RelyingPartyRegistrationConfiguration$AssertingPartyProperties;Ljava/util/Collection;)V	INVOKE_DYNAMIC	[java/lang/invoke/LambdaMetafactory::metafactory(Ljava/lang/invoke/MethodHandles$Lookup;Ljava/lang/String;Ljava/lang/invoke/MethodType;Ljava/lang/invoke/MethodType;Ljava/lang/invoke/MethodHandle;Ljava/lang/invoke/MethodType;)Ljava/lang/invoke/CallSite;]::accept(Ljava/util/Collection;)Ljava/util/function/Consumer;
org/springframework/boot/autoconfigure/security/saml2/Saml2RelyingPartyRegistrationConfiguration	lambda$null$2	(Lorg/springframework/boot/autoconfigure/security/saml2/Saml2RelyingPartyRegistrationConfiguration$AssertingPartyProperties;Ljava/util/Collection;)V	INVOKE_DYNAMIC	[java/lang/invoke/LambdaMetafactory::metafactory(Ljava/lang/invoke/MethodHandles$Lookup;Ljava/lang/String;Ljava/lang/invoke/MethodType;Ljava/lang/invoke/MethodType;Ljava/lang/invoke/MethodHandle;Ljava/lang/invoke/MethodType;)Ljava/lang/invoke/CallSite;]::apply(Lorg/springframework/boot/autoconfigure/security/saml2/Saml2RelyingPartyRegistrationConfiguration;)Ljava/util/function/Function;
org/springframework/boot/autoconfigure/security/saml2/Saml2RelyingPartyRegistrationConfiguration	lambda$null$2	(Lorg/springframework/boot/autoconfigure/security/saml2/Saml2RelyingPartyRegistrationConfiguration$AssertingPartyProperties;Ljava/util/Collection;)V	INVOKE_STATIC	java/util/List::stream()Ljava/util/stream/Stream;
org/springframework/boot/autoconfigure/security/saml2/Saml2RelyingPartyRegistrationConfiguration	lambda$null$2	(Lorg/springframework/boot/autoconfigure/security/saml2/Saml2RelyingPartyRegistrationConfiguration$AssertingPartyProperties;Ljava/util/Collection;)V	INVOKE_STATIC	java/util/stream/Stream::forEach(Ljava/util/function/Consumer;)V
org/springframework/boot/autoconfigure/security/saml2/Saml2RelyingPartyRegistrationConfiguration	lambda$null$2	(Lorg/springframework/boot/autoconfigure/security/saml2/Saml2RelyingPartyRegistrationConfiguration$AssertingPartyProperties;Ljava/util/Collection;)V	INVOKE_STATIC	java/util/stream/Stream::map(Ljava/util/function/Function;)Ljava/util/stream/Stream;
org/springframework/boot/autoconfigure/security/saml2/Saml2RelyingPartyRegistrationConfiguration	lambda$null$2	(Lorg/springframework/boot/autoconfigure/security/saml2/Saml2RelyingPartyRegistrationConfiguration$AssertingPartyProperties;Ljava/util/Collection;)V	INVOKE_VIRTUAL	java/lang/Object::getClass()Ljava/lang/Class;
org/springframework/boot/autoconfigure/security/saml2/Saml2RelyingPartyRegistrationConfiguration	lambda$null$2	(Lorg/springframework/boot/autoconfigure/security/saml2/Saml2RelyingPartyRegistrationConfiguration$AssertingPartyProperties;Ljava/util/Collection;)V	INVOKE_VIRTUAL	org/springframework/boot/autoconfigure/security/saml2/Saml2RelyingPartyRegistrationConfiguration$AssertingPartyProperties::getVerificationCredentials()Ljava/util/List;
org/springframework/boot/autoconfigure/security/servlet/StaticResourceRequest$StaticResourceRequestMatcher	getPatterns	(Lorg/springframework/boot/autoconfigure/web/servlet/DispatcherServletPath;)Ljava/util/stream/Stream;	INVOKE_VIRTUAL	java/lang/Object::getClass()Ljava/lang/Class;
org/springframework/boot/autoconfigure/session/JdbcSessionConfiguration	jdbcSessionDataSourceScriptDatabaseInitializer	(Lorg/springframework/beans/factory/ObjectProvider;Lorg/springframework/beans/factory/ObjectProvider;Lorg/springframework/boot/autoconfigure/session/JdbcSessionProperties;)Lorg/springframework/boot/autoconfigure/session/JdbcSessionDataSourceScriptDatabaseInitializer;	INVOKE_VIRTUAL	java/lang/Object::getClass()Ljava/lang/Class;
org/springframework/boot/autoconfigure/session/SessionAutoConfiguration$ServletSessionConfiguration	cookieSerializer	(Lorg/springframework/boot/autoconfigure/web/ServerProperties;Lorg/springframework/beans/factory/ObjectProvider;)Lorg/springframework/session/web/http/DefaultCookieSerializer;	INVOKE_VIRTUAL	java/lang/Object::getClass()Ljava/lang/Class;
org/springframework/boot/autoconfigure/task/TaskExecutionAutoConfiguration	taskExecutorBuilder	(Lorg/springframework/boot/autoconfigure/task/TaskExecutionProperties;Lorg/springframework/beans/factory/ObjectProvider;Lorg/springframework/beans/factory/ObjectProvider;)Lorg/springframework/boot/task/TaskExecutorBuilder;	INVOKE_VIRTUAL	java/lang/Object::getClass()Ljava/lang/Class;
org/springframework/boot/autoconfigure/thymeleaf/TemplateEngineConfigurations$DefaultTemplateEngineConfiguration	templateEngine	(Lorg/springframework/boot/autoconfigure/thymeleaf/ThymeleafProperties;Lorg/springframework/beans/factory/ObjectProvider;Lorg/springframework/beans/factory/ObjectProvider;)Lorg/thymeleaf/spring5/SpringTemplateEngine;	INVOKE_VIRTUAL	java/lang/Object::getClass()Ljava/lang/Class;
org/springframework/boot/autoconfigure/thymeleaf/TemplateEngineConfigurations$ReactiveTemplateEngineConfiguration	templateEngine	(Lorg/springframework/boot/autoconfigure/thymeleaf/ThymeleafProperties;Lorg/springframework/beans/factory/ObjectProvider;Lorg/springframework/beans/factory/ObjectProvider;)Lorg/thymeleaf/spring5/SpringWebFluxTemplateEngine;	INVOKE_VIRTUAL	java/lang/Object::getClass()Ljava/lang/Class;
org/springframework/boot/autoconfigure/thymeleaf/ThymeleafAutoConfiguration$ThymeleafWebFluxConfiguration	mapProperties	(Lorg/springframework/boot/autoconfigure/thymeleaf/ThymeleafProperties;Lorg/thymeleaf/spring5/view/reactive/ThymeleafReactiveViewResolver;)V	INVOKE_VIRTUAL	java/lang/Object::getClass()Ljava/lang/Class;
org/springframework/boot/autoconfigure/thymeleaf/ThymeleafAutoConfiguration$ThymeleafWebFluxConfiguration	mapReactiveProperties	(Lorg/springframework/boot/autoconfigure/thymeleaf/ThymeleafProperties$Reactive;Lorg/thymeleaf/spring5/view/reactive/ThymeleafReactiveViewResolver;)V	INVOKE_VIRTUAL	java/lang/Object::getClass()Ljava/lang/Class;
org/springframework/boot/autoconfigure/web/WebProperties$Resources$Cache$Cachecontrol	toHttpCacheControl	()Lorg/springframework/http/CacheControl;	INVOKE_VIRTUAL	java/lang/Object::getClass()Ljava/lang/Class;
org/springframework/boot/autoconfigure/web/embedded/JettyWebServerFactoryCustomizer	customize	(Lorg/springframework/boot/web/embedded/jetty/ConfigurableJettyWebServerFactory;)V	INVOKE_VIRTUAL	java/lang/Object::getClass()Ljava/lang/Class;
org/springframework/boot/autoconfigure/web/embedded/NettyWebServerFactoryCustomizer	customize	(Lorg/springframework/boot/web/embedded/netty/NettyReactiveWebServerFactory;)V	INVOKE_VIRTUAL	java/lang/Object::getClass()Ljava/lang/Class;
org/springframework/boot/autoconfigure/web/embedded/NettyWebServerFactoryCustomizer	lambda$null$10	(Lorg/springframework/boot/context/properties/PropertyMapper;Lreactor/netty/http/server/HttpRequestDecoderSpec;)Lreactor/netty/http/server/HttpRequestDecoderSpec;	GET_FIELD	org/springframework/boot/autoconfigure/web/embedded/NettyWebServerFactoryCustomizer::serverProperties|Lorg/springframework/boot/autoconfigure/web/ServerProperties;
org/springframework/boot/autoconfigure/web/embedded/NettyWebServerFactoryCustomizer	lambda$null$10	(Lorg/springframework/boot/context/properties/PropertyMapper;Lreactor/netty/http/server/HttpRequestDecoderSpec;)Lreactor/netty/http/server/HttpRequestDecoderSpec;	INVOKE_DYNAMIC	[java/lang/invoke/LambdaMetafactory::metafactory(Ljava/lang/invoke/MethodHandles$Lookup;Ljava/lang/String;Ljava/lang/invoke/MethodType;Ljava/lang/invoke/MethodType;Ljava/lang/invoke/MethodHandle;Ljava/lang/invoke/MethodType;)Ljava/lang/invoke/CallSite;]::accept(Lreactor/netty/http/server/HttpRequestDecoderSpec;)Ljava/util/function/Consumer;
org/springframework/boot/autoconfigure/web/embedded/NettyWebServerFactoryCustomizer	lambda$null$10	(Lorg/springframework/boot/context/properties/PropertyMapper;Lreactor/netty/http/server/HttpRequestDecoderSpec;)Lreactor/netty/http/server/HttpRequestDecoderSpec;	INVOKE_STATIC	java/lang/Boolean::valueOf(Z)Ljava/lang/Boolean;
org/springframework/boot/autoconfigure/web/embedded/NettyWebServerFactoryCustomizer	lambda$null$10	(Lorg/springframework/boot/context/properties/PropertyMapper;Lreactor/netty/http/server/HttpRequestDecoderSpec;)Lreactor/netty/http/server/HttpRequestDecoderSpec;	INVOKE_VIRTUAL	java/lang/Object::getClass()Ljava/lang/Class;
org/springframework/boot/autoconfigure/web/embedded/NettyWebServerFactoryCustomizer	lambda$null$10	(Lorg/springframework/boot/context/properties/PropertyMapper;Lreactor/netty/http/server/HttpRequestDecoderSpec;)Lreactor/netty/http/server/HttpRequestDecoderSpec;	INVOKE_VIRTUAL	org/springframework/boot/autoconfigure/web/ServerProperties$Netty::getH2cMaxContentLength()Lorg/springframework/util/unit/DataSize;
org/springframework/boot/autoconfigure/web/embedded/NettyWebServerFactoryCustomizer	lambda$null$10	(Lorg/springframework/boot/context/properties/PropertyMapper;Lreactor/netty/http/server/HttpRequestDecoderSpec;)Lreactor/netty/http/server/HttpRequestDecoderSpec;	INVOKE_VIRTUAL	org/springframework/boot/autoconfigure/web/ServerProperties$Netty::getInitialBufferSize()Lorg/springframework/util/unit/DataSize;
org/springframework/boot/autoconfigure/web/embedded/NettyWebServerFactoryCustomizer	lambda$null$10	(Lorg/springframework/boot/context/properties/PropertyMapper;Lreactor/netty/http/server/HttpRequestDecoderSpec;)Lreactor/netty/http/server/HttpRequestDecoderSpec;	INVOKE_VIRTUAL	org/springframework/boot/autoconfigure/web/ServerProperties$Netty::getMaxChunkSize()Lorg/springframework/util/unit/DataSize;
org/springframework/boot/autoconfigure/web/embedded/NettyWebServerFactoryCustomizer	lambda$null$10	(Lorg/springframework/boot/context/properties/PropertyMapper;Lreactor/netty/http/server/HttpRequestDecoderSpec;)Lreactor/netty/http/server/HttpRequestDecoderSpec;	INVOKE_VIRTUAL	org/springframework/boot/autoconfigure/web/ServerProperties$Netty::getMaxInitialLineLength()Lorg/springframework/util/unit/DataSize;
org/springframework/boot/autoconfigure/web/embedded/NettyWebServerFactoryCustomizer	lambda$null$10	(Lorg/springframework/boot/context/properties/PropertyMapper;Lreactor/netty/http/server/HttpRequestDecoderSpec;)Lreactor/netty/http/server/HttpRequestDecoderSpec;	INVOKE_VIRTUAL	org/springframework/boot/autoconfigure/web/ServerProperties$Netty::isValidateHeaders()Z
org/springframework/boot/autoconfigure/web/embedded/NettyWebServerFactoryCustomizer	lambda$null$10	(Lorg/springframework/boot/context/properties/PropertyMapper;Lreactor/netty/http/server/HttpRequestDecoderSpec;)Lreactor/netty/http/server/HttpRequestDecoderSpec;	INVOKE_VIRTUAL	org/springframework/boot/autoconfigure/web/ServerProperties::getMaxHttpHeaderSize()Lorg/springframework/util/unit/DataSize;
org/springframework/boot/autoconfigure/web/embedded/NettyWebServerFactoryCustomizer	lambda$null$10	(Lorg/springframework/boot/context/properties/PropertyMapper;Lreactor/netty/http/server/HttpRequestDecoderSpec;)Lreactor/netty/http/server/HttpRequestDecoderSpec;	INVOKE_VIRTUAL	org/springframework/boot/autoconfigure/web/ServerProperties::getNetty()Lorg/springframework/boot/autoconfigure/web/ServerProperties$Netty;
org/springframework/boot/autoconfigure/web/embedded/NettyWebServerFactoryCustomizer	lambda$null$10	(Lorg/springframework/boot/context/properties/PropertyMapper;Lreactor/netty/http/server/HttpRequestDecoderSpec;)Lreactor/netty/http/server/HttpRequestDecoderSpec;	INVOKE_VIRTUAL	org/springframework/boot/context/properties/PropertyMapper$Source::to(Ljava/util/function/Consumer;)V
org/springframework/boot/autoconfigure/web/embedded/NettyWebServerFactoryCustomizer	lambda$null$10	(Lorg/springframework/boot/context/properties/PropertyMapper;Lreactor/netty/http/server/HttpRequestDecoderSpec;)Lreactor/netty/http/server/HttpRequestDecoderSpec;	INVOKE_VIRTUAL	org/springframework/boot/context/properties/PropertyMapper$Source::whenNonNull()Lorg/springframework/boot/context/properties/PropertyMapper$Source;
org/springframework/boot/autoconfigure/web/embedded/NettyWebServerFactoryCustomizer	lambda$null$10	(Lorg/springframework/boot/context/properties/PropertyMapper;Lreactor/netty/http/server/HttpRequestDecoderSpec;)Lreactor/netty/http/server/HttpRequestDecoderSpec;	INVOKE_VIRTUAL	org/springframework/boot/context/properties/PropertyMapper::from(Ljava/lang/Object;)Lorg/springframework/boot/context/properties/PropertyMapper$Source;
org/springframework/boot/autoconfigure/web/embedded/NettyWebServerFactoryCustomizer	lambda$null$14	(JLreactor/netty/http/Http2SettingsSpec$Builder;)V	INVOKE_STATIC	reactor/netty/http/Http2SettingsSpec$Builder::maxHeaderListSize(J)Lreactor/netty/http/Http2SettingsSpec$Builder;
org/springframework/boot/autoconfigure/web/embedded/NettyWebServerFactoryCustomizer	lambda$null$5	(Lreactor/netty/http/server/HttpRequestDecoderSpec;Lorg/springframework/util/unit/DataSize;)V	INVOKE_VIRTUAL	org/springframework/util/unit/DataSize::toBytes()J
org/springframework/boot/autoconfigure/web/embedded/NettyWebServerFactoryCustomizer	lambda$null$5	(Lreactor/netty/http/server/HttpRequestDecoderSpec;Lorg/springframework/util/unit/DataSize;)V	INVOKE_VIRTUAL	reactor/netty/http/server/HttpRequestDecoderSpec::maxHeaderSize(I)Lreactor/netty/http/HttpDecoderSpec;
org/springframework/boot/autoconfigure/web/embedded/NettyWebServerFactoryCustomizer	lambda$null$6	(Lreactor/netty/http/server/HttpRequestDecoderSpec;Lorg/springframework/util/unit/DataSize;)V	INVOKE_VIRTUAL	org/springframework/util/unit/DataSize::toBytes()J
org/springframework/boot/autoconfigure/web/embedded/NettyWebServerFactoryCustomizer	lambda$null$6	(Lreactor/netty/http/server/HttpRequestDecoderSpec;Lorg/springframework/util/unit/DataSize;)V	INVOKE_VIRTUAL	reactor/netty/http/server/HttpRequestDecoderSpec::maxChunkSize(I)Lreactor/netty/http/HttpDecoderSpec;
org/springframework/boot/autoconfigure/web/embedded/NettyWebServerFactoryCustomizer	lambda$null$7	(Lreactor/netty/http/server/HttpRequestDecoderSpec;Lorg/springframework/util/unit/DataSize;)V	INVOKE_VIRTUAL	org/springframework/util/unit/DataSize::toBytes()J
org/springframework/boot/autoconfigure/web/embedded/NettyWebServerFactoryCustomizer	lambda$null$7	(Lreactor/netty/http/server/HttpRequestDecoderSpec;Lorg/springframework/util/unit/DataSize;)V	INVOKE_VIRTUAL	reactor/netty/http/server/HttpRequestDecoderSpec::maxInitialLineLength(I)Lreactor/netty/http/HttpDecoderSpec;
org/springframework/boot/autoconfigure/web/embedded/NettyWebServerFactoryCustomizer	lambda$null$8	(Lreactor/netty/http/server/HttpRequestDecoderSpec;Lorg/springframework/util/unit/DataSize;)V	INVOKE_VIRTUAL	org/springframework/util/unit/DataSize::toBytes()J
org/springframework/boot/autoconfigure/web/embedded/NettyWebServerFactoryCustomizer	lambda$null$8	(Lreactor/netty/http/server/HttpRequestDecoderSpec;Lorg/springframework/util/unit/DataSize;)V	INVOKE_VIRTUAL	reactor/netty/http/server/HttpRequestDecoderSpec::h2cMaxContentLength(I)Lreactor/netty/http/HttpDecoderSpec;
org/springframework/boot/autoconfigure/web/embedded/NettyWebServerFactoryCustomizer	lambda$null$9	(Lreactor/netty/http/server/HttpRequestDecoderSpec;Lorg/springframework/util/unit/DataSize;)V	INVOKE_VIRTUAL	org/springframework/util/unit/DataSize::toBytes()J
org/springframework/boot/autoconfigure/web/embedded/NettyWebServerFactoryCustomizer	lambda$null$9	(Lreactor/netty/http/server/HttpRequestDecoderSpec;Lorg/springframework/util/unit/DataSize;)V	INVOKE_VIRTUAL	reactor/netty/http/server/HttpRequestDecoderSpec::initialBufferSize(I)Lreactor/netty/http/HttpDecoderSpec;
org/springframework/boot/autoconfigure/web/embedded/TomcatWebServerFactoryCustomizer	customize	(Lorg/springframework/boot/web/embedded/tomcat/ConfigurableTomcatWebServerFactory;)V	INVOKE_VIRTUAL	java/lang/Object::getClass()Ljava/lang/Class;
org/springframework/boot/autoconfigure/web/embedded/TomcatWebServerFactoryCustomizer	customizeAccessLog	(Lorg/springframework/boot/web/embedded/tomcat/ConfigurableTomcatWebServerFactory;)V	INVOKE_VIRTUAL	java/lang/Object::getClass()Ljava/lang/Class;
org/springframework/boot/autoconfigure/web/embedded/TomcatWebServerFactoryCustomizer	lambda$null$30	(Lorg/apache/catalina/Context;Lorg/springframework/boot/autoconfigure/web/ServerProperties$Tomcat$Resource;Lorg/apache/catalina/LifecycleEvent;)V	CONSTANT	 type: class java.lang.String; value: configure_start
org/springframework/boot/autoconfigure/web/embedded/TomcatWebServerFactoryCustomizer	lambda$null$30	(Lorg/apache/catalina/Context;Lorg/springframework/boot/autoconfigure/web/ServerProperties$Tomcat$Resource;Lorg/apache/catalina/LifecycleEvent;)V	INVOKE_STATIC	org/apache/catalina/Context::getResources()Lorg/apache/catalina/WebResourceRoot;
org/springframework/boot/autoconfigure/web/embedded/TomcatWebServerFactoryCustomizer	lambda$null$30	(Lorg/apache/catalina/Context;Lorg/springframework/boot/autoconfigure/web/ServerProperties$Tomcat$Resource;Lorg/apache/catalina/LifecycleEvent;)V	INVOKE_STATIC	org/apache/catalina/WebResourceRoot::setCacheTtl(J)V
org/springframework/boot/autoconfigure/web/embedded/TomcatWebServerFactoryCustomizer	lambda$null$30	(Lorg/apache/catalina/Context;Lorg/springframework/boot/autoconfigure/web/ServerProperties$Tomcat$Resource;Lorg/apache/catalina/LifecycleEvent;)V	INVOKE_STATIC	org/apache/catalina/WebResourceRoot::setCachingAllowed(Z)V
org/springframework/boot/autoconfigure/web/embedded/TomcatWebServerFactoryCustomizer	lambda$null$30	(Lorg/apache/catalina/Context;Lorg/springframework/boot/autoconfigure/web/ServerProperties$Tomcat$Resource;Lorg/apache/catalina/LifecycleEvent;)V	INVOKE_VIRTUAL	java/lang/String::equals(Ljava/lang/Object;)Z
org/springframework/boot/autoconfigure/web/embedded/TomcatWebServerFactoryCustomizer	lambda$null$30	(Lorg/apache/catalina/Context;Lorg/springframework/boot/autoconfigure/web/ServerProperties$Tomcat$Resource;Lorg/apache/catalina/LifecycleEvent;)V	INVOKE_VIRTUAL	java/time/Duration::toMillis()J
org/springframework/boot/autoconfigure/web/embedded/TomcatWebServerFactoryCustomizer	lambda$null$30	(Lorg/apache/catalina/Context;Lorg/springframework/boot/autoconfigure/web/ServerProperties$Tomcat$Resource;Lorg/apache/catalina/LifecycleEvent;)V	INVOKE_VIRTUAL	org/apache/catalina/LifecycleEvent::getType()Ljava/lang/String;
org/springframework/boot/autoconfigure/web/embedded/TomcatWebServerFactoryCustomizer	lambda$null$30	(Lorg/apache/catalina/Context;Lorg/springframework/boot/autoconfigure/web/ServerProperties$Tomcat$Resource;Lorg/apache/catalina/LifecycleEvent;)V	INVOKE_VIRTUAL	org/springframework/boot/autoconfigure/web/ServerProperties$Tomcat$Resource::getCacheTtl()Ljava/time/Duration;
org/springframework/boot/autoconfigure/web/embedded/TomcatWebServerFactoryCustomizer	lambda$null$30	(Lorg/apache/catalina/Context;Lorg/springframework/boot/autoconfigure/web/ServerProperties$Tomcat$Resource;Lorg/apache/catalina/LifecycleEvent;)V	INVOKE_VIRTUAL	org/springframework/boot/autoconfigure/web/ServerProperties$Tomcat$Resource::isAllowCaching()Z
org/springframework/boot/autoconfigure/web/embedded/UndertowWebServerFactoryCustomizer	customize	(Lorg/springframework/boot/web/embedded/undertow/ConfigurableUndertowWebServerFactory;)V	INVOKE_VIRTUAL	java/lang/Object::getClass()Ljava/lang/Class;
org/springframework/boot/autoconfigure/web/embedded/UndertowWebServerFactoryCustomizer	mapAccessLogProperties	(Lorg/springframework/boot/web/embedded/undertow/ConfigurableUndertowWebServerFactory;)V	INVOKE_VIRTUAL	java/lang/Object::getClass()Ljava/lang/Class;
org/springframework/boot/autoconfigure/web/embedded/UndertowWebServerFactoryCustomizer	mapUndertowProperties	(Lorg/springframework/boot/web/embedded/undertow/ConfigurableUndertowWebServerFactory;Lorg/springframework/boot/autoconfigure/web/embedded/UndertowWebServerFactoryCustomizer$ServerOptions;)V	INVOKE_VIRTUAL	java/lang/Object::getClass()Ljava/lang/Class;
org/springframework/boot/autoconfigure/web/embedded/UndertowWebServerFactoryCustomizer$AbstractOptions	lambda$null$1	(Ljava/lang/String;)Ljava/lang/String;	CONSTANT	 type: class java.lang.String; value: ' in 
org/springframework/boot/autoconfigure/web/embedded/UndertowWebServerFactoryCustomizer$AbstractOptions	lambda$null$1	(Ljava/lang/String;)Ljava/lang/String;	CONSTANT	 type: class java.lang.String; value: Unable to find '
org/springframework/boot/autoconfigure/web/embedded/UndertowWebServerFactoryCustomizer$AbstractOptions	lambda$null$1	(Ljava/lang/String;)Ljava/lang/String;	GET_FIELD	org/springframework/boot/autoconfigure/web/embedded/UndertowWebServerFactoryCustomizer$AbstractOptions::source|Ljava/lang/Class;
org/springframework/boot/autoconfigure/web/embedded/UndertowWebServerFactoryCustomizer$AbstractOptions	lambda$null$1	(Ljava/lang/String;)Ljava/lang/String;	INVOKE_SPECIAL	java/lang/StringBuilder::<init>()V
org/springframework/boot/autoconfigure/web/embedded/UndertowWebServerFactoryCustomizer$AbstractOptions	lambda$null$1	(Ljava/lang/String;)Ljava/lang/String;	INVOKE_STATIC	org/springframework/util/ClassUtils::getShortName(Ljava/lang/Class;)Ljava/lang/String;
org/springframework/boot/autoconfigure/web/embedded/UndertowWebServerFactoryCustomizer$AbstractOptions	lambda$null$1	(Ljava/lang/String;)Ljava/lang/String;	INVOKE_VIRTUAL	java/lang/StringBuilder::append(Ljava/lang/String;)Ljava/lang/StringBuilder;
org/springframework/boot/autoconfigure/web/embedded/UndertowWebServerFactoryCustomizer$AbstractOptions	lambda$null$1	(Ljava/lang/String;)Ljava/lang/String;	INVOKE_VIRTUAL	java/lang/StringBuilder::toString()Ljava/lang/String;
org/springframework/boot/autoconfigure/web/embedded/UndertowWebServerFactoryCustomizer$AbstractOptions	lambda$null$2	(Ljava/util/function/Function;Ljava/lang/String;Ljava/lang/String;)V	GET_FIELD	org/springframework/boot/autoconfigure/web/embedded/UndertowWebServerFactoryCustomizer$AbstractOptions::nameLookup|Ljava/util/Map;
org/springframework/boot/autoconfigure/web/embedded/UndertowWebServerFactoryCustomizer$AbstractOptions	lambda$null$2	(Ljava/util/function/Function;Ljava/lang/String;Ljava/lang/String;)V	INVOKE_DYNAMIC	[java/lang/invoke/LambdaMetafactory::metafactory(Ljava/lang/invoke/MethodHandles$Lookup;Ljava/lang/String;Ljava/lang/invoke/MethodType;Ljava/lang/invoke/MethodType;Ljava/lang/invoke/MethodHandle;Ljava/lang/invoke/MethodType;)Ljava/lang/invoke/CallSite;]::get(Lorg/springframework/boot/autoconfigure/web/embedded/UndertowWebServerFactoryCustomizer$AbstractOptions;Ljava/lang/String;)Ljava/util/function/Supplier;
org/springframework/boot/autoconfigure/web/embedded/UndertowWebServerFactoryCustomizer$AbstractOptions	lambda$null$2	(Ljava/util/function/Function;Ljava/lang/String;Ljava/lang/String;)V	INVOKE_STATIC	java/util/Map::get(Ljava/lang/Object;)Ljava/lang/Object;
org/springframework/boot/autoconfigure/web/embedded/UndertowWebServerFactoryCustomizer$AbstractOptions	lambda$null$2	(Ljava/util/function/Function;Ljava/lang/String;Ljava/lang/String;)V	INVOKE_STATIC	java/util/function/Consumer::accept(Ljava/lang/Object;)V
org/springframework/boot/autoconfigure/web/embedded/UndertowWebServerFactoryCustomizer$AbstractOptions	lambda$null$2	(Ljava/util/function/Function;Ljava/lang/String;Ljava/lang/String;)V	INVOKE_STATIC	java/util/function/Function::apply(Ljava/lang/Object;)Ljava/lang/Object;
org/springframework/boot/autoconfigure/web/embedded/UndertowWebServerFactoryCustomizer$AbstractOptions	lambda$null$2	(Ljava/util/function/Function;Ljava/lang/String;Ljava/lang/String;)V	INVOKE_STATIC	org/springframework/boot/autoconfigure/web/embedded/UndertowWebServerFactoryCustomizer$AbstractOptions::getCanonicalName(Ljava/lang/String;)Ljava/lang/String;
org/springframework/boot/autoconfigure/web/embedded/UndertowWebServerFactoryCustomizer$AbstractOptions	lambda$null$2	(Ljava/util/function/Function;Ljava/lang/String;Ljava/lang/String;)V	INVOKE_STATIC	org/springframework/util/Assert::state(ZLjava/util/function/Supplier;)V
org/springframework/boot/autoconfigure/web/embedded/UndertowWebServerFactoryCustomizer$AbstractOptions	lambda$null$2	(Ljava/util/function/Function;Ljava/lang/String;Ljava/lang/String;)V	INVOKE_VIRTUAL	java/lang/Class::getClassLoader()Ljava/lang/ClassLoader;
org/springframework/boot/autoconfigure/web/embedded/UndertowWebServerFactoryCustomizer$AbstractOptions	lambda$null$2	(Ljava/util/function/Function;Ljava/lang/String;Ljava/lang/String;)V	INVOKE_VIRTUAL	java/lang/Object::getClass()Ljava/lang/Class;
org/springframework/boot/autoconfigure/web/embedded/UndertowWebServerFactoryCustomizer$AbstractOptions	lambda$null$2	(Ljava/util/function/Function;Ljava/lang/String;Ljava/lang/String;)V	INVOKE_VIRTUAL	org/xnio/Option::parseValue(Ljava/lang/String;Ljava/lang/ClassLoader;)Ljava/lang/Object;
org/springframework/boot/autoconfigure/web/embedded/UndertowWebServerFactoryCustomizer$ServerOptions	lambda$null$0	(Lorg/xnio/Option;Ljava/lang/Object;Lio/undertow/Undertow$Builder;)V	INVOKE_VIRTUAL	io/undertow/Undertow$Builder::setServerOption(Lorg/xnio/Option;Ljava/lang/Object;)Lio/undertow/Undertow$Builder;
org/springframework/boot/autoconfigure/web/embedded/UndertowWebServerFactoryCustomizer$SocketOptions	lambda$null$0	(Lorg/xnio/Option;Ljava/lang/Object;Lio/undertow/Undertow$Builder;)V	INVOKE_VIRTUAL	io/undertow/Undertow$Builder::setSocketOption(Lorg/xnio/Option;Ljava/lang/Object;)Lio/undertow/Undertow$Builder;
org/springframework/boot/autoconfigure/web/format/WebConversionService	registerJsr310	(Lorg/springframework/boot/autoconfigure/web/format/DateTimeFormatters;)V	INVOKE_VIRTUAL	java/lang/Object::getClass()Ljava/lang/Class;
org/springframework/boot/autoconfigure/web/reactive/ReactiveMultipartAutoConfiguration	lambda$null$0	(Ljava/lang/String;)Ljava/nio/file/Path;	INVOKE_STATIC	java/nio/file/Paths::get(Ljava/lang/String;[Ljava/lang/String;)Ljava/nio/file/Path;
org/springframework/boot/autoconfigure/web/reactive/ReactiveMultipartAutoConfiguration	lambda$null$1	(Lorg/springframework/http/codec/multipart/DefaultPartHttpMessageReader;Ljava/nio/file/Path;)V	INVOKE_SPECIAL	org/springframework/boot/autoconfigure/web/reactive/ReactiveMultipartAutoConfiguration::configureFileStorageDirectory(Lorg/springframework/http/codec/multipart/DefaultPartHttpMessageReader;Ljava/nio/file/Path;)V
org/springframework/boot/autoconfigure/web/reactive/ReactiveMultipartAutoConfiguration	lambda$null$2	(Lorg/springframework/boot/autoconfigure/web/reactive/ReactiveMultipartProperties;Ljava/lang/Object;)V	INVOKE_DYNAMIC	[java/lang/invoke/LambdaMetafactory::metafactory(Ljava/lang/invoke/MethodHandles$Lookup;Ljava/lang/String;Ljava/lang/invoke/MethodType;Ljava/lang/invoke/MethodType;Ljava/lang/invoke/MethodHandle;Ljava/lang/invoke/MethodType;)Ljava/lang/invoke/CallSite;]::accept(Lorg/springframework/boot/autoconfigure/web/reactive/ReactiveMultipartAutoConfiguration;Lorg/springframework/http/codec/multipart/DefaultPartHttpMessageReader;)Ljava/util/function/Consumer;
org/springframework/boot/autoconfigure/web/reactive/ReactiveMultipartAutoConfiguration	lambda$null$2	(Lorg/springframework/boot/autoconfigure/web/reactive/ReactiveMultipartProperties;Ljava/lang/Object;)V	INVOKE_DYNAMIC	[java/lang/invoke/LambdaMetafactory::metafactory(Ljava/lang/invoke/MethodHandles$Lookup;Ljava/lang/String;Ljava/lang/invoke/MethodType;Ljava/lang/invoke/MethodType;Ljava/lang/invoke/MethodHandle;Ljava/lang/invoke/MethodType;)Ljava/lang/invoke/CallSite;]::accept(Lorg/springframework/http/codec/multipart/DefaultPartHttpMessageReader;)Ljava/util/function/Consumer;
org/springframework/boot/autoconfigure/web/reactive/ReactiveMultipartAutoConfiguration	lambda$null$2	(Lorg/springframework/boot/autoconfigure/web/reactive/ReactiveMultipartProperties;Ljava/lang/Object;)V	INVOKE_DYNAMIC	[java/lang/invoke/LambdaMetafactory::metafactory(Ljava/lang/invoke/MethodHandles$Lookup;Ljava/lang/String;Ljava/lang/invoke/MethodType;Ljava/lang/invoke/MethodType;Ljava/lang/invoke/MethodHandle;Ljava/lang/invoke/MethodType;)Ljava/lang/invoke/CallSite;]::apply()Ljava/util/function/Function;
org/springframework/boot/autoconfigure/web/reactive/ReactiveMultipartAutoConfiguration	lambda$null$2	(Lorg/springframework/boot/autoconfigure/web/reactive/ReactiveMultipartProperties;Ljava/lang/Object;)V	INVOKE_DYNAMIC	[java/lang/invoke/LambdaMetafactory::metafactory(Ljava/lang/invoke/MethodHandles$Lookup;Ljava/lang/String;Ljava/lang/invoke/MethodType;Ljava/lang/invoke/MethodType;Ljava/lang/invoke/MethodHandle;Ljava/lang/invoke/MethodType;)Ljava/lang/invoke/CallSite;]::get(Lorg/springframework/boot/autoconfigure/web/reactive/ReactiveMultipartProperties;)Ljava/util/function/Supplier;
org/springframework/boot/autoconfigure/web/reactive/ReactiveMultipartAutoConfiguration	lambda$null$2	(Lorg/springframework/boot/autoconfigure/web/reactive/ReactiveMultipartProperties;Ljava/lang/Object;)V	INVOKE_STATIC	org/springframework/boot/context/properties/PropertyMapper::get()Lorg/springframework/boot/context/properties/PropertyMapper;
org/springframework/boot/autoconfigure/web/reactive/ReactiveMultipartAutoConfiguration	lambda$null$2	(Lorg/springframework/boot/autoconfigure/web/reactive/ReactiveMultipartProperties;Ljava/lang/Object;)V	INVOKE_VIRTUAL	java/lang/Object::getClass()Ljava/lang/Class;
org/springframework/boot/autoconfigure/web/reactive/ReactiveMultipartAutoConfiguration	lambda$null$2	(Lorg/springframework/boot/autoconfigure/web/reactive/ReactiveMultipartProperties;Ljava/lang/Object;)V	INVOKE_VIRTUAL	org/springframework/boot/context/properties/PropertyMapper$Source::as(Ljava/util/function/Function;)Lorg/springframework/boot/context/properties/PropertyMapper$Source;
org/springframework/boot/autoconfigure/web/reactive/ReactiveMultipartAutoConfiguration	lambda$null$2	(Lorg/springframework/boot/autoconfigure/web/reactive/ReactiveMultipartProperties;Ljava/lang/Object;)V	INVOKE_VIRTUAL	org/springframework/boot/context/properties/PropertyMapper$Source::asInt(Ljava/util/function/Function;)Lorg/springframework/boot/context/properties/PropertyMapper$Source;
org/springframework/boot/autoconfigure/web/reactive/ReactiveMultipartAutoConfiguration	lambda$null$2	(Lorg/springframework/boot/autoconfigure/web/reactive/ReactiveMultipartProperties;Ljava/lang/Object;)V	INVOKE_VIRTUAL	org/springframework/boot/context/properties/PropertyMapper$Source::to(Ljava/util/function/Consumer;)V
org/springframework/boot/autoconfigure/web/reactive/ReactiveMultipartAutoConfiguration	lambda$null$2	(Lorg/springframework/boot/autoconfigure/web/reactive/ReactiveMultipartProperties;Ljava/lang/Object;)V	INVOKE_VIRTUAL	org/springframework/boot/context/properties/PropertyMapper::alwaysApplyingWhenNonNull()Lorg/springframework/boot/context/properties/PropertyMapper;
org/springframework/boot/autoconfigure/web/reactive/ReactiveMultipartAutoConfiguration	lambda$null$2	(Lorg/springframework/boot/autoconfigure/web/reactive/ReactiveMultipartProperties;Ljava/lang/Object;)V	INVOKE_VIRTUAL	org/springframework/boot/context/properties/PropertyMapper::from(Ljava/util/function/Supplier;)Lorg/springframework/boot/context/properties/PropertyMapper$Source;
org/springframework/boot/autoconfigure/web/reactive/ReactiveWebServerFactoryConfiguration$EmbeddedNetty	nettyReactiveWebServerFactory	(Lorg/springframework/http/client/reactive/ReactorResourceFactory;Lorg/springframework/beans/factory/ObjectProvider;Lorg/springframework/beans/factory/ObjectProvider;)Lorg/springframework/boot/web/embedded/netty/NettyReactiveWebServerFactory;	INVOKE_VIRTUAL	java/lang/Object::getClass()Ljava/lang/Class;
org/springframework/boot/autoconfigure/web/reactive/ReactiveWebServerFactoryCustomizer	customize	(Lorg/springframework/boot/web/reactive/server/ConfigurableReactiveWebServerFactory;)V	INVOKE_VIRTUAL	java/lang/Object::getClass()Ljava/lang/Class;
org/springframework/boot/autoconfigure/web/reactive/WebFluxAutoConfiguration$EnableWebFluxConfiguration	webSessionManager	(Lorg/springframework/beans/factory/ObjectProvider;)Lorg/springframework/web/server/session/WebSessionManager;	INVOKE_VIRTUAL	java/lang/Object::getClass()Ljava/lang/Class;
org/springframework/boot/autoconfigure/web/reactive/WebFluxAutoConfiguration$WebFluxConfig	configureArgumentResolvers	(Lorg/springframework/web/reactive/result/method/annotation/ArgumentResolverConfigurer;)V	INVOKE_VIRTUAL	java/lang/Object::getClass()Ljava/lang/Class;
org/springframework/boot/autoconfigure/web/reactive/WebFluxAutoConfiguration$WebFluxConfig	configureViewResolvers	(Lorg/springframework/web/reactive/config/ViewResolverRegistry;)V	INVOKE_VIRTUAL	java/lang/Object::getClass()Ljava/lang/Class;
org/springframework/boot/autoconfigure/web/reactive/WebSessionIdResolverAutoConfiguration	initializeCookie	(Lorg/springframework/http/ResponseCookie$ResponseCookieBuilder;)V	INVOKE_VIRTUAL	java/lang/Object::getClass()Ljava/lang/Class;
org/springframework/boot/autoconfigure/web/reactive/error/DefaultErrorWebExceptionHandler	lambda$acceptsTextHtml$1	(Lorg/springframework/web/reactive/function/server/ServerRequest;)Z	INVOKE_VIRTUAL	java/lang/Object::getClass()Ljava/lang/Class;
org/springframework/boot/autoconfigure/web/reactive/function/client/ClientHttpConnectorConfiguration$ReactorNetty	lambda$null$0	(Lorg/springframework/boot/autoconfigure/web/reactive/function/client/ReactorNettyHttpClientMapper;Lorg/springframework/boot/autoconfigure/web/reactive/function/client/ReactorNettyHttpClientMapper;Lreactor/netty/http/client/HttpClient;)Lreactor/netty/http/client/HttpClient;	INVOKE_STATIC	org/springframework/boot/autoconfigure/web/reactive/function/client/ReactorNettyHttpClientMapper::configure(Lreactor/netty/http/client/HttpClient;)Lreactor/netty/http/client/HttpClient;
org/springframework/boot/autoconfigure/web/reactive/function/client/ClientHttpConnectorConfiguration$ReactorNetty	reactorClientHttpConnector	(Lorg/springframework/http/client/reactive/ReactorResourceFactory;Lorg/springframework/beans/factory/ObjectProvider;)Lorg/springframework/http/client/reactive/ReactorClientHttpConnector;	INVOKE_VIRTUAL	java/lang/Object::getClass()Ljava/lang/Class;
org/springframework/boot/autoconfigure/web/reactive/function/client/WebClientCodecCustomizer	lambda$null$0	(Lorg/springframework/http/codec/ClientCodecConfigurer;Lorg/springframework/boot/web/codec/CodecCustomizer;)V	INVOKE_STATIC	org/springframework/boot/web/codec/CodecCustomizer::customize(Lorg/springframework/http/codec/CodecConfigurer;)V
org/springframework/boot/autoconfigure/web/servlet/DispatcherServletAutoConfiguration$DispatcherServletRegistrationConfiguration	dispatcherServletRegistration	(Lorg/springframework/web/servlet/DispatcherServlet;Lorg/springframework/boot/autoconfigure/web/servlet/WebMvcProperties;Lorg/springframework/beans/factory/ObjectProvider;)Lorg/springframework/boot/autoconfigure/web/servlet/DispatcherServletRegistrationBean;	INVOKE_VIRTUAL	java/lang/Object::getClass()Ljava/lang/Class;
org/springframework/boot/autoconfigure/web/servlet/MultipartProperties	createMultipartConfig	()Ljavax/servlet/MultipartConfigElement;	INVOKE_VIRTUAL	java/lang/Object::getClass()Ljava/lang/Class;
org/springframework/boot/autoconfigure/web/servlet/ServletWebServerFactoryCustomizer	customize	(Lorg/springframework/boot/web/servlet/server/ConfigurableServletWebServerFactory;)V	INVOKE_VIRTUAL	java/lang/Object::getClass()Ljava/lang/Class;
org/springframework/boot/autoconfigure/web/servlet/WebMvcAutoConfiguration$WebMvcAutoConfigurationAdapter	configureContentNegotiation	(Lorg/springframework/web/servlet/config/annotation/ContentNegotiationConfigurer;)V	INVOKE_VIRTUAL	java/lang/Object::getClass()Ljava/lang/Class;
org/springframework/boot/autoconfigure/web/servlet/WebMvcAutoConfiguration$WebMvcAutoConfigurationAdapter	singleDispatcherServlet	()Z	INVOKE_VIRTUAL	java/lang/Object::getClass()Ljava/lang/Class;
org/springframework/boot/autoconfigure/webservices/WebServicesAutoConfiguration	messageDispatcherServlet	(Lorg/springframework/context/ApplicationContext;Lorg/springframework/boot/autoconfigure/webservices/WebServicesProperties;)Lorg/springframework/boot/web/servlet/ServletRegistrationBean;	INVOKE_VIRTUAL	java/lang/Object::getClass()Ljava/lang/Class;
