mvnc	com/google/jimfs	jimfs	1.2	com.google.common.jimfs.PosixAttributeProvider_ESTest	com/google/common/jimfs	com/google/common/jimfs/DirectoryEntry	<init>	(Lcom/google/common/jimfs/Directory;Lcom/google/common/jimfs/Name;Lcom/google/common/jimfs/File;)V
mvnc	com/google/jimfs	jimfs	1.2	com.google.common.jimfs.PosixAttributeProvider_ESTest	com/google/common/jimfs	com/google/common/jimfs/DirectoryEntry	exists	()Z
mvnc	com/google/jimfs	jimfs	1.2	com.google.common.jimfs.PosixAttributeProvider_ESTest	com/google/common/jimfs	com/google/common/jimfs/DirectoryEntry	directory	()Lcom/google/common/jimfs/Directory;
mvnc	com/google/jimfs	jimfs	1.2	com.google.common.jimfs.PosixAttributeProvider_ESTest	com/google/common/jimfs	com/google/common/jimfs/DirectoryEntry	name	()Lcom/google/common/jimfs/Name;
mvnc	com/google/jimfs	jimfs	1.2	com.google.common.jimfs.PosixAttributeProvider_ESTest	com/google/common/jimfs	com/google/common/jimfs/DirectoryEntry	file	()Lcom/google/common/jimfs/File;
mvnc	com/google/jimfs	jimfs	1.2	com.google.common.jimfs.PosixAttributeProvider_ESTest	com/google/common/jimfs	com/google/common/jimfs/FileFactory$DirectorySupplier	<init>	(Lcom/google/common/jimfs/FileFactory;)V
mvnc	com/google/jimfs	jimfs	1.2	com.google.common.jimfs.PosixAttributeProvider_ESTest	com/google/common/jimfs	com/google/common/jimfs/JimfsFileSystemProvider	<init>	()V
mvnc	com/google/jimfs	jimfs	1.2	com.google.common.jimfs.PosixAttributeProvider_ESTest	com/google/common/jimfs	com/google/common/jimfs/JimfsFileSystemProvider	<clinit>	()V
mvnc	com/google/jimfs	jimfs	1.2	com.google.common.jimfs.PosixAttributeProvider_ESTest	com/google/common/jimfs	com/google/common/jimfs/BasicAttributeProvider$Attributes	<init>	(Lcom/google/common/jimfs/File;)V
mvnc	com/google/jimfs	jimfs	1.2	com.google.common.jimfs.PosixAttributeProvider_ESTest	com/google/common/jimfs	com/google/common/jimfs/BasicAttributeProvider$Attributes	isOther	()Z
mvnc	com/google/jimfs	jimfs	1.2	com.google.common.jimfs.PosixAttributeProvider_ESTest	com/google/common/jimfs	com/google/common/jimfs/FileFactory$RegularFileSupplier	<init>	(Lcom/google/common/jimfs/FileFactory;)V
mvnc	com/google/jimfs	jimfs	1.2	com.google.common.jimfs.PosixAttributeProvider_ESTest	com/google/common/jimfs	com/google/common/jimfs/PathService	<clinit>	()V
mvnc	com/google/jimfs	jimfs	1.2	com.google.common.jimfs.PosixAttributeProvider_ESTest	com/google/common/jimfs	com/google/common/jimfs/PathType	unix	()Lcom/google/common/jimfs/PathType;
mvnc	com/google/jimfs	jimfs	1.2	com.google.common.jimfs.PosixAttributeProvider_ESTest	com/google/common/jimfs	com/google/common/jimfs/PathType	windows	()Lcom/google/common/jimfs/PathType;
mvnc	com/google/jimfs	jimfs	1.2	com.google.common.jimfs.PosixAttributeProvider_ESTest	com/google/common/jimfs	com/google/common/jimfs/PathType	<init>	(ZC[C)V
mvnc	com/google/jimfs	jimfs	1.2	com.google.common.jimfs.PosixAttributeProvider_ESTest	com/google/common/jimfs	com/google/common/jimfs/PathType	isRegexReserved	(C)Z
mvnc	com/google/jimfs	jimfs	1.2	com.google.common.jimfs.PosixAttributeProvider_ESTest	com/google/common/jimfs	com/google/common/jimfs/PathType	createSplitter	(C[C)Lcom/google/common/base/Splitter;
mvnc	com/google/jimfs	jimfs	1.2	com.google.common.jimfs.PosixAttributeProvider_ESTest	com/google/common/jimfs	com/google/common/jimfs/PathType	appendToRegex	(CLjava/lang/StringBuilder;)V
mvnc	com/google/jimfs	jimfs	1.2	com.google.common.jimfs.PosixAttributeProvider_ESTest	com/google/common/jimfs	com/google/common/jimfs/PathType	splitter	()Lcom/google/common/base/Splitter;
mvnc	com/google/jimfs	jimfs	1.2	com.google.common.jimfs.PosixAttributeProvider_ESTest	com/google/common/jimfs	com/google/common/jimfs/PathType	<clinit>	()V
mvnc	com/google/jimfs	jimfs	1.2	com.google.common.jimfs.PosixAttributeProvider_ESTest	com/google/common/jimfs	com/google/common/jimfs/Configuration$Builder	<init>	(Lcom/google/common/jimfs/PathType;)V
mvnc	com/google/jimfs	jimfs	1.2	com.google.common.jimfs.PosixAttributeProvider_ESTest	com/google/common/jimfs	com/google/common/jimfs/Configuration$Builder	<init>	(Lcom/google/common/jimfs/Configuration;)V
mvnc	com/google/jimfs	jimfs	1.2	com.google.common.jimfs.PosixAttributeProvider_ESTest	com/google/common/jimfs	com/google/common/jimfs/Configuration$Builder	setNameDisplayNormalization	(Lcom/google/common/jimfs/PathNormalization;[Lcom/google/common/jimfs/PathNormalization;)Lcom/google/common/jimfs/Configuration$Builder;
mvnc	com/google/jimfs	jimfs	1.2	com.google.common.jimfs.PosixAttributeProvider_ESTest	com/google/common/jimfs	com/google/common/jimfs/Configuration$Builder	setNameCanonicalNormalization	(Lcom/google/common/jimfs/PathNormalization;[Lcom/google/common/jimfs/PathNormalization;)Lcom/google/common/jimfs/Configuration$Builder;
mvnc	com/google/jimfs	jimfs	1.2	com.google.common.jimfs.PosixAttributeProvider_ESTest	com/google/common/jimfs	com/google/common/jimfs/Configuration$Builder	checkNormalizations	(Ljava/util/List;)Lcom/google/common/collect/ImmutableSet;
mvnc	com/google/jimfs	jimfs	1.2	com.google.common.jimfs.PosixAttributeProvider_ESTest	com/google/common/jimfs	com/google/common/jimfs/Configuration$Builder	checkNormalizationNotSet	(Lcom/google/common/jimfs/PathNormalization;Lcom/google/common/jimfs/PathNormalization;)V
mvnc	com/google/jimfs	jimfs	1.2	com.google.common.jimfs.PosixAttributeProvider_ESTest	com/google/common/jimfs	com/google/common/jimfs/Configuration$Builder	setPathEqualityUsesCanonicalForm	(Z)Lcom/google/common/jimfs/Configuration$Builder;
mvnc	com/google/jimfs	jimfs	1.2	com.google.common.jimfs.PosixAttributeProvider_ESTest	com/google/common/jimfs	com/google/common/jimfs/Configuration$Builder	setAttributeViews	(Ljava/lang/String;[Ljava/lang/String;)Lcom/google/common/jimfs/Configuration$Builder;
mvnc	com/google/jimfs	jimfs	1.2	com.google.common.jimfs.PosixAttributeProvider_ESTest	com/google/common/jimfs	com/google/common/jimfs/Configuration$Builder	setRoots	(Ljava/lang/String;[Ljava/lang/String;)Lcom/google/common/jimfs/Configuration$Builder;
mvnc	com/google/jimfs	jimfs	1.2	com.google.common.jimfs.PosixAttributeProvider_ESTest	com/google/common/jimfs	com/google/common/jimfs/Configuration$Builder	setWorkingDirectory	(Ljava/lang/String;)Lcom/google/common/jimfs/Configuration$Builder;
mvnc	com/google/jimfs	jimfs	1.2	com.google.common.jimfs.PosixAttributeProvider_ESTest	com/google/common/jimfs	com/google/common/jimfs/Configuration$Builder	setSupportedFeatures	([Lcom/google/common/jimfs/Feature;)Lcom/google/common/jimfs/Configuration$Builder;
mvnc	com/google/jimfs	jimfs	1.2	com.google.common.jimfs.PosixAttributeProvider_ESTest	com/google/common/jimfs	com/google/common/jimfs/Configuration$Builder	setDisplayName	(Ljava/lang/String;)Lcom/google/common/jimfs/Configuration$Builder;
mvnc	com/google/jimfs	jimfs	1.2	com.google.common.jimfs.PosixAttributeProvider_ESTest	com/google/common/jimfs	com/google/common/jimfs/Configuration$Builder	build	()Lcom/google/common/jimfs/Configuration;
mvnc	com/google/jimfs	jimfs	1.2	com.google.common.jimfs.PosixAttributeProvider_ESTest	com/google/common/jimfs	com/google/common/jimfs/Configuration$Builder	<clinit>	()V
mvnc	com/google/jimfs	jimfs	1.2	com.google.common.jimfs.PosixAttributeProvider_ESTest	com/google/common/jimfs	com/google/common/jimfs/PathType$ParseResult	<init>	(Ljava/lang/String;Ljava/lang/Iterable;)V
mvnc	com/google/jimfs	jimfs	1.2	com.google.common.jimfs.PosixAttributeProvider_ESTest	com/google/common/jimfs	com/google/common/jimfs/PathType$ParseResult	isAbsolute	()Z
mvnc	com/google/jimfs	jimfs	1.2	com.google.common.jimfs.PosixAttributeProvider_ESTest	com/google/common/jimfs	com/google/common/jimfs/PathType$ParseResult	isRoot	()Z
mvnc	com/google/jimfs	jimfs	1.2	com.google.common.jimfs.PosixAttributeProvider_ESTest	com/google/common/jimfs	com/google/common/jimfs/Name$1	<init>	()V
mvnc	com/google/jimfs	jimfs	1.2	com.google.common.jimfs.PosixAttributeProvider_ESTest	com/google/common/jimfs	com/google/common/jimfs/Name$2	<init>	()V
mvnc	com/google/jimfs	jimfs	1.2	com.google.common.jimfs.PosixAttributeProvider_ESTest	com/google/common/jimfs	com/google/common/jimfs/UserDefinedAttributeProvider	<init>	()V
mvnc	com/google/jimfs	jimfs	1.2	com.google.common.jimfs.PosixAttributeProvider_ESTest	com/google/common/jimfs	com/google/common/jimfs/PosixAttributeProvider$Attributes	<init>	(Lcom/google/common/jimfs/File;)V
mvnc	com/google/jimfs	jimfs	1.2	com.google.common.jimfs.PosixAttributeProvider_ESTest	com/google/common/jimfs	com/google/common/jimfs/PosixAttributeProvider$Attributes	owner	()Ljava/nio/file/attribute/UserPrincipal;
mvnc	com/google/jimfs	jimfs	1.2	com.google.common.jimfs.PosixAttributeProvider_ESTest	com/google/common/jimfs	com/google/common/jimfs/PosixAttributeProvider$Attributes	group	()Ljava/nio/file/attribute/GroupPrincipal;
mvnc	com/google/jimfs	jimfs	1.2	com.google.common.jimfs.PosixAttributeProvider_ESTest	com/google/common/jimfs	com/google/common/jimfs/PosixAttributeProvider$Attributes	permissions	()Lcom/google/common/collect/ImmutableSet;
mvnc	com/google/jimfs	jimfs	1.2	com.google.common.jimfs.PosixAttributeProvider_ESTest	com/google/common/jimfs	com/google/common/jimfs/Util	smearHash	(I)I
mvnc	com/google/jimfs	jimfs	1.2	com.google.common.jimfs.PosixAttributeProvider_ESTest	com/google/common/jimfs	com/google/common/jimfs/Util	<clinit>	()V
mvnc	com/google/jimfs	jimfs	1.2	com.google.common.jimfs.PosixAttributeProvider_ESTest	com/google/common/jimfs	com/google/common/jimfs/Configuration$WindowsHolder	<clinit>	()V
mvnc	com/google/jimfs	jimfs	1.2	com.google.common.jimfs.PosixAttributeProvider_ESTest	com/google/common/jimfs	com/google/common/jimfs/RegularFile	create	(ILcom/google/common/jimfs/HeapDisk;)Lcom/google/common/jimfs/RegularFile;
mvnc	com/google/jimfs	jimfs	1.2	com.google.common.jimfs.PosixAttributeProvider_ESTest	com/google/common/jimfs	com/google/common/jimfs/RegularFile	<init>	(ILcom/google/common/jimfs/HeapDisk;[[BIJ)V
mvnc	com/google/jimfs	jimfs	1.2	com.google.common.jimfs.PosixAttributeProvider_ESTest	com/google/common/jimfs	com/google/common/jimfs/RegularFile	readLock	()Ljava/util/concurrent/locks/Lock;
mvnc	com/google/jimfs	jimfs	1.2	com.google.common.jimfs.PosixAttributeProvider_ESTest	com/google/common/jimfs	com/google/common/jimfs/RegularFile	size	()J
mvnc	com/google/jimfs	jimfs	1.2	com.google.common.jimfs.PosixAttributeProvider_ESTest	com/google/common/jimfs	com/google/common/jimfs/UserLookupService$JimfsUserPrincipal	<init>	(Ljava/lang/String;)V
mvnc	com/google/jimfs	jimfs	1.2	com.google.common.jimfs.PosixAttributeProvider_ESTest	com/google/common/jimfs	com/google/common/jimfs/Handler	register	()V
mvnc	com/google/jimfs	jimfs	1.2	com.google.common.jimfs.PosixAttributeProvider_ESTest	com/google/common/jimfs	com/google/common/jimfs/Handler	register	(Ljava/lang/Class;)V
mvnc	com/google/jimfs	jimfs	1.2	com.google.common.jimfs.PosixAttributeProvider_ESTest	com/google/common/jimfs	com/google/common/jimfs/Directory	create	(I)Lcom/google/common/jimfs/Directory;
mvnc	com/google/jimfs	jimfs	1.2	com.google.common.jimfs.PosixAttributeProvider_ESTest	com/google/common/jimfs	com/google/common/jimfs/Directory	createRoot	(ILcom/google/common/jimfs/Name;)Lcom/google/common/jimfs/Directory;
mvnc	com/google/jimfs	jimfs	1.2	com.google.common.jimfs.PosixAttributeProvider_ESTest	com/google/common/jimfs	com/google/common/jimfs/Directory	<init>	(I)V
mvnc	com/google/jimfs	jimfs	1.2	com.google.common.jimfs.PosixAttributeProvider_ESTest	com/google/common/jimfs	com/google/common/jimfs/Directory	<init>	(ILcom/google/common/jimfs/Name;)V
mvnc	com/google/jimfs	jimfs	1.2	com.google.common.jimfs.PosixAttributeProvider_ESTest	com/google/common/jimfs	com/google/common/jimfs/Directory	linked	(Lcom/google/common/jimfs/DirectoryEntry;)V
mvnc	com/google/jimfs	jimfs	1.2	com.google.common.jimfs.PosixAttributeProvider_ESTest	com/google/common/jimfs	com/google/common/jimfs/Directory	bucketIndex	(Lcom/google/common/jimfs/Name;I)I
mvnc	com/google/jimfs	jimfs	1.2	com.google.common.jimfs.PosixAttributeProvider_ESTest	com/google/common/jimfs	com/google/common/jimfs/Directory	put	(Lcom/google/common/jimfs/DirectoryEntry;)V
mvnc	com/google/jimfs	jimfs	1.2	com.google.common.jimfs.PosixAttributeProvider_ESTest	com/google/common/jimfs	com/google/common/jimfs/Directory	put	(Lcom/google/common/jimfs/DirectoryEntry;Z)V
mvnc	com/google/jimfs	jimfs	1.2	com.google.common.jimfs.PosixAttributeProvider_ESTest	com/google/common/jimfs	com/google/common/jimfs/Directory	forcePut	(Lcom/google/common/jimfs/DirectoryEntry;)V
mvnc	com/google/jimfs	jimfs	1.2	com.google.common.jimfs.PosixAttributeProvider_ESTest	com/google/common/jimfs	com/google/common/jimfs/Directory	expandIfNeeded	()Z
mvnc	com/google/jimfs	jimfs	1.2	com.google.common.jimfs.PosixAttributeProvider_ESTest	com/google/common/jimfs	com/google/common/jimfs/Configuration	unix	()Lcom/google/common/jimfs/Configuration;
mvnc	com/google/jimfs	jimfs	1.2	com.google.common.jimfs.PosixAttributeProvider_ESTest	com/google/common/jimfs	com/google/common/jimfs/Configuration	osX	()Lcom/google/common/jimfs/Configuration;
mvnc	com/google/jimfs	jimfs	1.2	com.google.common.jimfs.PosixAttributeProvider_ESTest	com/google/common/jimfs	com/google/common/jimfs/Configuration	builder	(Lcom/google/common/jimfs/PathType;)Lcom/google/common/jimfs/Configuration$Builder;
mvnc	com/google/jimfs	jimfs	1.2	com.google.common.jimfs.PosixAttributeProvider_ESTest	com/google/common/jimfs	com/google/common/jimfs/Configuration	<init>	(Lcom/google/common/jimfs/Configuration$Builder;)V
mvnc	com/google/jimfs	jimfs	1.2	com.google.common.jimfs.PosixAttributeProvider_ESTest	com/google/common/jimfs	com/google/common/jimfs/Configuration	toBuilder	()Lcom/google/common/jimfs/Configuration$Builder;
mvnc	com/google/jimfs	jimfs	1.2	com.google.common.jimfs.PosixAttributeProvider_ESTest	com/google/common/jimfs	com/google/common/jimfs/AttributeProvider	<init>	()V
mvnc	com/google/jimfs	jimfs	1.2	com.google.common.jimfs.PosixAttributeProvider_ESTest	com/google/common/jimfs	com/google/common/jimfs/PathNormalization$1	<init>	(Ljava/lang/String;II)V
mvnc	com/google/jimfs	jimfs	1.2	com.google.common.jimfs.PosixAttributeProvider_ESTest	com/google/common/jimfs	com/google/common/jimfs/FileTree	<clinit>	()V
mvnc	com/google/jimfs	jimfs	1.2	com.google.common.jimfs.PosixAttributeProvider_ESTest	com/google/common/jimfs	com/google/common/jimfs/PathNormalization$3	<init>	(Ljava/lang/String;II)V
mvnc	com/google/jimfs	jimfs	1.2	com.google.common.jimfs.PosixAttributeProvider_ESTest	com/google/common/jimfs	com/google/common/jimfs/PathNormalization$2	<init>	(Ljava/lang/String;II)V
mvnc	com/google/jimfs	jimfs	1.2	com.google.common.jimfs.PosixAttributeProvider_ESTest	com/google/common/jimfs	com/google/common/jimfs/UserLookupService$JimfsGroupPrincipal	<init>	(Ljava/lang/String;)V
mvnc	com/google/jimfs	jimfs	1.2	com.google.common.jimfs.PosixAttributeProvider_ESTest	com/google/common/jimfs	com/google/common/jimfs/PathNormalization$5	<init>	(Ljava/lang/String;II)V
mvnc	com/google/jimfs	jimfs	1.2	com.google.common.jimfs.PosixAttributeProvider_ESTest	com/google/common/jimfs	com/google/common/jimfs/PathNormalization$4	<init>	(Ljava/lang/String;II)V
mvnc	com/google/jimfs	jimfs	1.2	com.google.common.jimfs.PosixAttributeProvider_ESTest	com/google/common/jimfs	com/google/common/jimfs/WatchServiceConfiguration$PollingConfig	<init>	(JLjava/util/concurrent/TimeUnit;)V
mvnc	com/google/jimfs	jimfs	1.2	com.google.common.jimfs.PosixAttributeProvider_ESTest	com/google/common/jimfs	com/google/common/jimfs/PathService$1	<init>	()V
mvnc	com/google/jimfs	jimfs	1.2	com.google.common.jimfs.PosixAttributeProvider_ESTest	com/google/common/jimfs	com/google/common/jimfs/StandardAttributeProviders	<clinit>	()V
mvnc	com/google/jimfs	jimfs	1.2	com.google.common.jimfs.PosixAttributeProvider_ESTest	com/google/common/jimfs	com/google/common/jimfs/WatchServiceConfiguration	polling	(JLjava/util/concurrent/TimeUnit;)Lcom/google/common/jimfs/WatchServiceConfiguration;
mvnc	com/google/jimfs	jimfs	1.2	com.google.common.jimfs.PosixAttributeProvider_ESTest	com/google/common/jimfs	com/google/common/jimfs/WatchServiceConfiguration	<init>	()V
mvnc	com/google/jimfs	jimfs	1.2	com.google.common.jimfs.PosixAttributeProvider_ESTest	com/google/common/jimfs	com/google/common/jimfs/WatchServiceConfiguration	<clinit>	()V
mvnc	com/google/jimfs	jimfs	1.2	com.google.common.jimfs.PosixAttributeProvider_ESTest	com/google/common/jimfs	com/google/common/jimfs/PathNormalization	<init>	(Ljava/lang/String;II)V
mvnc	com/google/jimfs	jimfs	1.2	com.google.common.jimfs.PosixAttributeProvider_ESTest	com/google/common/jimfs	com/google/common/jimfs/PathNormalization	<clinit>	()V
mvnc	com/google/jimfs	jimfs	1.2	com.google.common.jimfs.PosixAttributeProvider_ESTest	com/google/common/jimfs	com/google/common/jimfs/AttributeService	<clinit>	()V
mvnc	com/google/jimfs	jimfs	1.2	com.google.common.jimfs.PosixAttributeProvider_ESTest	com/google/common/jimfs	com/google/common/jimfs/PosixAttributeProvider$View	<init>	(Lcom/google/common/jimfs/FileLookup;Ljava/nio/file/attribute/BasicFileAttributeView;Ljava/nio/file/attribute/FileOwnerAttributeView;)V
mvnc	com/google/jimfs	jimfs	1.2	com.google.common.jimfs.PosixAttributeProvider_ESTest	com/google/common/jimfs	com/google/common/jimfs/AbstractAttributeView	<init>	(Lcom/google/common/jimfs/FileLookup;)V
mvnc	com/google/jimfs	jimfs	1.2	com.google.common.jimfs.PosixAttributeProvider_ESTest	com/google/common/jimfs	com/google/common/jimfs/DosAttributeProvider	<init>	()V
mvnc	com/google/jimfs	jimfs	1.2	com.google.common.jimfs.PosixAttributeProvider_ESTest	com/google/common/jimfs	com/google/common/jimfs/DosAttributeProvider	<clinit>	()V
mvnc	com/google/jimfs	jimfs	1.2	com.google.common.jimfs.PosixAttributeProvider_ESTest	com/google/common/jimfs	com/google/common/jimfs/PollingWatchService	<clinit>	()V
mvnc	com/google/jimfs	jimfs	1.2	com.google.common.jimfs.PosixAttributeProvider_ESTest	com/google/common/jimfs	com/google/common/jimfs/OwnerAttributeProvider	<init>	()V
mvnc	com/google/jimfs	jimfs	1.2	com.google.common.jimfs.PosixAttributeProvider_ESTest	com/google/common/jimfs	com/google/common/jimfs/OwnerAttributeProvider	<clinit>	()V
mvnc	com/google/jimfs	jimfs	1.2	com.google.common.jimfs.PosixAttributeProvider_ESTest	com/google/common/jimfs	com/google/common/jimfs/Configuration$OsxHolder	<clinit>	()V
mvnc	com/google/jimfs	jimfs	1.2	com.google.common.jimfs.PosixAttributeProvider_ESTest	com/google/common/jimfs	com/google/common/jimfs/File	<init>	(I)V
mvnc	com/google/jimfs	jimfs	1.2	com.google.common.jimfs.PosixAttributeProvider_ESTest	com/google/common/jimfs	com/google/common/jimfs/File	id	()I
mvnc	com/google/jimfs	jimfs	1.2	com.google.common.jimfs.PosixAttributeProvider_ESTest	com/google/common/jimfs	com/google/common/jimfs/File	size	()J
mvnc	com/google/jimfs	jimfs	1.2	com.google.common.jimfs.PosixAttributeProvider_ESTest	com/google/common/jimfs	com/google/common/jimfs/File	isDirectory	()Z
mvnc	com/google/jimfs	jimfs	1.2	com.google.common.jimfs.PosixAttributeProvider_ESTest	com/google/common/jimfs	com/google/common/jimfs/File	isRegularFile	()Z
mvnc	com/google/jimfs	jimfs	1.2	com.google.common.jimfs.PosixAttributeProvider_ESTest	com/google/common/jimfs	com/google/common/jimfs/File	isSymbolicLink	()Z
mvnc	com/google/jimfs	jimfs	1.2	com.google.common.jimfs.PosixAttributeProvider_ESTest	com/google/common/jimfs	com/google/common/jimfs/File	incrementLinkCount	()V
mvnc	com/google/jimfs	jimfs	1.2	com.google.common.jimfs.PosixAttributeProvider_ESTest	com/google/common/jimfs	com/google/common/jimfs/File	getCreationTime	()J
mvnc	com/google/jimfs	jimfs	1.2	com.google.common.jimfs.PosixAttributeProvider_ESTest	com/google/common/jimfs	com/google/common/jimfs/File	getLastAccessTime	()J
mvnc	com/google/jimfs	jimfs	1.2	com.google.common.jimfs.PosixAttributeProvider_ESTest	com/google/common/jimfs	com/google/common/jimfs/File	getLastModifiedTime	()J
mvnc	com/google/jimfs	jimfs	1.2	com.google.common.jimfs.PosixAttributeProvider_ESTest	com/google/common/jimfs	com/google/common/jimfs/File	getAttribute	(Ljava/lang/String;Ljava/lang/String;)Ljava/lang/Object;
mvnc	com/google/jimfs	jimfs	1.2	com.google.common.jimfs.PosixAttributeProvider_ESTest	com/google/common/jimfs	com/google/common/jimfs/UnixPathType	<init>	()V
mvnc	com/google/jimfs	jimfs	1.2	com.google.common.jimfs.PosixAttributeProvider_ESTest	com/google/common/jimfs	com/google/common/jimfs/UnixPathType	parsePath	(Ljava/lang/String;)Lcom/google/common/jimfs/PathType$ParseResult;
mvnc	com/google/jimfs	jimfs	1.2	com.google.common.jimfs.PosixAttributeProvider_ESTest	com/google/common/jimfs	com/google/common/jimfs/UnixPathType	checkValid	(Ljava/lang/String;)V
mvnc	com/google/jimfs	jimfs	1.2	com.google.common.jimfs.PosixAttributeProvider_ESTest	com/google/common/jimfs	com/google/common/jimfs/UnixPathType	<clinit>	()V
mvnc	com/google/jimfs	jimfs	1.2	com.google.common.jimfs.PosixAttributeProvider_ESTest	com/google/common/jimfs	com/google/common/jimfs/UserLookupService	createUserPrincipal	(Ljava/lang/String;)Ljava/nio/file/attribute/UserPrincipal;
mvnc	com/google/jimfs	jimfs	1.2	com.google.common.jimfs.PosixAttributeProvider_ESTest	com/google/common/jimfs	com/google/common/jimfs/UserLookupService	createGroupPrincipal	(Ljava/lang/String;)Ljava/nio/file/attribute/GroupPrincipal;
mvnc	com/google/jimfs	jimfs	1.2	com.google.common.jimfs.PosixAttributeProvider_ESTest	com/google/common/jimfs	com/google/common/jimfs/Name	<init>	(Ljava/lang/String;Ljava/lang/String;)V
mvnc	com/google/jimfs	jimfs	1.2	com.google.common.jimfs.PosixAttributeProvider_ESTest	com/google/common/jimfs	com/google/common/jimfs/Name	hashCode	()I
mvnc	com/google/jimfs	jimfs	1.2	com.google.common.jimfs.PosixAttributeProvider_ESTest	com/google/common/jimfs	com/google/common/jimfs/Name	displayOrdering	()Lcom/google/common/collect/Ordering;
mvnc	com/google/jimfs	jimfs	1.2	com.google.common.jimfs.PosixAttributeProvider_ESTest	com/google/common/jimfs	com/google/common/jimfs/Name	canonicalOrdering	()Lcom/google/common/collect/Ordering;
mvnc	com/google/jimfs	jimfs	1.2	com.google.common.jimfs.PosixAttributeProvider_ESTest	com/google/common/jimfs	com/google/common/jimfs/Name	<clinit>	()V
mvnc	com/google/jimfs	jimfs	1.2	com.google.common.jimfs.PosixAttributeProvider_ESTest	com/google/common/jimfs	com/google/common/jimfs/Feature	<clinit>	()V
mvnc	com/google/jimfs	jimfs	1.2	com.google.common.jimfs.PosixAttributeProvider_ESTest	com/google/common/jimfs	com/google/common/jimfs/WindowsPathType	<init>	()V
mvnc	com/google/jimfs	jimfs	1.2	com.google.common.jimfs.PosixAttributeProvider_ESTest	com/google/common/jimfs	com/google/common/jimfs/WindowsPathType	parsePath	(Ljava/lang/String;)Lcom/google/common/jimfs/PathType$ParseResult;
mvnc	com/google/jimfs	jimfs	1.2	com.google.common.jimfs.PosixAttributeProvider_ESTest	com/google/common/jimfs	com/google/common/jimfs/WindowsPathType	parseDriveRoot	(Ljava/lang/String;)Ljava/lang/String;
mvnc	com/google/jimfs	jimfs	1.2	com.google.common.jimfs.PosixAttributeProvider_ESTest	com/google/common/jimfs	com/google/common/jimfs/WindowsPathType	isReserved	(C)Z
mvnc	com/google/jimfs	jimfs	1.2	com.google.common.jimfs.PosixAttributeProvider_ESTest	com/google/common/jimfs	com/google/common/jimfs/WindowsPathType	<clinit>	()V
mvnc	com/google/jimfs	jimfs	1.2	com.google.common.jimfs.PosixAttributeProvider_ESTest	com/google/common/jimfs	com/google/common/jimfs/FileFactory	<init>	(Lcom/google/common/jimfs/HeapDisk;)V
mvnc	com/google/jimfs	jimfs	1.2	com.google.common.jimfs.PosixAttributeProvider_ESTest	com/google/common/jimfs	com/google/common/jimfs/FileFactory	nextFileId	()I
mvnc	com/google/jimfs	jimfs	1.2	com.google.common.jimfs.PosixAttributeProvider_ESTest	com/google/common/jimfs	com/google/common/jimfs/FileFactory	createDirectory	()Lcom/google/common/jimfs/Directory;
mvnc	com/google/jimfs	jimfs	1.2	com.google.common.jimfs.PosixAttributeProvider_ESTest	com/google/common/jimfs	com/google/common/jimfs/PosixAttributeProvider	<init>	()V
mvnc	com/google/jimfs	jimfs	1.2	com.google.common.jimfs.PosixAttributeProvider_ESTest	com/google/common/jimfs	com/google/common/jimfs/PosixAttributeProvider	name	()Ljava/lang/String;
mvnc	com/google/jimfs	jimfs	1.2	com.google.common.jimfs.PosixAttributeProvider_ESTest	com/google/common/jimfs	com/google/common/jimfs/PosixAttributeProvider	inherits	()Lcom/google/common/collect/ImmutableSet;
mvnc	com/google/jimfs	jimfs	1.2	com.google.common.jimfs.PosixAttributeProvider_ESTest	com/google/common/jimfs	com/google/common/jimfs/PosixAttributeProvider	fixedAttributes	()Lcom/google/common/collect/ImmutableSet;
mvnc	com/google/jimfs	jimfs	1.2	com.google.common.jimfs.PosixAttributeProvider_ESTest	com/google/common/jimfs	com/google/common/jimfs/PosixAttributeProvider	defaultValues	(Ljava/util/Map;)Lcom/google/common/collect/ImmutableMap;
mvnc	com/google/jimfs	jimfs	1.2	com.google.common.jimfs.PosixAttributeProvider_ESTest	com/google/common/jimfs	com/google/common/jimfs/PosixAttributeProvider	get	(Lcom/google/common/jimfs/File;Ljava/lang/String;)Ljava/lang/Object;
mvnc	com/google/jimfs	jimfs	1.2	com.google.common.jimfs.PosixAttributeProvider_ESTest	com/google/common/jimfs	com/google/common/jimfs/PosixAttributeProvider	set	(Lcom/google/common/jimfs/File;Ljava/lang/String;Ljava/lang/String;Ljava/lang/Object;Z)V
mvnc	com/google/jimfs	jimfs	1.2	com.google.common.jimfs.PosixAttributeProvider_ESTest	com/google/common/jimfs	com/google/common/jimfs/PosixAttributeProvider	viewType	()Ljava/lang/Class;
mvnc	com/google/jimfs	jimfs	1.2	com.google.common.jimfs.PosixAttributeProvider_ESTest	com/google/common/jimfs	com/google/common/jimfs/PosixAttributeProvider	view	(Lcom/google/common/jimfs/FileLookup;Lcom/google/common/collect/ImmutableMap;)Ljava/nio/file/attribute/PosixFileAttributeView;
mvnc	com/google/jimfs	jimfs	1.2	com.google.common.jimfs.PosixAttributeProvider_ESTest	com/google/common/jimfs	com/google/common/jimfs/PosixAttributeProvider	attributesType	()Ljava/lang/Class;
mvnc	com/google/jimfs	jimfs	1.2	com.google.common.jimfs.PosixAttributeProvider_ESTest	com/google/common/jimfs	com/google/common/jimfs/PosixAttributeProvider	readAttributes	(Lcom/google/common/jimfs/File;)Ljava/nio/file/attribute/PosixFileAttributes;
mvnc	com/google/jimfs	jimfs	1.2	com.google.common.jimfs.PosixAttributeProvider_ESTest	com/google/common/jimfs	com/google/common/jimfs/PosixAttributeProvider	<clinit>	()V
mvnc	com/google/jimfs	jimfs	1.2	com.google.common.jimfs.PosixAttributeProvider_ESTest	com/google/common/jimfs	com/google/common/jimfs/FileSystemView$DeleteMode	<clinit>	()V
mvnc	com/google/jimfs	jimfs	1.2	com.google.common.jimfs.PosixAttributeProvider_ESTest	com/google/common/jimfs	com/google/common/jimfs/Configuration$UnixHolder	<clinit>	()V
mvnc	com/google/jimfs	jimfs	1.2	com.google.common.jimfs.PosixAttributeProvider_ESTest	com/google/common/jimfs	com/google/common/jimfs/HeapDisk	<init>	(Lcom/google/common/jimfs/Configuration;)V
mvnc	com/google/jimfs	jimfs	1.2	com.google.common.jimfs.PosixAttributeProvider_ESTest	com/google/common/jimfs	com/google/common/jimfs/HeapDisk	toBlockCount	(JI)I
mvnc	com/google/jimfs	jimfs	1.2	com.google.common.jimfs.PosixAttributeProvider_ESTest	com/google/common/jimfs	com/google/common/jimfs/HeapDisk	createBlockCache	(I)Lcom/google/common/jimfs/RegularFile;
mvnc	com/google/jimfs	jimfs	1.2	com.google.common.jimfs.PosixAttributeProvider_ESTest	com/google/common/jimfs	com/google/common/jimfs/BasicAttributeProvider	<init>	()V
mvnc	com/google/jimfs	jimfs	1.2	com.google.common.jimfs.PosixAttributeProvider_ESTest	com/google/common/jimfs	com/google/common/jimfs/BasicAttributeProvider	<clinit>	()V
mvnc	com/google/jimfs	jimfs	1.2	com.google.common.jimfs.PosixAttributeProvider_ESTest	com/google/common/jimfs	com/google/common/jimfs/UserLookupService$NamedPrincipal	<init>	(Ljava/lang/String;)V
mvnc	com/google/jimfs	jimfs	1.2	com.google.common.jimfs.PosixAttributeProvider_ESTest	com/google/common/jimfs	com/google/common/jimfs/AclAttributeProvider	<init>	()V
mvnc	com/google/jimfs	jimfs	1.2	com.google.common.jimfs.PosixAttributeProvider_ESTest	com/google/common/jimfs	com/google/common/jimfs/AclAttributeProvider	<clinit>	()V
